YEAR,PHASE,RESP_BAT_ID,BAT_FLD_CD,B_PA,B_AB,B_H,B_TB,B_2B,B_3B,B_HR,B_HR4,B_RBI,B_BB,B_IBB,B_SO,B_GDP,B_HP,B_SH,B_SF,B_XI
1976,L,alled101,3,12,9,2,2,0,0,0,0,0,3,0,2,0,0,0,0,0
1976,L,aloms101,11,1,1,0,0,0,0,0,0,0,0,0,0,0,0,0,0,0
1976,L,armbe101,11,1,0,0,0,0,0,0,0,0,0,0,0,0,0,1,0,0
1976,L,bencj101,2,13,12,4,8,1,0,1,0,1,1,0,2,1,0,0,0,0
1976,L,boonb001,2,9,7,2,2,0,0,0,0,1,1,0,0,0,0,1,0,0
1976,L,borbp101,1,2,2,0,0,0,0,0,0,0,0,0,2,0,0,0,0,0
1976,L,bowal001,6,11,8,1,2,1,0,0,0,1,3,0,0,0,0,0,0,0
1976,L,bretg001,5,21,18,8,14,1,1,1,0,5,2,0,1,1,0,0,1,0
1976,L,browo102,9,3,2,0,0,0,0,0,0,0,1,0,1,0,0,0,0,0
1976,L,carls001,1,2,2,0,0,0,0,0,0,0,0,0,0,0,0,0,0,0
1976,L,cashd101,4,14,13,4,5,1,0,0,0,1,0,0,0,1,0,0,1,0
1976,L,chamc001,3,22,21,11,20,1,1,2,0,8,0,0,1,1,0,0,1,0
1976,L,concd001,6,12,10,2,3,1,0,0,0,0,2,0,1,0,0,0,0,0
1976,L,cowea001,8,22,21,4,6,0,1,0,0,0,1,0,1,1,0,0,0,0
1976,L,dried001,11,1,1,0,0,0,0,0,0,0,0,0,0,0,0,0,0,0
1976,L,fostg001,7,13,12,2,8,0,0,2,0,4,0,0,4,0,0,0,1,0
1976,L,gambo001,9,9,7,2,3,1,0,0,0,1,1,0,1,0,0,1,0,0
1976,L,gambo001,11,1,1,0,0,0,0,0,0,0,0,0,0,0,0,0,0,0
1976,L,geroc101,8,12,11,2,4,0,1,0,0,2,1,0,3,0,0,0,0,0
1976,L,grifk001,9,15,13,5,7,0,1,0,0,2,2,0,1,0,0,0,0,0
1976,L,gulld101,1,4,4,2,3,1,0,0,0,3,0,0,0,0,0,0,0,0
1976,L,hende103,11,1,1,1,1,0,0,0,0,0,0,0,0,0,0,0,0,0
1976,L,huttt101,11,1,1,0,0,0,0,0,0,0,0,0,0,0,0,0,0,0
1976,L,johnj002,9,9,8,6,9,1,1,0,0,1,1,0,0,0,0,0,0,0
1976,L,johnj002,11,1,1,1,1,0,0,0,0,1,0,0,0,0,0,0,0,0
1976,L,kaatj101,1,3,2,1,1,0,0,0,0,0,0,0,0,0,0,1,0,0
1976,L,lonbj101,1,2,1,0,0,0,0,0,0,0,0,0,0,1,0,1,0,0
1976,L,lum-m101,11,1,1,0,0,0,0,0,0,0,0,0,0,0,0,0,0,0
1976,L,luzig001,7,12,11,3,8,2,0,1,0,3,1,0,4,0,0,0,0,0
1976,L,madde101,9,9,9,2,3,1,0,0,0,1,0,0,1,0,0,0,0,0
1976,L,maddg001,8,14,13,3,4,1,0,0,0,1,1,0,0,0,0,0,0,0
1976,L,martb001,2,16,15,5,5,0,0,0,0,4,1,0,3,0,0,0,0,0
1976,L,martj001,7,1,1,0,0,0,0,0,0,0,0,0,0,0,0,0,0,0
1976,L,may-c101,10,11,10,2,3,1,0,0,0,0,1,1,4,0,0,0,0,0
1976,L,maybj101,3,19,18,4,7,0,0,1,0,3,1,0,0,1,0,0,0,0
1976,L,mccat101,2,3,3,0,0,0,0,0,0,0,0,0,1,0,0,0,0,0
1976,L,mccat101,11,1,1,0,0,0,0,0,0,0,0,0,0,0,0,0,0,0
1976,L,mcrah001,9,7,7,2,5,1,1,0,0,0,0,0,1,0,0,0,0,0
1976,L,mcrah001,10,12,9,0,0,0,0,0,0,1,1,0,3,0,1,0,1,0
1976,L,morgj001,4,13,7,0,0,0,0,0,0,0,6,2,1,0,0,0,0,0
1976,L,munst101,2,23,23,10,12,2,0,0,0,3,0,0,1,1,0,0,0,0
1976,L,nelsd101,10,1,1,0,0,0,0,0,0,0,0,0,1,0,0,0,0,0
1976,L,nelsd101,11,1,1,0,0,0,0,0,0,0,0,0,0,0,0,0,0,0
1976,L,nettg001,5,20,17,4,11,1,0,2,0,4,3,0,3,0,0,0,0,0
1976,L,nolag101,1,1,0,0,0,0,0,0,0,0,1,0,0,0,0,0,0,0
1976,L,oatej101,2,1,1,0,0,0,0,0,0,0,0,0,0,0,0,0,0,0
1976,L,otisa001,8,1,1,0,0,0,0,0,0,0,0,0,0,0,0,0,0,0
1976,L,patef101,6,18,18,7,9,2,0,0,0,4,0,0,1,0,0,0,0,0
1976,L,peret001,3,13,10,2,2,0,0,0,0,4,1,0,2,0,0,0,2,0
1976,L,pinil001,10,10,10,3,4,1,0,0,0,0,0,0,1,0,0,0,0,0
1976,L,pinil001,11,1,1,0,0,0,0,0,0,0,0,0,0,0,0,0,0,0
1976,L,poqut101,7,7,6,0,0,0,0,0,0,0,1,0,1,0,0,0,0,0
1976,L,poqut101,9,11,10,3,5,2,0,0,0,4,1,0,2,0,0,0,0,0
1976,L,quirj001,10,7,6,1,3,0,1,0,0,2,0,0,1,0,0,0,1,0
1976,L,quirj001,11,1,1,0,0,0,0,0,0,0,0,0,1,0,0,0,0,0
1976,L,randw001,4,20,17,2,2,0,0,0,0,1,3,0,1,2,0,0,0,0
1976,L,reedr001,1,1,1,0,0,0,0,0,0,0,0,0,0,0,0,0,0,0
1976,L,rivem001,8,24,23,8,10,0,1,0,0,0,1,0,1,0,0,0,0,0
1976,L,rojac101,4,8,7,3,3,0,0,0,0,1,0,0,0,0,0,0,1,0
1976,L,rojac101,11,2,2,0,0,0,0,0,0,0,0,0,0,0,0,0,0,0
1976,L,rosep001,5,15,14,6,10,2,1,0,0,2,1,1,0,0,0,0,0,0
1976,L,sarmm101,1,1,1,0,0,0,0,0,0,0,0,0,0,0,0,0,0,0
1976,L,schmm001,5,14,13,4,6,2,0,0,0,2,0,0,2,0,0,0,1,0
1976,L,stanf101,6,17,15,5,7,2,0,0,0,0,2,0,0,0,0,0,0,0
1976,L,stinb101,11,1,1,0,0,0,0,0,0,0,0,0,0,0,0,0,0,0
1976,L,tolab101,7,1,0,0,0,0,0,0,0,0,1,1,0,0,0,0,0,0
1976,L,tolab101,11,2,2,0,0,0,0,0,0,0,0,0,0,0,0,0,0,0
1976,L,veleo101,11,1,1,0,0,0,0,0,0,0,0,0,0,0,0,0,0,0
1976,L,whitf001,4,8,8,1,1,0,0,0,0,0,0,0,1,0,0,0,0,0
1976,L,whitr101,7,23,17,5,8,3,0,0,0,3,5,0,1,0,0,1,0,0
1976,L,wohlj001,7,13,10,1,1,0,0,0,0,0,3,0,1,0,0,0,0,0
1976,L,wohlj001,11,2,2,1,1,0,0,0,0,0,0,0,0,0,0,0,0,0
1976,L,zachp001,1,1,1,0,0,0,0,0,0,0,0,0,0,0,0,0,0,0
1976,R,aaroh101,7,1,1,0,0,0,0,0,0,0,0,0,0,0,0,0,0,0
1976,R,aaroh101,10,296,262,60,98,8,0,10,0,33,32,0,37,8,0,0,2,0
1976,R,aaroh101,11,11,8,2,2,0,0,0,0,2,3,1,1,0,0,0,0,0
1976,R,adamg101,7,12,12,4,4,0,0,0,0,0,0,0,0,1,0,0,0,0
1976,R,adamg101,9,3,3,1,2,1,0,0,0,0,0,0,1,0,0,0,0,0
1976,R,adamg101,11,60,59,13,16,3,0,0,0,3,1,0,11,3,0,0,0,0
1976,R,adamm102,4,1,1,1,1,0,0,0,0,1,0,0,0,0,0,0,0,0
1976,R,adamm102,5,5,3,0,0,0,0,0,0,0,1,0,0,0,1,0,0,0
1976,R,adamm102,7,3,3,1,1,0,0,0,0,0,0,0,1,0,0,0,0,0
1976,R,adamm102,9,8,6,1,2,1,0,0,0,1,2,0,1,0,0,0,0,0
1976,R,adamm102,11,21,16,1,2,1,0,0,0,0,5,0,5,0,0,0,0,0
1976,R,alcas101,1,50,43,6,7,1,0,0,0,2,2,0,26,0,0,5,0,0
1976,R,alexg101,2,84,73,13,22,1,1,2,0,7,10,1,16,1,0,0,1,0
1976,R,alexm101,7,4,4,0,0,0,0,0,0,0,0,0,3,0,0,0,0,0
1976,R,alexm101,8,5,5,0,0,0,0,0,0,0,0,0,1,0,0,0,0,0
1976,R,alexm101,9,16,16,1,1,0,0,0,0,0,0,0,1,0,0,0,0,0
1976,R,alexm101,10,3,3,0,0,0,0,0,0,0,0,0,0,0,0,0,0,0
1976,R,alexm101,11,2,2,0,0,0,0,0,0,0,0,0,0,0,0,0,0,0
1976,R,alled101,3,337,296,79,142,16,1,15,1,49,37,2,62,13,0,1,3,0
1976,R,alled101,11,2,2,1,1,0,0,0,0,0,0,0,1,0,0,0,0,0
1976,R,almob001,6,60,57,14,20,3,0,1,0,6,2,0,9,0,0,1,0,0
1976,R,aloms101,3,1,1,0,0,0,0,0,0,0,0,0,0,0,0,0,0,0
1976,R,aloms101,4,133,124,31,37,3,0,1,0,7,7,0,11,1,0,2,0,0
1976,R,aloms101,5,8,6,3,3,0,0,0,0,1,2,0,0,0,0,0,0,0
1976,R,aloms101,6,8,8,0,0,0,0,0,0,0,0,0,1,1,0,0,0,0
1976,R,aloms101,9,1,1,0,0,0,0,0,0,0,0,0,0,0,0,0,0,0
1976,R,aloms101,10,24,20,4,5,1,0,0,0,2,4,0,1,0,0,0,0,0
1976,R,aloms101,11,3,3,1,1,0,0,0,0,0,0,0,0,0,0,0,0,0
1976,R,alval101,4,45,42,12,13,1,0,0,0,3,3,1,6,0,0,0,0,0
1976,R,alvao102,7,33,33,6,10,1,0,1,0,4,0,0,1,0,0,0,0,0
1976,R,alvao102,10,5,5,1,4,0,0,1,0,3,0,0,0,0,0,0,0,0
1976,R,alvao102,11,4,4,0,0,0,0,0,0,1,0,0,2,0,0,0,0,0
1976,R,andem101,3,14,14,4,5,1,0,0,0,0,0,0,5,0,0,0,0,0
1976,R,andem101,7,69,56,20,26,4,1,0,0,5,10,1,4,2,0,0,3,0
1976,R,andem101,8,9,7,2,2,0,0,0,0,0,2,0,0,0,0,0,0,0
1976,R,andem101,9,112,101,25,30,2,0,1,0,5,10,2,16,2,0,1,0,0
1976,R,andem101,11,26,21,7,8,1,0,0,0,2,4,1,5,1,1,0,0,0
1976,R,andrf101,4,9,6,4,4,0,0,0,0,0,2,0,0,0,1,0,0,0
1976,R,andrr101,4,448,409,105,123,8,5,0,0,23,33,1,27,16,0,5,0,1
1976,R,andrr101,6,1,1,0,0,0,0,0,0,0,0,0,0,0,0,0,0,0
1976,R,anduj001,1,61,57,8,9,1,0,0,0,1,2,0,29,0,0,2,0,0
1976,R,apodb101,1,17,15,2,3,1,0,0,0,0,1,0,3,2,0,1,0,0
1976,R,apodb101,11,1,1,0,0,0,0,0,0,0,0,0,0,0,0,0,0,0
1976,R,armat001,8,4,4,2,2,0,0,0,0,1,0,0,1,0,0,0,0,0
1976,R,armat001,11,2,2,0,0,0,0,0,0,0,0,0,1,0,0,0,0,0
1976,R,armbe101,7,27,25,9,13,0,2,0,0,3,2,0,3,0,0,0,0,0
1976,R,armbe101,9,29,26,7,14,1,0,2,0,4,1,0,8,0,0,1,1,0
1976,R,armbe101,11,34,27,7,9,2,0,0,0,0,3,0,11,0,0,4,0,0
1976,R,arnoc101,3,3,3,0,0,0,0,0,0,0,0,0,0,0,0,0,0,0
1976,R,arnoc101,4,16,15,3,3,0,0,0,0,0,1,0,1,1,0,0,0,0
1976,R,arnoc101,5,5,5,0,0,0,0,0,0,0,0,0,3,0,0,0,0,0
1976,R,arnoc101,6,1,1,0,0,0,0,0,0,0,0,0,1,0,0,0,0,0
1976,R,arnoc101,11,51,45,12,14,0,1,0,0,5,5,1,11,3,0,0,1,0
1976,R,ashba001,2,277,241,59,78,5,1,4,0,32,27,4,47,5,0,6,3,0
1976,R,ashba001,3,1,1,0,0,0,0,0,0,0,0,0,0,1,0,0,0,0
1976,R,ashba001,11,5,5,0,0,0,0,0,0,0,0,0,2,0,0,0,0,0
1976,R,ashft001,5,4,3,2,2,0,0,0,0,0,1,0,0,0,0,0,0,0
1976,R,ashft001,11,2,2,1,2,1,0,0,0,0,0,0,0,0,0,0,0,0
1976,R,asseb101,8,26,25,6,9,0,0,1,0,2,0,0,2,0,0,1,0,0
1976,R,asseb101,9,8,6,1,1,0,0,0,0,1,1,0,0,0,0,0,1,0
1976,R,asseb101,11,2,2,0,0,0,0,0,0,0,0,0,0,0,0,0,0,0
1976,R,auerr101,4,18,17,3,3,0,0,0,0,1,1,0,4,0,0,0,0,0
1976,R,auerr101,5,2,2,0,0,0,0,0,0,0,0,0,0,0,0,0,0,0
1976,R,auerr101,6,30,25,3,3,0,0,0,0,0,5,0,1,3,0,0,0,0
1976,R,auerr101,11,3,3,0,0,0,0,0,0,0,0,0,1,0,0,0,0,0
1976,R,aultd101,3,8,8,3,4,1,0,0,0,0,0,0,1,0,0,0,0,0
1976,R,aultd101,10,11,10,2,2,0,0,0,0,0,1,0,2,0,0,0,0,0
1976,R,aultd101,11,2,2,1,1,0,0,0,0,0,0,0,0,0,0,0,0,0
1976,R,autra101,1,2,2,0,0,0,0,0,0,0,0,0,1,0,0,0,0,0
1976,R,ayalb001,7,8,7,1,1,0,0,0,0,0,1,0,1,0,0,0,0,0
1976,R,ayalb001,9,4,4,0,0,0,0,0,0,0,0,0,0,0,0,0,0,0
1976,R,ayalb001,11,16,15,2,5,0,0,1,0,2,1,0,5,0,0,0,0,0
1976,R,bailb001,10,7,6,2,4,0,1,0,0,0,0,0,0,0,0,1,0,0
1976,R,bailb103,5,21,16,4,7,0,0,1,0,4,5,0,5,2,0,0,0,0
1976,R,bailb103,7,92,81,23,46,6,1,5,0,14,10,1,16,5,0,0,1,0
1976,R,bailb103,11,28,27,10,10,0,0,0,0,5,1,0,5,0,0,0,0,0
1976,R,baked002,8,344,315,79,98,10,0,3,0,32,26,3,45,13,1,0,2,0
1976,R,baked002,9,68,60,10,15,2,0,1,0,6,5,0,9,2,0,1,2,0
1976,R,baked002,11,9,9,4,5,1,0,0,0,1,0,0,0,0,0,0,0,0
1976,R,bakej103,3,18,16,3,6,0,0,1,0,2,1,0,4,1,0,0,1,0
1976,R,bakej103,10,3,3,0,0,0,0,0,0,0,0,0,1,0,0,0,0,0
1976,R,bakej103,11,4,4,0,0,0,0,0,0,0,0,0,0,0,0,0,0,0
1976,R,baldb101,7,12,11,4,7,1,1,0,0,3,1,0,0,0,0,0,0,0
1976,R,baldb101,9,8,8,1,1,0,0,0,0,0,0,0,1,0,0,0,0,0
1976,R,baldb101,11,4,3,1,4,0,0,1,0,2,0,0,1,0,0,0,1,0
1976,R,baldr101,1,3,3,1,1,0,0,0,0,0,0,0,2,0,0,0,0,0
1976,R,bands101,5,632,543,131,234,18,2,27,0,83,75,1,73,7,4,7,3,0
1976,R,bands101,6,4,4,1,1,0,0,0,0,1,0,0,0,0,0,0,0,0
1976,R,bands101,10,3,2,0,0,0,0,0,0,0,1,0,1,0,0,0,0,0
1976,R,bands101,11,1,1,0,0,0,0,0,0,0,0,0,0,0,0,0,0,0
1976,R,banna001,4,8,5,0,0,0,0,0,0,0,2,0,1,0,0,1,0,0
1976,R,banna001,6,34,31,5,7,0,1,0,0,1,3,0,5,0,0,0,0,0
1976,R,banna001,7,72,64,18,24,4,1,0,0,5,6,1,10,0,1,0,1,0
1976,R,banna001,8,28,25,6,7,1,0,0,0,1,3,0,3,0,0,0,0,0
1976,R,banna001,9,18,15,5,6,1,0,0,0,1,0,0,1,0,0,3,0,0
1976,R,banna001,10,1,1,1,1,0,0,0,0,0,0,0,0,0,0,0,0,0
1976,R,banna001,11,4,4,1,1,0,0,0,0,0,0,0,1,0,0,0,0,0
1976,R,barlm101,1,3,3,0,0,0,0,0,0,0,0,0,1,1,0,0,0,0
1976,R,barrj101,1,92,74,12,18,2,2,0,0,9,4,0,21,0,1,12,1,0
1976,R,bayld001,3,274,237,53,80,7,1,6,0,25,27,1,27,4,7,0,3,0
1976,R,bayld001,7,113,99,22,37,3,0,4,0,10,10,1,12,3,2,0,2,0
1976,R,bayld001,8,5,3,2,2,0,0,0,0,1,1,0,0,0,0,0,1,0
1976,R,bayld001,9,200,172,45,69,12,0,4,0,21,15,1,20,4,10,1,2,0
1976,R,bayld001,10,93,84,25,31,3,0,1,0,11,5,1,13,0,1,0,3,0
1976,R,bearm101,1,1,1,0,0,0,0,0,0,0,0,0,1,0,0,0,0,0
1976,R,belam101,6,588,521,141,170,22,2,1,0,40,51,0,63,6,2,11,3,0
1976,R,belam101,11,1,1,0,0,0,0,0,0,0,0,0,1,0,0,0,0,0
1976,R,bellb001,3,4,4,0,0,0,0,0,0,0,0,0,0,0,0,0,0,0
1976,R,bellb001,5,656,599,169,219,25,2,7,0,58,44,3,49,12,2,5,6,0
1976,R,bellb001,11,1,1,1,2,1,0,0,0,2,0,0,0,0,0,0,0,0
1976,R,bellk101,5,256,229,57,91,7,6,5,1,20,18,0,56,3,1,5,3,0
1976,R,bellk101,10,1,1,0,0,0,0,0,0,0,0,0,0,0,0,0,0,0
1976,R,bellr102,4,20,16,3,3,0,0,0,0,1,1,0,1,0,0,3,0,0
1976,R,bellr102,5,27,25,7,9,2,0,0,0,2,2,1,1,0,0,0,0,0
1976,R,bellr102,6,19,17,2,2,0,0,0,0,1,2,0,3,0,0,0,0,0
1976,R,bellr102,11,3,2,0,0,0,0,0,0,0,0,0,2,0,0,1,0,0
1976,R,bencj101,2,528,445,106,179,23,1,16,0,73,77,6,90,9,2,0,4,0
1976,R,bencj101,7,15,12,2,2,0,0,0,0,0,3,0,4,0,0,0,0,0
1976,R,bencj101,11,9,8,1,2,1,0,0,0,1,1,0,1,0,0,0,0,0
1976,R,benij001,4,1,1,1,1,0,0,0,0,0,0,0,0,0,0,0,0,0
1976,R,benij001,8,520,473,121,143,14,4,0,0,33,38,1,54,11,3,5,1,0
1976,R,benij001,11,5,4,0,0,0,0,0,0,0,1,0,2,0,0,0,0,0
1976,R,bernj101,5,3,3,0,0,0,0,0,0,0,0,0,1,0,0,0,0,0
1976,R,bernj101,7,1,1,0,0,0,0,0,0,0,0,0,0,0,0,0,0,0
1976,R,bernj101,9,8,8,3,4,1,0,0,0,1,0,0,1,0,0,0,0,0
1976,R,bernj101,10,6,6,1,1,0,0,0,0,0,0,0,1,0,0,0,0,0
1976,R,bernj101,11,3,3,0,0,0,0,0,0,0,0,0,1,0,0,0,0,0
1976,R,bevak001,4,3,3,1,1,0,0,0,0,0,0,0,0,0,0,0,0,0
1976,R,bevak001,10,2,2,0,0,0,0,0,0,0,0,0,0,0,0,0,0,0
1976,R,bevak001,11,2,2,0,0,0,0,0,0,0,0,0,0,0,0,0,0,0
1976,R,biitl101,3,101,94,24,30,6,0,0,0,6,5,1,4,2,0,2,0,0
1976,R,biitl101,7,75,71,17,22,5,0,0,0,6,4,2,2,2,0,0,0,0
1976,R,biitl101,9,28,27,6,10,2,1,0,0,4,0,0,1,2,1,0,0,0
1976,R,biitl101,11,33,32,6,7,1,0,0,0,2,1,0,2,0,0,0,0,0
1976,R,billj101,1,70,59,14,17,3,0,0,0,4,3,0,12,1,0,8,0,0
1976,R,blact101,2,6,6,1,1,0,0,0,0,1,0,0,1,0,0,0,0,0
1976,R,blact101,11,2,2,1,1,0,0,0,0,0,0,0,0,0,0,0,0,0
1976,R,blaid101,1,4,4,0,0,0,0,0,0,0,0,0,2,1,0,0,0,0
1976,R,blaip101,8,400,363,72,97,16,0,3,0,14,22,2,47,14,2,13,0,0
1976,R,blaip101,11,13,12,2,2,0,0,0,0,2,0,0,2,0,0,0,1,0
1976,R,blanl101,4,176,156,53,79,4,5,4,0,22,13,0,10,8,0,5,2,0
1976,R,blanl101,5,4,4,1,2,1,0,0,0,0,0,0,1,0,0,0,0,0
1976,R,blanl101,6,171,150,33,42,2,2,1,0,15,15,0,16,6,0,4,2,0
1976,R,blanl101,10,7,6,2,2,0,0,0,0,0,1,0,2,0,0,0,0,0
1976,R,blanl101,11,13,12,3,4,1,0,0,0,4,1,0,2,1,0,0,0,0
1976,R,blomr101,10,2,2,0,0,0,0,0,0,0,0,0,0,0,0,0,0,0
1976,R,bochb001,3,223,191,51,57,6,0,0,0,22,28,4,21,4,1,2,1,0
1976,R,bochb001,7,249,215,50,57,5,1,0,0,14,28,7,21,5,0,3,3,0
1976,R,bochb001,9,63,53,16,28,6,0,2,0,12,7,0,10,3,1,1,1,0
1976,R,bochb001,10,1,1,0,0,0,0,0,0,0,0,0,1,0,0,0,0,0
1976,R,bochb001,11,7,6,3,3,0,0,0,0,1,1,0,0,0,0,0,0,0
1976,R,boisb101,7,71,65,18,20,2,0,0,0,4,4,2,10,1,0,2,0,0
1976,R,boisb101,8,167,147,41,56,8,2,1,0,7,19,1,33,1,0,1,0,0
1976,R,boisb101,9,59,53,11,11,0,0,0,0,1,3,2,9,1,0,3,0,0
1976,R,boisb101,11,23,21,12,20,3,1,1,0,1,2,0,3,0,0,0,0,0
1976,R,bondb101,8,3,2,0,0,0,0,0,0,0,1,0,0,0,0,0,0,0
1976,R,bondb101,9,419,372,100,146,10,3,10,1,54,39,6,89,6,3,0,5,0
1976,R,bondb101,10,4,3,0,0,0,0,0,0,0,1,0,1,0,0,0,0,0
1976,R,bondb101,11,1,1,0,0,0,0,0,0,0,0,0,0,0,0,0,0,0
1976,R,bonhb101,1,74,65,13,17,4,0,0,0,2,2,0,15,1,0,7,0,0
1976,R,boonb001,2,392,336,91,122,15,2,4,1,50,45,14,43,10,1,4,6,0
1976,R,boonb001,3,14,13,3,5,2,0,0,0,3,0,0,1,0,0,0,1,0
1976,R,boonb001,11,12,12,4,5,1,0,0,0,1,0,0,0,0,0,0,0,0
1976,R,borbp101,1,19,17,4,4,0,0,0,0,0,0,0,4,0,0,2,0,0
1976,R,borbp101,11,1,1,0,0,0,0,0,0,0,0,0,0,0,0,0,0,0
1976,R,borgg101,2,84,64,15,21,3,0,1,0,6,19,0,7,2,0,1,0,0
1976,R,borgg101,11,1,1,1,1,0,0,0,0,0,0,0,0,0,0,0,0,0
1976,R,boser101,8,19,17,5,6,1,0,0,0,0,1,0,3,1,0,1,0,0
1976,R,boser101,11,1,1,0,0,0,0,0,0,0,0,0,0,0,0,0,0,0
1976,R,bostl101,8,495,456,146,196,20,9,4,0,58,29,4,35,15,1,3,6,0
1976,R,bostl101,9,10,9,3,3,0,0,0,0,0,1,0,1,0,0,0,0,0
1976,R,bostl101,11,12,9,4,5,1,0,0,0,2,3,1,1,0,0,0,0,0
1976,R,boswk101,4,2,2,0,0,0,0,0,0,0,0,0,0,0,0,0,0,0
1976,R,boswk101,5,60,59,13,15,2,0,0,0,6,0,0,5,4,0,1,0,0
1976,R,boswk101,11,75,65,20,28,6,1,0,0,12,8,2,3,4,0,0,2,0
1976,R,bowal001,6,672,624,155,188,15,9,0,0,49,32,3,31,11,0,11,5,0
1976,R,bowls101,8,42,40,6,7,1,0,0,0,2,2,0,5,0,0,0,0,0
1976,R,bowls101,10,1,1,0,0,0,0,0,0,0,0,0,0,0,0,0,0,0
1976,R,bowls101,11,1,1,1,2,1,0,0,0,0,0,0,0,0,0,0,0,0
1976,R,bradb105,9,167,148,32,50,4,1,4,0,14,15,1,36,0,2,2,0,0
1976,R,bradb105,10,10,8,3,6,1,1,0,0,0,2,1,1,0,0,0,0,0
1976,R,bradb105,11,7,4,0,0,0,0,0,0,0,3,0,0,0,0,0,0,0
1976,R,braus001,5,57,50,15,19,2,1,0,0,7,6,0,5,0,0,1,0,0
1976,R,braus001,7,119,100,29,34,2,0,1,0,12,18,0,8,0,0,0,1,0
1976,R,braus001,9,10,8,2,2,0,0,0,0,0,1,0,0,0,0,1,0,0
1976,R,braus001,10,299,254,71,87,8,1,2,0,39,41,2,30,5,1,0,3,0
1976,R,braus001,11,6,5,3,5,0,1,0,0,3,1,0,0,0,0,0,0,0
1976,R,bretg001,5,692,632,214,297,34,14,7,0,66,49,4,35,8,1,2,8,0
1976,R,bretg001,6,13,13,1,1,0,0,0,0,1,0,0,1,0,0,0,0,0
1976,R,bretk101,1,6,6,0,0,0,0,0,0,0,0,0,0,0,0,0,0,0
1976,R,bretk101,11,6,6,1,1,0,0,0,0,0,0,0,1,1,0,0,0,0
1976,R,brigd101,3,123,113,23,35,7,1,1,0,6,7,2,21,3,0,1,2,0
1976,R,brigd101,8,117,112,26,33,5,1,0,0,7,4,1,23,3,0,1,0,0
1976,R,brigd101,9,23,20,3,4,1,0,0,0,1,2,0,3,1,1,0,0,0
1976,R,brigd101,11,3,3,1,1,0,0,0,0,0,0,0,0,0,0,0,0,0
1976,R,brocl102,7,532,486,147,193,24,5,4,0,65,35,7,73,18,1,4,6,0
1976,R,brocl102,11,12,12,3,3,0,0,0,0,2,0,0,2,1,0,0,0,0
1976,R,brohj101,4,409,350,89,126,12,2,7,0,39,42,9,28,9,3,6,8,0
1976,R,brohj101,11,5,4,0,0,0,0,0,0,1,1,0,0,0,0,0,0,0
1976,R,browl103,7,5,4,1,1,0,0,0,0,0,1,0,0,0,0,0,0,0
1976,R,browl103,8,59,57,12,14,2,0,0,0,2,2,0,1,2,0,0,0,0
1976,R,browl103,9,1,1,0,0,0,0,0,0,0,0,0,1,0,0,0,0,0
1976,R,browl103,11,9,8,2,3,1,0,0,0,0,1,0,2,1,0,0,0,0
1976,R,browo102,7,21,16,4,5,1,0,0,0,1,5,1,3,0,0,0,0,0
1976,R,browo102,9,192,167,41,64,9,1,4,1,21,22,1,23,1,0,1,2,0
1976,R,browo102,11,34,26,8,11,0,0,1,0,8,6,3,7,0,0,0,2,0
1976,R,bryes101,7,25,25,4,5,1,0,0,0,2,0,0,7,1,0,0,0,0
1976,R,bryes101,8,205,186,53,63,7,0,1,0,18,11,0,19,4,0,4,4,0
1976,R,bryes101,9,30,30,7,12,2,0,1,0,2,0,0,2,2,0,0,0,0
1976,R,bryes101,10,5,5,2,2,0,0,0,0,0,0,0,0,0,0,0,0,0
1976,R,bryes101,11,14,12,2,3,1,0,0,0,1,2,0,3,0,0,0,0,0
1976,R,buckb001,3,1,1,0,0,0,0,0,0,0,0,0,0,0,0,0,0,0
1976,R,buckb001,7,662,625,191,248,28,4,7,0,59,25,5,23,8,1,6,5,0
1976,R,buckb001,9,15,14,1,1,0,0,0,0,0,1,1,2,0,0,0,0,0
1976,R,buckb001,11,2,2,1,1,0,0,0,0,1,0,0,1,0,0,0,0,0
1976,R,bumba001,7,252,224,57,89,8,6,4,0,19,25,0,42,3,1,1,1,0
1976,R,bumba001,8,201,188,46,65,7,0,4,0,14,12,1,25,4,0,0,1,0
1976,R,bumba001,10,40,34,9,14,0,1,1,0,3,4,1,8,0,0,1,1,0
1976,R,bumba001,11,6,4,1,1,0,0,0,0,0,2,0,1,0,0,0,0,0
1976,R,burkg101,7,9,8,4,4,0,0,0,0,1,1,0,2,0,0,0,0,0
1976,R,burkg101,8,41,37,7,9,2,0,0,0,4,2,0,6,1,1,1,0,0
1976,R,burkg101,11,1,1,0,0,0,0,0,0,0,0,0,0,0,0,0,0,0
1976,R,burlr001,6,616,540,157,207,27,1,7,0,42,60,2,37,15,5,8,3,0
1976,R,burrj001,9,670,597,142,222,22,2,18,0,86,66,4,92,22,2,1,4,0
1976,R,burrj001,10,11,7,1,1,0,0,0,0,0,3,0,1,0,0,1,0,0
1976,R,burrr001,1,91,81,9,9,0,0,0,0,1,1,0,28,1,0,8,1,0
1976,R,cabee001,5,621,585,160,193,13,7,2,0,43,29,1,79,13,2,3,2,0
1976,R,cabee001,11,1,1,0,0,0,0,0,0,0,0,0,0,0,0,0,0,0
1976,R,caldm001,1,20,19,3,4,1,0,0,0,0,0,0,4,0,0,1,0,0
1976,R,campb101,6,631,536,137,156,14,1,1,0,52,63,0,80,4,3,18,11,0
1976,R,campr001,1,2,2,0,0,0,0,0,0,0,0,0,1,0,0,0,0,0
1976,R,candj001,1,88,76,14,18,2,1,0,0,5,7,0,17,4,0,5,0,0
1976,R,carbb101,7,6,3,1,1,0,0,0,0,0,2,1,1,0,0,1,0,0
1976,R,carbb101,9,113,95,27,42,6,0,3,0,12,17,2,21,3,0,1,0,0
1976,R,carbb101,10,147,128,26,37,5,0,2,0,9,18,1,47,2,0,1,0,0
1976,R,carbb101,11,16,12,2,2,0,0,0,0,0,4,0,3,0,0,0,0,0
1976,R,cardj101,7,546,508,152,205,25,2,8,0,45,32,0,37,5,1,3,2,0
1976,R,cardj101,9,3,3,2,2,0,0,0,0,0,0,0,0,0,0,0,0,0
1976,R,cardj101,11,11,10,2,2,0,0,0,0,2,0,0,2,0,0,0,1,0
1976,R,carer001,3,675,596,196,271,29,11,8,2,82,64,12,50,12,1,8,6,0
1976,R,carer001,4,7,4,1,1,0,0,0,0,1,3,2,1,0,0,0,0,0
1976,R,carer001,11,5,5,3,8,0,1,1,1,7,0,0,1,0,0,0,0,0
1976,R,carls001,1,103,92,20,21,1,0,0,0,6,1,0,24,1,2,7,0,1
1976,R,carrd104,1,40,37,4,6,0,1,0,0,0,0,0,13,1,0,3,0,0
1976,R,cartg001,2,222,202,42,63,4,1,5,0,25,18,2,24,4,1,0,1,0
1976,R,cartg001,7,7,7,2,2,0,0,0,0,0,0,0,0,0,0,0,0,0
1976,R,cartg001,9,116,100,24,31,4,0,1,0,13,12,0,18,3,0,2,2,0
1976,R,cartg001,11,2,2,0,0,0,0,0,0,0,0,0,1,0,0,0,0,0
1976,R,cartr101,3,48,39,9,11,2,0,0,0,2,9,1,2,1,0,0,0,0
1976,R,cartr101,7,4,4,0,0,0,0,0,0,0,0,0,0,0,0,0,0,0
1976,R,cartr101,10,574,508,161,231,31,0,13,0,78,57,7,43,17,0,0,9,0
1976,R,cartr101,11,2,1,1,2,1,0,0,0,3,1,1,0,0,0,0,0,0
1976,R,cashd101,4,724,665,189,230,14,12,1,0,56,52,3,13,15,2,1,4,0
1976,R,cashd101,11,3,1,0,0,0,0,0,0,0,2,0,0,0,0,0,0,0
1976,R,cedec001,8,630,571,171,261,26,5,18,0,83,54,9,51,15,1,0,4,0
1976,R,cedec001,11,5,4,0,0,0,0,0,0,0,1,0,0,1,0,0,0,0
1976,R,ceror001,2,14,14,2,2,0,0,0,0,1,0,0,1,0,0,0,0,0
1976,R,ceror001,10,2,2,0,0,0,0,0,0,0,0,0,1,0,0,0,0,0
1976,R,cey-r001,5,599,501,139,232,18,3,23,1,80,89,13,74,11,3,2,4,0
1976,R,cey-r001,11,1,1,0,0,0,0,0,0,0,0,0,0,0,0,0,0,0
1976,R,chald101,5,166,144,37,46,7,1,0,0,11,15,1,26,4,2,4,1,0
1976,R,chald101,6,346,294,58,65,7,0,0,0,22,34,2,36,12,8,8,2,0
1976,R,chald101,11,0,0,0,0,0,0,0,0,0,0,0,0,0,0,0,0,0
1976,R,chamc001,3,672,637,187,282,32,6,17,1,96,27,1,80,11,3,1,3,1
1976,R,chamc001,10,4,4,1,1,0,0,0,0,0,0,0,0,0,0,0,0,0
1976,R,chamm101,4,40,38,9,14,2,0,1,0,2,1,0,3,1,0,1,0,0
1976,R,chanc101,7,5,5,2,2,0,0,0,0,0,0,0,1,0,0,0,0,0
1976,R,chanc101,8,1,1,0,0,0,0,0,0,0,0,0,0,0,0,0,0,0
1976,R,chanc101,9,7,7,0,0,0,0,0,0,0,0,0,3,0,0,0,0,0
1976,R,chanc101,11,1,1,0,0,0,0,0,0,0,0,0,0,0,0,0,0,0
1976,R,chand101,4,1,0,0,0,0,0,0,0,0,1,0,0,0,0,0,0,0
1976,R,chand101,6,559,492,123,162,20,8,1,0,50,53,7,92,9,1,8,5,0
1976,R,chand101,11,4,4,2,2,0,0,0,0,0,0,0,0,0,0,0,0,0
1976,R,chilr101,11,4,4,2,3,1,0,0,0,0,0,0,0,0,0,0,0,0
1976,R,chril101,1,60,51,10,20,4,0,2,0,9,3,0,28,0,0,6,0,0
1976,R,clard105,4,2,2,0,0,0,0,0,0,0,0,0,0,0,0,0,0,0
1976,R,clard105,11,2,2,1,4,0,0,1,0,2,0,0,1,0,0,0,0,0
1976,R,clarj001,7,7,3,0,0,0,0,0,0,2,2,0,0,0,0,0,2,0
1976,R,clarj001,8,86,78,20,35,5,2,2,0,8,6,0,12,0,0,2,0,0
1976,R,clarj001,9,22,21,3,4,1,0,0,0,0,0,0,6,0,0,1,0,0
1976,R,cling101,7,418,389,104,120,12,2,0,0,33,13,0,45,15,4,9,3,0
1976,R,cling101,8,15,15,6,8,0,1,0,0,0,0,0,2,1,0,0,0,0
1976,R,cling101,10,39,36,10,10,0,0,0,0,3,2,0,3,1,0,1,0,0
1976,R,cling101,11,8,6,3,3,0,0,0,0,2,1,0,2,0,0,0,1,0
1976,R,coggr101,7,20,18,3,3,0,0,0,0,1,1,0,5,0,0,1,0,0
1976,R,coggr101,8,6,6,1,1,0,0,0,0,1,0,0,0,1,0,0,0,0
1976,R,coggr101,9,76,70,11,13,2,0,0,0,4,5,0,10,0,0,1,0,0
1976,R,coggr101,10,1,1,0,0,0,0,0,0,0,0,0,0,0,0,0,0,0
1976,R,coggr101,11,5,5,1,1,0,0,0,0,0,0,0,1,0,0,0,0,0
1976,R,colbn101,3,25,19,2,5,0,0,1,0,3,6,1,8,0,0,0,0,0
1976,R,colbn101,7,21,19,5,10,2,0,1,0,3,2,0,7,0,0,0,0,0
1976,R,colbn101,10,6,5,0,0,0,0,0,0,0,1,1,3,0,0,0,0,0
1976,R,colbn101,11,3,2,1,1,0,0,0,0,0,1,0,1,0,0,0,0,0
1976,R,colej102,1,13,13,2,2,0,0,0,0,0,0,0,4,0,0,0,0,0
1976,R,colld001,7,232,196,47,60,5,1,2,0,17,30,1,26,0,0,5,1,0
1976,R,colld001,8,82,75,22,26,1,0,1,0,6,6,1,8,2,0,1,0,0
1976,R,colld001,10,97,93,27,36,6,0,1,0,5,3,0,20,0,0,1,0,0
1976,R,colld001,11,2,1,0,0,0,0,0,0,0,1,0,1,0,0,0,0,0
1976,R,concd001,6,633,573,161,230,28,7,9,0,69,49,11,67,11,1,4,6,0
1976,R,concd001,11,3,3,1,1,0,0,0,0,0,0,0,1,0,0,0,0,0
1976,R,coopc001,3,265,244,78,116,10,2,8,0,47,12,5,28,2,1,5,3,0
1976,R,coopc001,10,210,200,49,90,12,4,7,0,30,4,1,29,1,0,4,2,0
1976,R,coopc001,11,8,7,0,0,0,0,0,0,1,0,0,5,0,0,0,1,0
1976,R,corrv101,2,218,194,43,67,5,2,5,0,14,21,5,34,7,1,2,0,0
1976,R,corrv101,11,6,6,2,3,1,0,0,0,2,0,0,3,0,0,0,0,0
1976,R,cosgm101,1,30,23,2,2,0,0,0,0,1,2,0,6,0,0,5,0,0
1976,R,cowea001,8,39,37,13,17,2,1,0,0,7,2,0,0,0,0,0,0,0
1976,R,cowea001,9,571,538,139,178,20,5,3,0,51,24,0,48,9,3,2,4,0
1976,R,cowea001,10,1,1,0,0,0,0,0,0,0,0,0,1,0,0,0,0,0
1976,R,cowea001,11,5,5,2,3,1,0,0,0,1,0,0,1,0,0,0,0,0
1976,R,cox-j102,4,29,28,5,7,0,1,0,0,2,1,0,2,1,0,0,0,0
1976,R,cox-j102,11,2,1,0,0,0,0,0,0,0,1,0,0,0,0,0,0,0
1976,R,craww101,7,5,4,3,4,1,0,0,0,1,1,0,0,0,0,0,0,0
1976,R,craww101,9,415,372,111,164,16,5,9,1,49,34,6,52,10,1,2,6,0
1976,R,craww101,11,18,16,5,5,0,0,0,0,0,2,0,1,0,0,0,0,0
1976,R,cromw101,7,10,9,2,2,0,0,0,0,1,1,0,0,1,0,0,0,0
1976,R,cromw101,9,58,58,14,15,1,0,0,0,1,0,0,5,1,0,0,0,0
1976,R,cromw101,11,14,14,1,1,0,0,0,0,0,0,0,0,0,0,0,0,0
1976,R,crose101,5,1,1,1,1,0,0,0,0,0,0,0,0,0,0,0,0,0
1976,R,crose101,10,1,1,0,0,0,0,0,0,0,0,0,0,0,0,0,0,0
1976,R,crosk101,1,2,2,1,1,0,0,0,0,0,0,0,0,0,0,0,0,0
1976,R,crowt101,3,6,6,2,2,0,0,0,0,0,0,0,1,1,0,0,0,0
1976,R,crowt101,10,49,41,10,11,1,0,0,0,3,7,1,7,0,1,0,0,0
1976,R,crowt101,11,21,20,3,3,0,0,0,0,3,0,0,3,1,0,0,1,0
1976,R,cruzh101,5,574,523,120,178,17,1,13,0,71,42,7,119,13,2,4,3,0
1976,R,cruzh101,11,3,3,0,0,0,0,0,0,0,0,0,0,0,0,0,0,0
1976,R,cruzh102,7,4,4,0,0,0,0,0,0,0,0,0,0,0,0,0,0,0
1976,R,cruzh102,8,17,15,4,7,0,0,1,0,4,2,1,0,0,0,0,0,0
1976,R,cruzh102,9,53,49,9,22,2,1,3,0,10,3,1,3,0,0,1,0,0
1976,R,cruzh102,11,24,20,3,3,0,0,0,0,0,4,1,8,1,0,0,0,0
1976,R,cruzj001,7,327,288,89,109,12,4,0,0,38,37,4,30,6,0,1,1,0
1976,R,cruzj001,8,51,46,12,17,2,0,1,0,8,4,0,7,0,0,0,1,0
1976,R,cruzj001,9,107,95,29,46,6,1,3,0,15,11,1,8,0,0,1,0,0
1976,R,cruzj001,11,11,10,3,4,1,0,0,0,0,1,0,1,0,0,0,0,0
1976,R,cubbm101,0,1,1,0,0,0,0,0,0,0,0,0,0,0,0,0,0,0
1976,R,cubbm101,4,17,12,4,4,0,0,0,0,0,5,0,2,0,0,0,0,0
1976,R,cubbm101,5,374,327,84,122,19,5,3,1,46,39,3,34,9,3,3,2,0
1976,R,cubbm101,10,28,26,5,5,0,0,0,0,0,2,0,5,2,0,0,0,0
1976,R,cubbm101,11,11,8,3,3,0,0,0,0,3,3,0,3,0,0,0,0,0
1976,R,curtj001,1,42,35,7,10,1,1,0,0,0,2,0,13,1,0,5,0,0
1976,R,dacqj101,1,31,26,7,8,1,0,0,0,2,1,0,11,1,0,4,0,0
1976,R,dadep101,4,2,2,0,0,0,0,0,0,0,0,0,0,1,0,0,0,0
1976,R,dadep101,7,2,1,0,0,0,0,0,0,0,1,0,0,0,0,0,0,0
1976,R,dadep101,9,1,1,0,0,0,0,0,0,0,0,0,1,0,0,0,0,0
1976,R,dadep101,11,7,5,1,1,0,0,0,0,1,2,0,2,0,0,0,0,0
1976,R,dalcb101,1,11,9,2,2,0,0,0,0,0,1,0,2,0,0,1,0,0
1976,R,darcp101,1,14,11,2,2,0,0,0,0,0,2,0,3,0,0,1,0,0
1976,R,darwb101,7,4,3,0,0,0,0,0,0,0,0,0,0,0,1,0,0,0
1976,R,darwb101,9,110,101,24,36,5,2,1,0,5,6,1,24,2,3,0,0,0
1976,R,darwb101,10,62,58,10,21,3,1,2,1,10,2,0,20,1,1,1,0,0
1976,R,darwb101,11,17,17,3,6,0,0,1,0,3,0,0,7,1,0,0,0,0
1976,R,dauer001,4,40,37,4,4,0,0,0,0,3,1,0,2,0,1,0,1,0
1976,R,dauer001,11,2,2,0,0,0,0,0,0,0,0,0,1,0,0,0,0,0
1976,R,davaj101,4,64,51,11,12,1,0,0,0,2,13,0,6,1,0,0,0,0
1976,R,davaj101,5,9,7,3,3,0,0,0,0,1,1,0,1,0,0,0,1,0
1976,R,davaj101,6,37,34,15,25,1,3,1,0,16,3,1,5,0,0,0,0,0
1976,R,davaj101,11,20,15,2,3,1,0,0,0,1,4,0,0,1,1,0,0,0
1976,R,davib101,0,1,0,0,0,0,0,0,0,0,1,0,0,0,0,0,0,0
1976,R,davib101,2,89,83,17,19,0,1,0,0,5,4,1,13,0,0,0,2,0
1976,R,davit103,3,4,3,1,1,0,0,0,0,1,0,0,0,0,1,0,0,0
1976,R,davit103,10,231,215,54,68,5,0,3,0,19,15,4,17,13,0,0,1,0
1976,R,davit103,11,22,20,8,8,0,0,0,0,6,1,0,1,0,0,0,1,0
1976,R,daviw102,8,509,481,130,183,18,10,5,0,44,18,1,33,6,2,3,5,0
1976,R,daviw102,11,13,12,2,2,0,0,0,0,2,1,1,1,0,0,0,0,0
1976,R,dawsa001,7,31,25,10,13,1,1,0,0,5,5,1,3,0,0,1,0,0
1976,R,dawsa001,8,55,54,9,12,3,0,0,0,2,0,0,8,0,0,1,0,0
1976,R,dawsa001,9,6,6,1,1,0,0,0,0,0,0,0,2,0,0,0,0,0
1976,R,decid001,3,15,14,0,0,0,0,0,0,0,1,0,7,0,0,0,0,0
1976,R,decid001,4,56,48,14,21,4,0,1,0,4,8,1,7,0,0,0,0,0
1976,R,decid001,5,396,370,89,136,13,2,10,1,38,20,0,51,11,2,3,1,0
1976,R,decid001,6,2,2,0,0,0,0,0,0,0,0,0,2,0,0,0,0,0
1976,R,decid001,10,4,4,0,0,0,0,0,0,0,0,0,0,0,0,0,0,0
1976,R,decid001,11,2,2,0,0,0,0,0,0,0,0,0,1,0,0,0,0,0
1976,R,dejei001,5,9,7,3,6,1,1,0,0,1,1,0,0,1,0,1,0,0
1976,R,dejei001,6,37,33,4,5,1,0,0,0,1,3,0,9,1,0,1,0,0
1976,R,dejei001,11,1,1,0,0,0,0,0,0,0,0,0,0,0,0,0,0,0
1976,R,demel101,1,47,40,5,5,0,0,0,0,1,2,0,16,0,0,4,1,0
1976,R,dempr001,2,217,198,39,41,2,0,0,0,11,13,0,18,2,2,4,0,0
1976,R,dempr001,7,2,2,0,0,0,0,0,0,0,0,0,0,0,0,0,0,0
1976,R,dempr001,9,13,10,3,3,0,0,0,0,0,3,0,3,0,0,0,0,0
1976,R,dempr001,11,8,6,0,0,0,0,0,0,1,2,0,0,0,0,0,0,0
1976,R,dennj001,1,75,67,15,17,2,0,0,0,4,1,0,27,0,0,7,0,0
1976,R,dentb001,6,626,561,138,170,18,4,2,0,52,43,3,45,9,2,18,2,0
1976,R,dentb001,11,1,1,0,0,0,0,0,0,0,0,0,0,0,0,0,0,0
1976,R,devia101,1,16,14,0,0,0,0,0,0,0,0,0,3,0,0,2,0,0
1976,R,dierl101,1,69,64,9,12,0,0,1,0,4,0,0,20,1,0,3,2,0
1976,R,dills101,4,74,67,19,28,6,0,1,0,6,6,0,7,4,0,1,0,0
1976,R,dills101,5,55,49,10,13,3,0,0,0,4,4,1,4,2,0,1,1,0
1976,R,dills101,6,42,35,12,15,3,0,0,0,4,7,0,7,1,0,0,0,0
1976,R,dills101,10,15,15,4,6,2,0,0,0,1,0,0,2,0,0,0,0,0
1976,R,dills101,11,1,1,1,1,0,0,0,0,0,0,0,0,0,0,0,0,0
1976,R,dilom001,7,5,5,1,1,0,0,0,0,0,0,0,0,0,0,0,0,0
1976,R,dilom001,8,8,8,3,3,0,0,0,0,0,0,0,0,0,0,0,0,0
1976,R,dilom001,11,4,4,0,0,0,0,0,0,0,0,0,0,0,0,0,0,0
1976,R,dinek101,8,7,6,1,1,0,0,0,0,0,1,0,2,0,0,0,0,0
1976,R,dinek101,9,1,1,1,1,0,0,0,0,1,0,0,0,0,0,0,0,0
1976,R,downa101,1,6,6,0,0,0,0,0,0,0,0,0,4,0,0,0,0,0
1976,R,downb001,2,322,277,72,93,12,0,3,0,26,37,0,50,2,1,4,3,0
1976,R,downb001,10,40,37,9,11,2,0,0,0,4,3,0,5,0,0,0,0,0
1976,R,downb001,11,3,3,0,0,0,0,0,0,0,0,0,0,0,0,0,0,0
1976,R,doyld102,4,453,424,106,131,15,5,0,0,26,22,0,39,9,0,5,2,0
1976,R,doyld102,11,8,8,2,2,0,0,0,0,0,0,0,0,0,0,0,0,0
1976,R,dresr101,1,34,31,4,4,0,0,0,0,1,0,0,14,0,1,2,0,0
1976,R,dried001,3,143,123,32,46,8,0,2,0,25,17,1,16,3,0,0,3,0
1976,R,dried001,7,83,62,16,29,2,1,3,0,12,19,1,9,6,0,0,2,0
1976,R,dried001,11,42,34,6,13,1,0,2,0,7,7,0,7,2,0,0,1,0
1976,R,dufff101,6,435,391,83,104,11,2,2,0,30,28,1,49,13,2,12,2,0
1976,R,dufff101,11,2,1,0,0,0,0,0,0,0,1,1,1,0,0,0,0,0
1976,R,duncd101,2,313,283,58,77,7,0,4,0,17,25,0,56,8,1,4,0,0
1976,R,duncd101,11,1,1,0,0,0,0,0,0,0,0,0,0,0,0,0,0,0
1976,R,dunns101,1,20,15,2,2,0,0,0,0,0,2,0,7,0,0,3,0,0
1976,R,duprm101,1,1,1,1,1,0,0,0,0,0,0,0,0,0,0,0,0,0
1976,R,dwyej001,7,51,46,12,17,3,1,0,0,5,4,0,5,1,0,0,1,0
1976,R,dwyej001,9,27,22,1,1,0,0,0,0,0,5,0,2,1,0,0,0,0
1976,R,dwyej001,11,41,37,6,6,0,0,0,0,0,4,2,4,1,0,0,0,0
1976,R,dyerd101,2,208,172,36,51,6,0,3,0,7,29,10,32,3,3,3,1,0
1976,R,dyerd101,11,12,12,5,7,2,0,0,0,2,0,0,3,0,0,0,0,0
1976,R,easlm001,10,54,49,11,12,1,0,0,0,4,2,1,9,1,0,1,2,0
1976,R,easlm001,11,5,5,2,4,0,1,0,0,0,0,0,2,0,0,0,0,0
1976,R,eastj001,1,9,9,1,1,0,0,0,0,0,0,0,2,0,0,0,0,0
1976,R,eastr101,1,19,17,0,0,0,0,0,0,0,0,0,10,0,0,2,0,0
1976,R,edenm101,4,5,5,0,0,0,0,0,0,1,0,0,0,0,0,0,0,0
1976,R,edenm101,11,3,3,0,0,0,0,0,0,0,0,0,0,1,0,0,0,0
1976,R,ellij101,2,19,19,8,10,2,0,0,0,4,0,0,2,0,0,0,0,0
1976,R,ellij101,10,8,8,4,7,0,0,1,0,3,0,0,1,0,0,0,0,0
1976,R,ellij101,11,4,4,1,1,0,0,0,0,1,0,0,1,1,0,0,0,0
1976,R,enrig101,2,1,1,0,0,0,0,0,0,0,0,0,0,0,0,0,0,0
1976,R,espin101,1,11,9,0,0,0,0,0,0,0,1,0,3,0,0,1,0,0
1976,R,essij001,2,229,199,49,56,7,0,0,0,21,23,0,28,6,1,5,1,0
1976,R,etcha101,2,278,244,55,66,9,1,0,0,20,24,0,36,9,4,6,0,0
1976,R,etcha101,11,3,3,1,1,0,0,0,0,1,0,0,1,0,0,0,0,0
1976,R,evand001,3,420,356,72,115,8,1,11,1,44,62,4,61,5,0,1,1,0
1976,R,evand001,5,36,31,8,9,1,0,0,0,1,5,0,7,0,0,0,0,0
1976,R,evand001,11,15,9,1,1,0,0,0,0,1,5,0,3,0,0,0,1,0
1976,R,evand002,8,26,21,7,13,0,0,2,0,4,4,1,3,0,0,0,1,0
1976,R,evand002,9,539,474,112,200,33,5,15,0,57,53,3,87,10,6,3,3,0
1976,R,evand002,10,4,4,1,2,1,0,0,0,1,0,0,1,1,0,0,0,0
1976,R,evand002,11,2,2,1,1,0,0,0,0,0,0,0,1,0,0,0,0,0
1976,R,ewins101,3,2,2,0,0,0,0,0,0,0,0,0,0,0,0,0,0,0
1976,R,ewins101,10,36,34,6,8,2,0,0,0,1,2,0,7,0,0,0,0,0
1976,R,ewins101,11,5,5,3,5,0,1,0,0,1,0,0,1,0,0,0,0,0
1976,R,faheb101,2,94,80,20,25,2,0,1,0,9,11,0,5,2,1,2,0,0
1976,R,fairr101,3,137,109,29,42,4,0,3,0,23,25,6,17,3,0,1,2,0
1976,R,fairr101,11,54,47,11,12,1,0,0,0,8,7,0,7,3,0,0,0,0
1976,R,falcp001,1,76,62,8,9,1,0,0,0,2,1,0,23,1,1,12,0,0
1976,R,fergj101,2,241,200,41,65,8,2,4,1,23,34,1,43,5,1,4,2,0
1976,R,fergj101,9,183,160,36,62,7,2,5,0,15,22,3,35,4,1,0,0,0
1976,R,fergj101,11,15,14,2,5,0,0,1,0,1,1,0,3,0,0,0,0,0
1976,R,fiskc001,2,552,482,124,202,17,5,17,0,58,56,3,71,11,6,3,5,0
1976,R,fiskc001,10,4,4,0,0,0,0,0,0,0,0,0,0,0,0,0,0,0
1976,R,fiskc001,11,1,1,0,0,0,0,0,0,0,0,0,0,0,0,0,0,0
1976,R,flynd001,4,149,144,44,50,2,2,0,0,13,2,1,19,2,0,3,0,0
1976,R,flynd001,5,11,9,1,1,0,0,0,0,1,2,0,0,0,0,0,0,0
1976,R,flynd001,6,74,65,17,23,3,0,1,0,6,6,1,5,1,0,1,2,0
1976,R,flynd001,11,1,1,0,0,0,0,0,0,0,0,0,0,0,0,0,0,0
1976,R,folit001,5,3,3,1,1,0,0,0,0,0,0,0,1,1,0,0,0,0
1976,R,folit001,6,564,538,142,198,36,1,6,0,53,16,1,32,14,0,2,8,0
1976,R,folit001,11,5,5,1,1,0,0,0,0,1,0,0,0,0,0,0,0,0
1976,R,folkr101,1,5,4,0,0,0,0,0,0,0,0,0,1,0,0,1,0,0
1976,R,footb101,2,352,334,79,116,12,2,7,0,24,17,3,31,8,1,0,0,0
1976,R,footb101,3,4,4,0,0,0,0,0,0,0,0,0,1,0,0,0,0,0
1976,R,footb101,5,4,4,1,1,0,0,0,0,1,0,0,0,0,0,0,0,0
1976,R,footb101,11,8,8,2,2,0,0,0,0,2,0,0,0,0,0,0,0,0
1976,R,fordd001,9,560,506,134,228,23,7,19,0,82,34,2,114,12,9,5,6,0
1976,R,fordd001,10,4,3,2,6,1,0,1,0,4,0,0,0,0,1,0,0,0
1976,R,fordd001,11,7,5,1,1,0,0,0,0,0,2,0,4,0,0,0,0,0
1976,R,forsb001,1,72,62,11,16,2,0,1,0,5,1,0,17,3,0,9,0,0
1976,R,forsk001,1,14,11,1,1,0,0,0,0,1,1,0,3,1,0,2,0,0
1976,R,fossr101,2,287,266,81,98,9,1,2,0,28,17,1,19,6,0,3,1,0
1976,R,fossr101,3,7,6,1,1,0,0,0,0,1,1,0,0,1,0,0,0,0
1976,R,fossr101,10,1,1,0,0,0,0,0,0,0,0,0,0,0,0,0,0,0
1976,R,fossr101,11,5,3,1,1,0,0,0,0,1,2,0,1,0,0,0,0,0
1976,R,fosta101,1,24,18,1,1,0,0,0,0,0,3,0,6,0,0,3,0,0
1976,R,fostg001,7,399,355,110,201,10,6,23,1,91,36,4,58,3,3,0,5,0
1976,R,fostg001,8,134,121,38,61,9,1,4,0,19,10,0,18,4,0,0,3,0
1976,R,fostg001,9,87,80,24,36,2,2,2,0,11,5,0,11,4,1,0,1,0
1976,R,fostg001,11,7,6,0,0,0,0,0,0,0,1,0,2,0,0,0,0,0
1976,R,fostl101,4,11,10,4,6,2,0,0,0,7,1,0,1,0,0,0,0,0
1976,R,fostl101,5,30,25,5,8,0,0,1,0,7,5,0,1,0,0,0,0,0
1976,R,fostl101,6,24,22,3,3,0,0,0,0,1,2,1,2,0,0,0,0,0
1976,R,fostl101,11,2,2,0,0,0,0,0,0,0,0,0,1,0,0,0,0,0
1976,R,fraik101,1,4,3,0,0,0,0,0,0,0,0,0,0,0,0,1,0,0
1976,R,freeb103,2,234,218,58,84,9,1,5,0,25,12,0,23,4,1,1,2,0
1976,R,freeb103,3,8,6,3,4,1,0,0,0,2,0,0,1,0,0,0,2,0
1976,R,freeb103,10,8,8,3,3,0,0,0,0,0,0,0,1,0,0,0,0,0
1976,R,freeb103,11,5,5,0,0,0,0,0,0,0,0,0,2,0,0,0,0,0
1976,R,freer101,3,10,10,2,3,1,0,0,0,1,0,0,2,0,0,0,0,0
1976,R,freer101,11,5,5,1,1,0,0,0,0,0,0,0,1,0,0,0,0,0
1976,R,fregj101,3,89,78,20,28,5,0,1,0,6,9,1,19,2,0,0,2,0
1976,R,fregj101,5,5,4,1,1,0,0,0,0,0,1,0,1,0,0,0,0,0
1976,R,fregj101,10,52,41,9,14,2,0,1,0,5,10,0,11,1,0,1,0,0
1976,R,fregj101,11,14,10,1,1,0,0,0,0,1,3,0,2,1,0,1,0,0
1976,R,freid101,1,48,37,7,9,0,1,0,0,2,2,0,8,0,0,9,0,0
1976,R,friap101,4,41,34,7,8,1,0,0,0,2,3,2,6,0,0,3,1,0
1976,R,friap101,5,5,5,0,0,0,0,0,0,0,0,0,1,0,0,0,0,0
1976,R,friap101,6,74,73,21,25,4,0,0,0,6,1,1,7,2,0,0,0,0
1976,R,friap101,11,1,1,0,0,0,0,0,0,0,0,0,0,0,0,0,0,0
1976,R,frisd101,1,1,1,0,0,0,0,0,0,0,0,0,0,0,0,0,0,0
1976,R,frymw101,1,76,64,7,8,1,0,0,0,2,1,0,17,0,0,11,0,0
1976,R,fuent101,4,550,512,135,159,18,0,2,0,33,18,0,37,12,1,16,3,0
1976,R,fuent101,11,9,8,2,2,0,0,0,0,3,0,0,1,0,0,0,1,0
1976,R,gambo001,9,357,318,73,138,12,1,17,1,52,33,4,32,4,4,2,0,0
1976,R,gambo001,10,8,6,0,0,0,0,0,0,0,2,0,1,0,0,0,0,0
1976,R,gambo001,11,19,16,6,7,1,0,0,0,5,3,0,3,0,0,0,0,0
1976,R,gantj001,5,77,68,17,18,1,0,0,0,7,5,0,11,1,1,3,0,0
1976,R,gantj001,10,1,1,0,0,0,0,0,0,0,0,0,0,0,0,0,0,0
1976,R,gantj001,11,1,0,0,0,0,0,0,0,0,1,0,0,0,0,0,0,0
1976,R,garbg001,1,12,7,2,2,0,0,0,0,0,2,0,3,0,0,3,0,0
1976,R,garck001,6,32,32,7,13,1,1,1,0,4,0,0,4,0,0,0,0,0
1976,R,garcp101,4,359,330,68,103,17,3,4,0,29,13,0,61,4,6,6,4,0
1976,R,garcp101,11,3,3,0,0,0,0,0,0,0,0,0,2,0,0,0,0,0
1976,R,garmm101,1,7,7,0,0,0,0,0,0,0,0,0,4,0,0,0,0,0
1976,R,garnp001,4,603,555,145,222,29,12,8,0,74,36,1,71,11,2,6,4,0
1976,R,garra101,2,24,22,3,4,1,0,0,0,2,1,0,8,0,0,0,1,0
1976,R,garra101,3,2,2,0,0,0,0,0,0,0,0,0,0,1,0,0,0,0
1976,R,garra101,10,14,12,1,2,1,0,0,0,1,2,0,6,0,0,0,0,0
1976,R,garra101,11,14,12,2,3,1,0,0,0,0,2,0,2,1,0,0,0,0
1976,R,garrr101,7,158,149,39,53,5,3,1,0,7,5,0,11,2,0,3,1,0
1976,R,garrr101,8,162,157,57,67,5,1,1,0,9,2,1,7,2,0,2,1,0
1976,R,garrr101,9,215,199,53,71,11,2,1,0,19,9,0,20,2,2,3,2,0
1976,R,garrr101,10,19,19,8,11,0,0,1,0,1,0,0,3,0,0,0,0,0
1976,R,garrr101,11,4,3,1,2,1,0,0,0,0,1,1,0,0,0,0,0,0
1976,R,garrw101,4,243,202,51,64,5,1,2,1,14,38,7,19,1,0,1,0,2
1976,R,garrw101,5,254,209,46,65,7,0,4,0,20,43,5,22,3,1,1,0,0
1976,R,garrw101,11,19,17,2,4,0,1,0,0,3,1,0,5,2,0,0,0,1
1976,R,garvs001,3,696,631,200,284,37,4,13,0,80,50,11,69,20,1,5,9,0
1976,R,gastc101,3,7,6,3,9,0,0,2,0,5,1,0,0,0,0,0,0,0
1976,R,gastc101,7,89,81,21,27,3,0,1,0,9,8,1,11,4,0,0,0,0
1976,R,gastc101,9,7,6,3,4,1,0,0,0,1,1,0,1,0,0,0,0,0
1976,R,gastc101,11,44,41,12,15,0,0,1,0,10,3,0,9,2,0,0,0,0
1976,R,geroc101,8,549,480,146,197,23,11,2,0,48,56,13,95,6,6,2,5,0
1976,R,geroc101,11,6,6,3,4,1,0,0,0,1,0,0,0,0,0,0,0,0
1976,R,gilbr101,4,426,361,89,117,9,8,1,0,28,38,1,34,8,4,20,3,0
1976,R,gilbr101,5,19,17,7,9,2,0,0,0,3,2,0,0,1,0,0,0,0
1976,R,gilbr101,6,1,0,0,0,0,0,0,0,1,1,0,0,0,0,0,0,0
1976,R,gilbr101,11,6,5,0,0,0,0,0,0,0,1,0,2,0,0,0,0,0
1976,R,giusd101,1,5,4,0,0,0,0,0,0,0,1,0,0,0,0,0,0,0
1976,R,gomel101,4,5,4,1,1,0,0,0,0,0,1,0,0,1,0,0,0,0
1976,R,gomel101,6,57,53,10,11,1,0,0,0,3,2,0,3,2,0,2,0,0
1976,R,gonzo101,3,53,46,12,14,2,0,0,0,3,5,0,4,2,0,2,0,0
1976,R,gonzo101,7,3,3,1,1,0,0,0,0,0,0,0,1,0,0,0,0,0
1976,R,gonzo101,9,11,11,1,1,0,0,0,0,0,0,0,1,0,0,0,0,0
1976,R,gonzo101,10,4,4,2,2,0,0,0,0,1,0,0,0,0,0,0,0,0
1976,R,gonzo101,11,4,4,1,1,0,0,0,0,0,0,0,1,0,0,0,0,0
1976,R,goode101,0,1,1,0,0,0,0,0,0,0,0,0,0,0,0,0,0,0
1976,R,goode101,5,60,57,12,18,3,0,1,0,8,3,1,8,2,0,0,0,0
1976,R,goode101,7,5,5,0,0,0,0,0,0,0,0,0,2,1,0,0,0,0
1976,R,goode101,11,62,55,15,22,1,0,2,0,9,5,1,9,4,0,0,2,0
1976,R,granw101,1,5,3,0,0,0,0,0,0,0,0,0,1,0,0,2,0,0
1976,R,greib101,1,14,12,0,0,0,0,0,0,0,2,0,5,0,0,0,0,0
1976,R,gricb001,4,604,508,134,211,30,4,13,0,54,85,1,97,8,3,7,1,0
1976,R,gricb001,10,8,7,3,3,0,0,0,0,0,1,0,1,0,0,0,0,0
1976,R,gricb001,11,3,3,1,2,1,0,0,0,0,0,0,1,0,0,0,0,0
1976,R,griet101,7,174,151,40,77,8,1,9,0,28,17,2,25,9,1,2,3,0
1976,R,griet101,9,27,23,7,15,2,0,2,0,4,3,1,5,0,0,1,0,0
1976,R,griet101,10,396,369,91,134,12,2,9,0,49,15,2,88,9,3,5,4,0
1976,R,griet101,11,3,3,1,2,1,0,0,0,0,0,0,1,0,0,0,0,0
1976,R,grifa001,6,3,3,1,1,0,0,0,0,0,0,0,1,0,0,0,0,0
1976,R,grifa001,11,1,1,0,0,0,0,0,0,0,0,0,1,0,0,0,0,0
1976,R,grifd101,4,138,124,24,26,2,0,0,0,4,9,0,14,4,1,4,0,0
1976,R,grifd101,11,3,3,0,0,0,0,0,0,0,0,0,0,0,0,0,0,0
1976,R,grifk001,9,615,551,186,250,28,9,6,1,74,60,0,61,3,1,0,3,0
1976,R,grifk001,11,13,11,3,3,0,0,0,0,0,2,0,4,0,0,0,0,0
1976,R,grift101,1,35,30,2,2,0,0,0,0,0,1,0,9,0,0,4,0,0
1976,R,grift101,11,1,1,0,0,0,0,0,0,0,0,0,0,0,0,0,0,0
1976,R,grosg001,9,486,412,121,139,12,3,0,0,27,63,3,38,8,0,5,6,0
1976,R,grosg001,11,15,14,1,1,0,0,0,0,0,1,0,1,0,0,0,0,0
1976,R,grosw001,3,10,9,1,1,0,0,0,0,1,1,0,0,0,0,0,0,0
1976,R,grosw001,9,4,4,1,1,0,0,0,0,0,0,0,1,0,0,0,0,0
1976,R,grosw001,10,3,3,1,1,0,0,0,0,0,0,0,0,0,0,0,0,0
1976,R,grosw001,11,3,2,1,1,0,0,0,0,0,1,0,0,0,0,0,0,0
1976,R,grotj101,2,348,309,82,112,14,2,4,0,27,34,4,17,15,1,3,1,0
1976,R,grotj101,7,3,3,1,1,0,0,0,0,0,0,0,1,0,0,0,0,0
1976,R,grotj101,9,4,1,1,1,0,0,0,0,0,3,0,0,0,0,0,0,0
1976,R,grotj101,11,11,10,4,4,0,0,0,0,1,1,0,1,0,0,0,0,0
1976,R,grubj001,3,27,23,7,8,1,0,0,0,2,0,0,1,0,1,2,1,0
1976,R,grubj001,5,8,7,0,0,0,0,0,0,0,1,0,2,1,0,0,0,0
1976,R,grubj001,7,233,195,63,89,15,1,3,0,18,32,6,27,2,3,2,1,0
1976,R,grubj001,8,65,54,16,18,2,0,0,0,1,9,0,9,0,0,2,0,0
1976,R,grubj001,9,123,100,23,33,4,0,2,0,6,23,4,13,2,0,0,0,0
1976,R,grubj001,11,5,5,0,0,0,0,0,0,0,0,0,1,0,0,0,0,0
1976,R,guerm101,4,153,144,43,48,5,0,0,0,13,3,0,10,2,0,2,4,0
1976,R,guerm101,6,107,100,29,38,6,0,1,0,3,3,2,1,4,2,2,0,0
1976,R,guerm101,10,25,22,4,5,1,0,0,0,2,1,0,1,0,1,0,1,0
1976,R,guerm101,11,3,2,0,0,0,0,0,0,0,0,0,0,0,0,1,0,0
1976,R,gulld101,1,50,43,8,8,0,0,0,0,3,1,0,7,2,0,6,0,0
1976,R,gulld101,11,1,1,0,0,0,0,0,0,0,0,0,0,0,0,0,0,0
1976,R,hairj001,7,5,3,1,3,0,1,0,0,1,2,0,1,0,0,0,0,0
1976,R,hairj001,9,137,111,24,28,2,1,0,0,7,22,0,16,0,0,2,2,0
1976,R,hairj001,11,5,5,2,2,0,0,0,0,2,0,0,2,0,0,0,0,0
1976,R,halej101,8,31,24,4,4,0,0,0,0,3,5,0,2,0,0,1,1,0
1976,R,halej101,9,73,61,10,14,2,1,0,0,5,9,0,11,0,2,1,0,0
1976,R,halej101,11,8,6,0,0,0,0,0,0,0,2,1,1,0,0,0,0,0
1976,R,halie101,1,66,53,9,9,0,0,0,0,3,6,0,23,1,0,7,0,0
1976,R,hampi101,6,2,2,0,0,0,0,0,0,0,0,0,0,0,0,0,0,0
1976,R,hanel101,2,195,176,40,42,2,0,0,0,10,13,0,26,5,1,3,2,0
1976,R,hanel101,11,1,1,0,0,0,0,0,0,0,0,0,0,0,0,0,0,0
1976,R,hanng101,1,8,8,3,3,0,0,0,0,0,0,0,3,0,0,0,0,0
1976,R,hannp101,1,1,1,0,0,0,0,0,0,0,0,0,0,0,0,0,0,0
1976,R,hansb101,10,57,54,9,10,1,0,0,0,3,3,0,6,0,0,0,0,0
1976,R,hansb101,11,10,7,1,1,0,0,0,0,1,3,0,2,1,0,0,0,0
1976,R,hardl101,1,2,2,0,0,0,0,0,0,0,0,0,0,0,0,0,0,0
1976,R,hargm001,3,631,524,151,204,30,1,7,0,56,91,11,62,5,6,4,6,0
1976,R,hargm001,10,17,14,3,3,0,0,0,0,1,3,0,1,0,0,0,0,0
1976,R,hargm001,11,6,3,1,1,0,0,0,0,1,3,2,1,0,0,0,0,0
1976,R,harmt101,4,14,13,4,6,0,1,0,0,0,0,0,1,1,0,1,0,0
1976,R,harmt101,5,5,5,1,2,1,0,0,0,1,0,0,2,0,0,0,0,0
1976,R,harmt101,6,40,36,10,12,2,0,0,0,3,3,0,7,0,0,1,0,0
1976,R,harmt101,11,7,7,3,4,1,0,0,0,2,0,0,0,0,0,0,0,0
1976,R,harpt101,10,79,70,15,23,5,0,1,0,7,8,0,15,1,0,0,1,0
1976,R,harpt101,11,9,7,3,3,0,0,0,0,0,2,0,1,0,0,0,0,0
1976,R,harrb101,6,431,358,84,107,12,4,1,0,26,63,5,56,1,2,8,0,0
1976,R,harrb101,11,1,1,0,0,0,0,0,0,0,0,0,0,0,0,0,0,0
1976,R,harrt001,5,23,21,7,14,1,0,2,0,3,1,0,2,0,1,0,0,0
1976,R,harrt001,6,649,547,140,200,19,1,13,1,63,90,5,56,16,2,5,5,0
1976,R,harrt001,10,16,16,5,6,1,0,0,0,1,0,0,1,1,0,0,0,0
1976,R,harrv101,0,1,1,0,0,0,0,0,0,0,0,0,0,0,0,0,0,0
1976,R,harrv101,4,142,129,36,47,7,2,0,0,12,9,0,29,3,1,3,0,0
1976,R,harrv101,5,9,8,1,2,1,0,0,0,0,1,0,2,0,0,0,0,0
1976,R,harrv101,7,23,22,7,9,0,1,0,0,3,1,0,4,0,0,0,0,0
1976,R,harrv101,8,80,73,11,16,2,0,1,0,2,5,0,11,1,0,2,0,0
1976,R,harrv101,9,4,3,0,0,0,0,0,0,0,0,0,0,1,0,1,0,0
1976,R,harrv101,11,23,23,4,6,2,0,0,0,2,0,0,9,1,0,0,0,0
1976,R,healf102,2,115,106,23,26,3,0,0,0,10,9,0,20,4,0,0,0,0
1976,R,healf102,10,35,32,9,9,0,0,0,0,0,3,0,7,0,0,0,0,0
1976,R,healf102,11,7,6,3,3,0,0,0,0,0,1,0,0,0,0,0,0,0
1976,R,heavd101,1,3,3,1,1,0,0,0,0,0,0,0,1,0,0,0,0,0
1976,R,hebnr001,5,486,427,108,159,21,3,8,0,51,47,2,38,5,4,4,4,0
1976,R,hebnr001,11,7,7,0,0,0,0,0,0,0,0,0,1,0,0,0,0,0
1976,R,hegam101,3,28,24,4,4,0,0,0,0,3,4,0,8,1,0,0,0,0
1976,R,hegam101,7,11,9,5,11,1,1,1,0,6,2,0,2,0,0,0,0,0
1976,R,hegam101,9,43,36,10,16,0,0,2,0,6,7,0,8,0,0,0,0,0
1976,R,hegam101,10,155,139,34,47,3,2,2,0,15,11,1,32,3,1,1,2,1
1976,R,hegam101,11,12,10,1,1,0,0,0,0,1,1,0,4,0,0,0,1,0
1976,R,heidj101,4,58,51,10,16,0,0,2,0,6,3,0,10,1,0,4,0,0
1976,R,heidj101,5,101,93,22,23,1,0,0,0,3,3,0,12,1,0,5,0,0
1976,R,heidj101,6,7,7,1,1,0,0,0,0,0,0,0,0,0,0,0,0,0
1976,R,heidj101,11,9,7,0,0,0,0,0,0,1,1,0,2,0,0,0,1,0
1976,R,heisb101,5,32,30,9,10,1,0,0,0,4,0,0,2,1,1,1,0,0
1976,R,heisb101,6,29,26,6,7,1,0,0,0,1,1,0,0,0,0,2,0,0
1976,R,helmt101,4,31,28,6,6,0,0,0,0,4,2,0,1,0,1,0,0,0
1976,R,helmt101,5,39,35,10,14,2,1,0,0,3,3,0,3,0,0,1,0,0
1976,R,helmt101,11,32,24,8,14,3,0,1,0,6,5,0,1,0,0,1,2,0
1976,R,hende103,2,131,120,21,35,2,0,4,0,9,10,1,18,1,0,0,1,0
1976,R,hende103,11,12,12,2,2,0,0,0,0,0,0,0,5,0,0,0,0,0
1976,R,hendg001,7,542,492,128,214,16,2,22,0,66,43,5,75,16,0,1,5,1
1976,R,hendg001,8,44,38,14,28,3,1,3,0,10,5,1,4,0,0,0,1,0
1976,R,hendg001,9,13,13,3,4,1,0,0,0,3,0,0,1,0,0,0,0,0
1976,R,hendg001,10,11,7,0,0,0,0,0,0,2,2,0,2,0,0,0,2,0
1976,R,hendg001,11,2,1,1,1,0,0,0,0,0,1,0,0,0,0,0,0,0
1976,R,hendk101,8,58,53,12,13,1,0,0,0,3,4,0,10,0,0,1,0,0
1976,R,hendk101,9,433,372,100,154,18,0,12,0,55,54,7,55,12,1,1,5,0
1976,R,hendk101,11,14,10,2,5,0,0,1,0,3,4,0,3,0,0,0,0,0
1976,R,herne102,0,1,1,0,0,0,0,0,0,0,0,0,0,0,0,0,0,0
1976,R,herne102,6,384,336,85,107,13,3,1,0,24,32,4,16,5,0,15,1,0
1976,R,herne102,11,4,3,2,2,0,0,0,0,0,0,0,0,0,0,1,0,0
1976,R,hernk001,3,408,356,104,152,19,4,7,0,46,47,5,47,8,3,2,0,0
1976,R,hernk001,11,20,18,4,8,2,1,0,0,0,2,0,6,0,0,0,0,0
1976,R,hernl001,8,359,331,95,118,11,3,2,0,23,23,0,43,4,2,3,0,0
1976,R,hernl001,11,6,6,2,2,0,0,0,0,0,0,0,2,0,0,0,0,0
1976,R,hernr102,1,3,3,0,0,0,0,0,0,0,0,0,1,0,0,0,0,0
1976,R,herre102,2,348,307,62,88,11,0,5,0,33,29,4,45,6,4,5,3,0
1976,R,herre102,11,4,4,0,0,0,0,0,0,0,0,0,3,0,0,0,0,0
1976,R,hillj101,1,1,1,0,0,0,0,0,0,0,0,0,0,0,0,0,0,0
1976,R,hillm001,2,140,126,23,37,5,0,3,0,15,10,2,16,3,0,2,2,0
1976,R,hillm001,3,1,1,0,0,0,0,0,0,0,0,0,1,0,0,0,0,0
1976,R,hillm001,11,5,4,1,1,0,0,0,0,0,0,0,2,0,1,0,0,0
1976,R,hintr101,1,1,1,0,0,0,0,0,0,0,0,0,0,0,0,0,0,0
1976,R,hisll101,7,572,500,136,201,16,5,13,0,84,50,2,79,9,3,11,8,0
1976,R,hisll101,8,20,19,6,8,2,0,0,0,3,1,0,2,0,0,0,0,0
1976,R,hisll101,9,67,61,16,20,1,0,1,0,8,4,1,12,2,1,0,1,0
1976,R,hisll101,11,2,1,0,0,0,0,0,0,1,1,1,0,0,0,0,0,0
1976,R,hobsb101,5,292,269,63,104,7,5,8,0,34,15,1,62,8,0,5,3,0
1976,R,hodgr001,2,177,149,33,51,6,0,4,0,23,26,2,15,4,0,1,1,0
1976,R,hodgr001,11,7,6,2,2,0,0,0,0,1,1,0,1,0,0,0,0,0
1976,R,holtj101,10,6,5,1,2,1,0,0,0,2,1,0,2,0,0,0,0,0
1976,R,holtj101,11,2,2,1,2,1,0,0,0,0,0,0,0,0,0,0,0,0
1976,R,hootb001,1,81,62,6,7,1,0,0,0,4,3,0,28,0,1,13,2,0
1976,R,hortw101,10,447,395,104,160,17,0,13,0,55,46,5,61,16,2,0,4,0
1976,R,hortw101,11,9,6,1,4,0,0,1,0,1,3,2,2,0,0,0,0,0
1976,R,hoslt101,0,1,1,0,0,0,0,0,0,0,0,0,0,0,0,0,0,0
1976,R,hoslt101,2,51,43,7,11,1,0,1,0,4,8,0,8,1,0,0,0,0
1976,R,hoslt101,11,12,12,2,3,1,0,0,0,0,0,0,4,0,0,0,0,0
1976,R,hougc001,1,21,21,6,8,2,0,0,0,4,0,0,5,0,0,0,0,0
1976,R,howad101,3,90,83,18,22,4,0,0,0,13,1,0,10,3,1,2,3,0
1976,R,howad101,9,3,3,0,0,0,0,0,0,0,0,0,1,0,0,0,0,0
1976,R,howad101,10,2,2,1,1,0,0,0,0,0,0,0,1,0,0,0,0,0
1976,R,howad101,11,4,2,0,0,0,0,0,0,0,2,2,1,0,0,0,0,0
1976,R,howaw101,4,8,8,1,3,0,1,0,0,1,0,0,1,0,0,0,0,0
1976,R,howaw101,7,85,78,21,27,6,0,0,0,5,7,1,11,0,0,0,0,0
1976,R,howaw101,8,28,27,2,4,0,1,0,0,2,0,0,3,1,0,0,1,0
1976,R,howaw101,9,54,53,12,15,0,0,1,0,7,0,0,5,3,0,1,0,0
1976,R,howaw101,11,26,25,6,7,1,0,0,0,3,0,0,8,1,0,0,1,0
1976,R,howea001,4,6,5,2,2,0,0,0,0,0,1,0,1,0,0,0,0,0
1976,R,howea001,5,18,17,1,2,1,0,0,0,0,1,0,2,0,0,0,0,0
1976,R,howea001,11,11,7,1,1,0,0,0,0,0,4,1,3,1,0,0,0,0
1976,R,hower001,5,498,460,120,173,28,2,7,0,52,28,8,94,11,1,5,4,0
1976,R,hower001,10,27,25,4,7,0,0,1,0,1,2,0,8,1,0,0,0,0
1976,R,hower001,11,6,6,0,0,0,0,0,0,0,0,0,4,0,0,0,0,0
1976,R,hraba101,1,13,7,0,0,0,0,0,0,0,2,0,4,0,1,3,0,0
1976,R,humpt101,2,219,195,48,61,10,0,1,0,19,13,0,30,7,5,4,2,0
1976,R,humpt101,11,1,1,0,0,0,0,0,0,0,0,0,0,0,0,0,0,0
1976,R,hundr101,2,15,14,3,5,2,0,0,0,0,1,0,3,0,0,0,0,0
1976,R,hundr101,11,5,4,0,0,0,0,0,0,1,0,0,1,0,0,0,1,0
1976,R,huntj101,11,1,1,0,0,0,0,0,0,0,0,0,0,0,0,0,0,0
1976,R,huttt101,3,127,103,19,26,2,1,1,0,11,22,0,7,4,0,1,1,0
1976,R,huttt101,9,2,2,1,2,1,0,0,0,2,0,0,0,0,0,0,0,0
1976,R,huttt101,11,24,19,5,7,2,0,0,0,0,5,0,4,0,0,0,0,0
1976,R,iviem101,2,5,5,2,2,0,0,0,0,0,0,0,0,1,0,0,0,0
1976,R,iviem101,3,431,393,116,166,19,5,7,0,69,27,6,40,9,5,2,4,0
1976,R,iviem101,5,5,3,0,0,0,0,0,0,0,2,2,0,0,0,0,0,0
1976,R,iviem101,11,5,4,0,0,0,0,0,0,1,1,0,1,0,0,0,0,0
1976,R,jackr001,8,59,52,7,14,1,0,2,0,7,5,1,10,3,1,0,1,0
1976,R,jackr001,9,455,408,114,203,25,2,20,2,73,43,5,88,12,3,0,1,0
1976,R,jackr001,10,43,37,17,33,1,0,5,1,11,6,1,9,2,0,0,0,0
1976,R,jackr001,11,1,1,0,0,0,0,0,0,0,0,0,1,0,0,0,0,0
1976,R,jackr002,4,7,5,2,2,0,0,0,0,0,1,0,1,0,1,0,0,0
1976,R,jackr002,5,415,376,80,121,14,3,7,1,34,27,1,54,9,6,3,3,0
1976,R,jackr002,9,3,2,1,2,1,0,0,0,2,1,0,0,0,0,0,0,0
1976,R,jackr002,10,24,23,9,12,3,0,0,0,3,0,0,2,1,0,1,0,0
1976,R,jackr002,11,5,4,1,4,0,0,1,0,1,1,0,1,0,0,0,0,0
1976,R,javia101,7,12,12,2,2,0,0,0,0,0,0,0,2,1,0,0,0,0
1976,R,javia101,9,13,11,3,3,0,0,0,0,0,2,1,2,0,0,0,0,0
1976,R,javia101,11,1,1,0,0,0,0,0,0,0,0,0,1,0,0,0,0,0
1976,R,johna104,7,371,346,93,124,12,2,5,0,37,17,1,43,12,2,1,5,0
1976,R,johna104,10,69,68,17,23,3,0,1,0,6,1,0,5,3,0,0,0,0
1976,R,johna104,11,17,15,5,5,0,0,0,0,2,1,0,1,0,0,0,1,0
1976,R,johnc001,2,259,212,48,90,13,1,9,0,32,45,6,45,5,2,0,0,0
1976,R,johnc001,3,39,34,7,7,0,0,0,0,4,4,0,3,1,1,0,0,0
1976,R,johnc001,7,75,63,15,24,7,1,0,0,10,11,0,7,3,1,0,0,0
1976,R,johnc001,11,11,9,2,6,1,0,1,0,3,2,0,4,0,0,0,0,0
1976,R,johnd103,3,12,11,0,0,0,0,0,0,0,1,0,2,1,0,0,0,0
1976,R,johnd103,10,29,25,5,8,1,1,0,0,0,4,1,7,1,0,0,0,0
1976,R,johnd103,11,2,2,0,0,0,0,0,0,0,0,0,2,0,0,0,0,0
1976,R,johnj002,3,16,14,6,10,1,0,1,0,3,2,0,2,0,0,0,0,0
1976,R,johnj002,7,7,6,1,1,0,0,0,0,1,1,0,1,0,0,0,0,0
1976,R,johnj002,8,1,1,1,2,1,0,0,0,0,0,0,0,0,0,0,0,0
1976,R,johnj002,9,454,407,130,185,35,4,4,0,47,38,5,36,9,2,1,6,0
1976,R,johnj002,11,13,12,2,3,1,0,0,0,2,0,0,0,0,0,0,1,0
1976,R,johnj104,1,3,3,0,0,0,0,0,0,0,0,0,2,0,0,0,0,0
1976,R,johnl101,3,112,98,39,50,5,0,2,0,21,11,1,12,4,0,0,3,0
1976,R,johnl101,7,4,3,0,0,0,0,0,0,0,1,0,2,0,0,0,0,0
1976,R,johnl101,10,118,110,30,43,5,1,2,0,11,4,0,19,7,2,1,1,0
1976,R,johnl101,11,14,11,2,3,1,0,0,0,1,3,0,4,0,0,0,0,0
1976,R,johnl103,2,14,13,2,3,1,0,0,0,0,0,0,2,0,0,1,0,0
1976,R,johnt001,1,76,64,7,8,1,0,0,0,3,2,0,10,4,0,10,0,0
1976,R,johnt102,3,1,1,0,0,0,0,0,0,0,0,0,0,0,0,0,0,0
1976,R,johnt102,4,282,251,68,76,2,3,0,0,13,18,0,30,7,2,11,0,0
1976,R,johnt102,5,20,19,7,9,2,0,0,0,1,0,0,2,0,0,1,0,0
1976,R,johnt102,6,2,2,0,0,0,0,0,0,0,0,0,0,0,0,0,0,0
1976,R,johnt102,11,1,0,0,0,0,0,0,0,0,1,0,0,0,0,0,0,0
1976,R,joneb001,7,26,23,2,3,1,0,0,0,0,2,1,5,1,0,1,0,0
1976,R,joneb001,8,81,69,16,26,1,0,3,0,10,8,1,9,1,0,2,2,0
1976,R,joneb001,9,60,56,15,27,3,0,3,0,6,3,1,10,1,1,0,0,0
1976,R,joneb001,10,2,1,0,0,0,0,0,0,0,0,0,0,0,0,1,0,0
1976,R,joneb001,11,18,17,2,3,1,0,0,0,1,1,0,6,2,0,0,0,0
1976,R,jonec102,7,33,29,3,3,0,0,0,0,1,2,0,4,1,1,1,0,0
1976,R,jonec102,10,13,11,5,6,1,0,0,0,2,2,0,1,0,0,0,0,0
1976,R,jonec102,11,1,0,0,0,0,0,0,0,0,1,0,0,0,0,0,0,0
1976,R,joner002,7,3,3,1,1,0,0,0,0,0,0,0,2,0,0,0,0,0
1976,R,joner002,8,17,16,3,7,1,0,1,0,4,1,0,6,0,0,0,0,0
1976,R,joner002,9,20,19,5,7,0,1,0,0,2,1,0,4,0,0,0,0,0
1976,R,joner002,10,5,4,1,1,0,0,0,0,1,1,0,0,0,0,0,0,0
1976,R,joner002,11,9,9,1,1,0,0,0,0,0,0,0,4,0,0,0,0,0
1976,R,joner101,1,123,103,6,6,0,0,0,0,2,5,0,39,0,0,15,0,0
1976,R,jorgm001,3,248,212,54,75,9,0,4,0,17,34,6,25,2,0,0,2,0
1976,R,jorgm001,7,74,67,19,25,3,0,1,0,2,6,0,15,1,0,1,0,0
1976,R,jorgm001,9,60,50,14,18,1,0,1,0,4,9,1,7,1,0,0,1,0
1976,R,jorgm001,11,17,14,0,0,0,0,0,0,0,3,2,1,1,0,0,0,0
1976,R,joshv101,7,101,92,29,43,3,1,3,0,6,6,1,13,3,0,1,2,0
1976,R,joshv101,8,499,477,123,156,15,6,2,0,23,15,4,64,5,0,5,2,0
1976,R,joshv101,11,11,10,2,2,0,0,0,0,1,1,0,1,0,0,0,0,0
1976,R,jutzs101,2,95,90,13,19,2,2,0,0,6,4,0,16,2,0,0,1,0
1976,R,jutzs101,11,2,2,1,3,0,1,0,0,0,0,0,0,0,0,0,0,0
1976,R,kaatj101,1,83,79,14,22,3,1,1,0,8,2,0,24,0,0,1,1,0
1976,R,keenj102,1,2,1,0,0,0,0,0,0,0,0,0,1,0,0,1,0,0
1976,R,kellm101,4,18,17,2,3,1,0,0,0,3,1,1,3,1,0,0,0,0
1976,R,kellm101,5,42,39,11,13,2,0,0,0,4,3,0,6,1,0,0,0,0
1976,R,kellm101,6,300,278,63,74,9,1,0,0,15,11,2,23,6,2,7,2,0
1976,R,kellm101,11,3,3,1,1,0,0,0,0,0,0,0,0,0,0,0,0,0
1976,R,kellp101,7,55,50,12,17,5,0,0,0,4,4,1,6,0,0,0,1,0
1976,R,kellp101,9,40,35,7,11,1,0,1,0,2,5,0,7,0,0,0,0,0
1976,R,kellp101,10,252,211,54,81,9,3,4,0,24,32,0,28,8,3,2,4,0
1976,R,kellp101,11,19,15,6,11,5,0,0,0,4,4,0,4,0,0,0,0,0
1976,R,kendf101,2,504,455,112,135,17,0,2,0,39,36,4,42,19,3,5,5,0
1976,R,kendf101,11,1,1,0,0,0,0,0,0,0,0,0,0,1,0,0,0,0
1976,R,kerrj101,1,2,2,0,0,0,0,0,0,0,0,0,2,0,0,0,0,0
1976,R,kessd101,4,118,106,25,33,4,2,0,0,9,12,1,8,4,0,0,0,0
1976,R,kessd101,5,4,3,1,1,0,0,0,0,2,1,0,0,0,0,0,0,0
1976,R,kessd101,6,455,392,94,123,18,4,1,0,29,48,4,43,9,1,9,4,1
1976,R,kessd101,11,1,1,0,0,0,0,0,0,0,0,0,0,0,0,0,0,0
1976,R,kimmb101,2,173,152,40,51,8,0,1,0,6,15,0,20,2,0,6,0,0
1976,R,kimmb101,11,1,0,0,0,0,0,0,0,0,0,0,0,0,0,1,0,0
1976,R,kingd001,3,49,48,11,21,1,0,3,0,7,1,0,16,0,0,0,0,0
1976,R,kingd001,7,17,15,4,14,1,0,3,0,6,2,1,2,0,0,0,0,0
1976,R,kingd001,9,441,410,98,205,12,1,31,0,73,23,3,116,11,5,0,3,0
1976,R,kingd001,11,3,1,0,0,0,0,0,0,0,2,0,1,0,0,0,0,0
1976,R,kirbc101,1,25,18,1,2,1,0,0,0,3,1,0,5,0,0,6,0,0
1976,R,kirke102,3,86,78,20,27,7,0,0,0,11,7,1,5,1,0,0,1,0
1976,R,kirke102,5,3,3,0,0,0,0,0,0,0,0,0,2,0,0,0,0,0
1976,R,kirke102,7,14,14,4,5,1,0,0,0,2,0,0,3,0,0,0,0,0
1976,R,kirke102,8,12,9,3,4,1,0,0,0,0,3,0,1,0,0,0,0,0
1976,R,kirke102,9,1,1,1,1,0,0,0,0,0,0,0,0,0,0,0,0,0
1976,R,kirke102,11,47,41,6,6,0,0,0,0,3,4,1,4,2,0,0,2,0
1976,R,kisob001,1,72,59,12,18,2,2,0,0,3,5,0,20,1,0,8,0,0
1976,R,klevj101,2,3,3,0,0,0,0,0,0,0,0,0,1,0,0,0,0,0
1976,R,klevj101,11,2,2,1,1,0,0,0,0,2,0,0,0,1,0,0,0,0
1976,R,klutm101,6,3,3,0,0,0,0,0,0,0,0,0,1,0,0,0,0,0
1976,R,knepb001,1,9,9,1,1,0,0,0,0,1,0,0,3,0,0,0,0,0
1976,R,knowd101,1,12,7,1,1,0,0,0,0,0,3,0,0,0,0,2,0,0
1976,R,koosj001,1,94,79,17,19,2,0,0,0,6,2,0,34,1,0,13,0,0
1976,R,krane101,3,329,304,91,133,13,1,9,0,38,22,3,26,5,0,1,2,0
1976,R,krane101,7,83,74,19,26,4,0,1,0,8,8,0,9,3,0,1,0,0
1976,R,krane101,9,30,27,7,7,0,0,0,0,0,3,1,1,1,0,0,0,0
1976,R,krane101,11,13,10,4,4,0,0,0,0,3,2,0,2,1,0,0,1,0
1976,R,krukm001,1,1,1,0,0,0,0,0,0,0,0,0,0,0,0,0,0,0
1976,R,kubit101,4,108,91,20,24,4,0,0,0,12,13,0,10,3,0,3,1,0
1976,R,kubit101,5,90,79,27,32,1,2,0,0,14,7,1,7,5,0,2,1,1
1976,R,kubit101,6,3,3,1,1,0,0,0,0,0,0,0,0,1,0,0,0,0
1976,R,kubit101,11,44,39,2,2,0,0,0,0,0,5,1,11,0,0,0,0,0
1976,R,kuipd001,3,11,10,3,4,1,0,0,0,0,1,0,0,0,0,0,0,0
1976,R,kuipd001,4,538,491,129,153,12,6,0,0,37,29,2,42,12,0,14,4,0
1976,R,kuipd001,10,2,2,1,1,0,0,0,0,0,0,0,0,0,0,0,0,0
1976,R,kuipd001,11,4,3,0,0,0,0,0,0,0,0,0,0,0,1,0,0,0
1976,R,kusic101,3,54,43,11,20,3,0,2,0,6,10,0,5,1,0,0,1,0
1976,R,kusic101,10,239,212,57,94,10,0,9,0,29,23,0,35,0,1,1,2,0
1976,R,kusic101,11,13,11,1,1,0,0,0,0,1,2,0,4,2,0,0,0,0
1976,R,kusna101,2,36,34,4,5,1,0,0,0,3,0,0,5,0,1,1,0,0
1976,R,kusna101,11,1,0,0,0,0,0,0,0,0,1,1,0,0,0,0,0,0
1976,R,lacof001,1,36,33,3,3,0,0,0,0,1,0,0,15,0,0,3,0,0
1976,R,lacop101,3,197,164,38,65,7,1,6,0,24,29,5,23,4,1,2,1,0
1976,R,lacop101,7,15,13,4,5,1,0,0,0,0,2,1,2,0,0,0,0,0
1976,R,lacop101,9,39,31,5,10,0,1,1,0,3,8,0,5,0,0,0,0,0
1976,R,lacop101,11,39,36,7,11,1,0,1,0,1,3,0,7,1,0,0,0,0
1976,R,lacyl001,4,173,163,44,55,4,2,1,0,18,7,2,10,5,1,2,0,0
1976,R,lacyl001,5,10,9,2,3,1,0,0,0,1,0,0,1,1,0,0,1,0
1976,R,lacyl001,7,20,18,3,4,1,0,0,0,2,2,0,0,2,0,0,0,0
1976,R,lacyl001,8,105,95,28,34,1,1,1,0,8,9,1,7,3,0,0,1,0
1976,R,lacyl001,9,41,37,9,14,2,0,1,0,4,3,0,3,1,0,1,0,0
1976,R,lacyl001,11,18,16,5,7,2,0,0,0,1,1,0,4,1,0,1,0,0
1976,R,lagrl101,1,5,5,0,0,0,0,0,0,0,0,0,3,0,0,0,0,0
1976,R,lahoj101,7,81,70,11,13,2,0,0,0,0,10,1,14,2,1,0,0,0
1976,R,lahoj101,9,17,14,3,4,1,0,0,0,2,3,0,2,1,0,0,0,0
1976,R,lahoj101,10,94,80,20,28,3,1,1,0,6,11,0,14,2,0,1,0,2
1976,R,lahoj101,11,27,21,3,4,1,0,0,0,1,4,2,3,1,1,0,0,1
1976,R,landl101,1,3,3,0,0,0,0,0,0,0,0,0,2,0,0,0,0,0
1976,R,lanem101,7,29,26,4,4,0,0,0,0,1,2,0,7,0,0,0,1,0
1976,R,lanem101,8,23,19,5,6,1,0,0,0,3,4,0,2,1,0,0,0,0
1976,R,lanem101,11,3,3,0,0,0,0,0,0,1,0,0,2,0,0,0,0,0
1976,R,langc101,1,8,6,1,1,0,0,0,0,1,0,0,3,0,0,2,0,0
1976,R,langr001,1,5,5,1,2,1,0,0,0,0,0,0,2,0,0,0,0,0
1976,R,larsd101,1,34,31,9,12,1,1,0,0,6,1,0,3,0,0,2,0,0
1976,R,laveg001,1,15,13,1,1,0,0,0,0,1,0,0,3,0,0,2,0,0
1976,R,lee-l101,9,33,31,3,5,0,1,0,0,1,2,1,7,1,0,0,0,0
1976,R,lee-l101,11,14,14,3,3,0,0,0,0,1,0,0,2,0,0,0,0,0
1976,R,leflr101,8,601,542,172,223,23,8,4,0,39,51,2,109,12,2,5,1,0
1976,R,leflr101,10,1,1,0,0,0,0,0,0,0,0,0,1,0,0,0,0,0
1976,R,leflr101,11,1,1,0,0,0,0,0,0,0,0,0,1,0,0,0,0,0
1976,R,lemaj001,6,105,100,21,28,3,2,0,0,9,2,0,21,2,0,2,1,0
1976,R,lemoc001,8,495,448,111,148,15,5,4,0,38,28,0,64,9,7,8,4,0
1976,R,lemoc001,11,3,3,0,0,0,0,0,0,0,0,0,1,0,0,0,0,0
1976,R,lemom101,1,10,8,0,0,0,0,0,0,0,1,0,3,0,0,1,0,0
1976,R,leonm101,1,2,2,0,0,0,0,0,0,0,0,0,0,0,0,0,0,0
1976,R,lercr001,1,1,1,1,2,1,0,0,0,0,0,0,0,0,0,0,0,0
1976,R,lewad101,1,5,5,0,0,0,0,0,0,0,0,0,5,0,0,0,0,0
1976,R,lezcs001,7,245,211,57,80,8,3,3,0,20,29,2,42,2,0,5,0,0
1976,R,lezcs001,8,61,57,17,22,3,1,0,0,8,4,0,15,3,0,0,0,0
1976,R,lezcs001,9,274,245,72,94,8,1,4,0,28,18,0,54,2,2,3,6,0
1976,R,lintl101,4,1,0,0,0,0,0,0,0,0,1,0,0,0,0,0,0,0
1976,R,lintl101,9,1,1,0,0,0,0,0,0,0,0,0,0,0,0,0,0,0
1976,R,lintl101,10,2,0,0,0,0,0,0,0,0,1,0,0,0,0,1,0,0
1976,R,lis-j101,3,55,47,16,23,1,0,2,0,7,7,0,7,0,0,0,1,0
1976,R,lis-j101,10,2,2,0,0,0,0,0,0,0,0,0,1,0,0,0,0,0
1976,R,lis-j101,11,3,2,0,0,0,0,0,0,0,1,0,0,0,0,0,0,0
1976,R,littm101,1,1,1,0,0,0,0,0,0,0,0,0,1,0,0,0,0,0
1976,R,lockg101,7,51,47,8,10,2,0,0,0,1,2,0,8,0,0,2,0,0
1976,R,lockg101,10,21,19,5,6,1,0,0,0,1,2,0,4,0,0,0,0,0
1976,R,lockg101,11,36,33,9,10,1,0,0,0,7,2,1,10,0,0,0,1,0
1976,R,locks101,1,23,18,6,7,1,0,0,0,2,2,0,3,0,0,3,0,0
1976,R,lolim101,1,71,54,7,7,0,0,0,0,1,5,0,25,2,1,11,0,0
1976,R,lonbj101,1,79,67,11,12,1,0,0,0,4,6,0,20,2,0,6,0,0
1976,R,lopec101,9,10,10,0,0,0,0,0,0,0,0,0,3,0,0,0,0,0
1976,R,lopec101,10,1,0,0,0,0,0,0,0,0,1,0,0,0,0,0,0,0
1976,R,lopec101,11,1,0,0,0,0,0,0,0,0,1,0,0,0,0,0,0,0
1976,R,loped001,4,424,370,93,132,15,6,4,0,20,47,1,45,7,4,1,2,0
1976,R,loped001,8,67,57,10,14,2,1,0,0,0,9,0,4,1,0,1,0,0
1976,R,lowej001,3,36,35,9,10,1,0,0,0,2,1,0,1,3,0,0,0,0
1976,R,lowej001,7,39,30,4,7,1,1,0,0,1,8,1,3,0,0,1,0,0
1976,R,lowej001,8,62,57,10,17,2,1,1,0,2,5,0,8,1,0,0,0,0
1976,R,lowej001,9,90,80,16,21,2,0,1,0,5,8,0,21,0,0,2,0,0
1976,R,lowej001,10,17,15,6,7,1,0,0,0,4,2,1,2,0,0,0,0,0
1976,R,lowej001,11,13,12,2,3,1,0,0,0,0,1,1,0,0,0,0,0,0
1976,R,lum-m101,7,105,88,19,28,3,0,2,0,10,13,1,14,2,1,1,2,0
1976,R,lum-m101,8,2,2,1,1,0,0,0,0,0,0,0,0,0,0,0,0,0
1976,R,lum-m101,9,9,7,1,1,0,0,0,0,1,1,0,0,0,0,0,1,0
1976,R,lum-m101,11,48,39,10,17,2,1,1,0,9,8,0,10,0,0,0,1,0
1976,R,luzig001,7,600,528,162,255,28,1,21,2,95,50,2,105,10,11,0,11,0
1976,R,luzig001,11,5,5,0,0,0,0,0,0,0,0,0,2,1,0,0,0,0
1976,R,lynnf001,8,542,486,157,233,32,7,10,0,63,46,2,64,7,1,0,9,0
1976,R,lynnf001,9,4,4,0,0,0,0,0,0,0,0,0,0,0,0,0,0,0
1976,R,lynnf001,10,19,17,2,4,0,1,0,0,1,2,0,3,2,0,0,0,0
1976,R,lynnf001,11,1,0,0,0,0,0,0,0,1,0,0,0,0,0,0,1,0
1976,R,lyttj101,7,36,34,8,9,1,0,0,0,3,2,0,5,2,0,0,0,0
1976,R,lyttj101,8,71,63,15,18,3,0,0,0,5,8,4,12,0,0,0,0,0
1976,R,lyttj101,9,41,36,10,13,1,1,0,0,2,4,1,7,0,0,1,0,0
1976,R,lyttj101,11,21,20,5,10,2,0,1,0,3,1,0,1,0,0,0,0,0
1976,R,maccf101,1,3,3,0,0,0,0,0,0,0,0,0,2,0,0,0,0,0
1976,R,mackp101,4,366,347,78,120,14,2,8,0,32,14,1,62,9,2,2,1,0
1976,R,mackp101,5,29,27,6,7,1,0,0,0,1,1,0,3,0,0,1,0,0
1976,R,mackp101,6,1,1,0,0,0,0,0,0,0,0,0,0,1,0,0,0,0
1976,R,mackp101,7,1,1,0,0,0,0,0,0,0,0,0,0,0,0,0,0,0
1976,R,mackp101,11,4,4,1,1,0,0,0,0,0,0,0,1,0,0,0,0,0
1976,R,madde101,8,20,17,4,4,0,0,0,0,2,2,0,0,0,0,0,1,0
1976,R,madde101,9,23,22,2,3,1,0,0,0,1,1,0,3,1,0,0,0,0
1976,R,madde101,10,5,5,3,3,0,0,0,0,0,0,0,0,1,0,0,0,0
1976,R,madde101,11,3,2,1,2,1,0,0,0,0,1,1,0,0,0,0,0,0
1976,R,maddg001,8,584,529,175,242,37,6,6,1,68,42,8,59,10,4,0,9,0
1976,R,maddg001,11,2,2,0,0,0,0,0,0,0,0,0,0,0,0,0,0,0
1976,R,madlb001,5,582,510,173,256,36,1,15,1,83,54,15,27,21,11,3,4,0
1976,R,madlb001,11,6,4,1,1,0,0,0,0,1,2,0,0,0,0,0,0,0
1976,R,manga101,9,10,10,2,3,1,0,0,0,1,0,0,0,0,0,0,0,0
1976,R,manga101,11,2,2,0,0,0,0,0,0,0,0,0,1,0,0,0,0,0
1976,R,mangp101,7,144,116,31,47,5,1,3,0,8,26,0,25,0,1,1,0,0
1976,R,mangp101,8,229,190,42,57,8,2,1,0,15,34,2,51,0,1,3,1,0
1976,R,mangp101,9,8,7,2,3,1,0,0,0,2,0,0,2,0,0,1,0,0
1976,R,mangp101,11,4,4,0,0,0,0,0,0,0,0,0,3,0,0,0,0,0
1976,R,mankp101,5,89,84,23,30,2,1,1,0,4,4,0,8,3,0,0,1,0
1976,R,mankp101,11,1,1,0,0,0,0,0,0,0,0,0,0,0,0,0,0,0
1976,R,mannr001,8,604,550,160,216,24,7,6,1,43,41,1,74,11,0,7,6,0
1976,R,mannr001,11,2,2,1,1,0,0,0,0,0,0,0,1,0,0,0,0,0
1976,R,manuj101,4,44,38,6,7,1,0,0,0,2,3,0,7,0,1,2,0,0
1976,R,manuj101,6,5,5,0,0,0,0,0,0,0,0,0,2,1,0,0,0,0
1976,R,marsm101,1,17,11,1,1,0,0,0,0,1,4,0,3,0,0,1,1,0
1976,R,martb001,2,291,263,60,94,13,3,5,0,34,16,1,43,2,0,9,3,0
1976,R,martb001,11,4,4,1,1,0,0,0,0,0,0,0,2,0,0,0,0,0
1976,R,martj001,0,1,1,0,0,0,0,0,0,0,0,0,0,0,0,0,0,0
1976,R,martj001,3,4,2,2,5,0,0,1,0,1,2,0,0,0,0,0,0,0
1976,R,martj001,7,44,43,5,8,0,0,1,0,3,1,0,16,2,0,0,0,0
1976,R,martj001,8,37,36,11,14,3,0,0,0,8,1,0,3,2,0,0,0,0
1976,R,martj001,9,17,17,6,8,2,0,0,0,0,0,0,5,0,0,0,0,0
1976,R,martj001,11,26,22,6,8,2,0,0,0,3,3,0,4,1,0,0,1,0
1976,R,masoj101,6,236,217,39,51,7,1,1,0,14,9,0,37,4,0,7,3,0
1976,R,matlj101,1,104,88,17,18,1,0,0,0,9,8,0,35,3,1,7,0,0
1976,R,mattg001,7,670,587,164,260,28,4,20,0,84,74,3,94,8,1,2,6,0
1976,R,mattg001,11,1,0,0,0,0,0,0,0,0,1,0,0,0,0,0,0,0
1976,R,may-c101,3,4,4,2,3,1,0,0,0,0,0,0,0,0,0,0,0,0
1976,R,may-c101,7,59,48,10,11,1,0,0,0,3,8,0,5,3,1,0,2,0
1976,R,may-c101,10,332,289,74,98,11,2,3,0,34,35,2,32,4,4,1,3,0
1976,R,may-c101,11,10,10,5,5,0,0,0,0,6,0,0,0,0,0,0,0,0
1976,R,may-d101,7,140,122,28,39,3,1,2,0,14,17,1,20,4,0,0,1,0
1976,R,may-d101,9,55,48,10,18,1,2,1,0,7,6,1,7,0,1,0,0,0
1976,R,may-d101,11,48,44,8,9,1,0,0,0,2,3,1,4,0,0,0,1,0
1976,R,may-l101,3,365,332,83,147,9,2,17,1,68,24,3,65,7,0,2,7,0
1976,R,may-l101,10,215,196,53,89,8,2,8,0,39,16,4,39,4,3,0,0,0
1976,R,may-l101,11,3,2,1,1,0,0,0,0,2,1,1,0,0,0,0,0,0
1976,R,may-m001,2,25,25,7,8,1,0,0,0,1,0,0,1,0,0,0,0,0
1976,R,maybj101,3,679,583,138,203,22,2,13,0,95,82,7,68,12,2,0,12,0
1976,R,maybj101,10,11,11,0,0,0,0,0,0,0,0,0,5,0,0,0,0,0
1976,R,mazzl001,7,1,1,0,0,0,0,0,0,0,0,0,0,0,0,0,0,0
1976,R,mazzl001,8,89,74,14,19,2,0,1,0,4,13,0,10,0,1,0,1,0
1976,R,mazzl001,11,3,2,1,4,0,0,1,0,3,1,0,0,0,0,0,0,0
1976,R,mcbrb101,8,291,265,89,116,13,4,2,0,23,17,0,27,2,6,1,2,0
1976,R,mcbrb101,11,8,7,2,5,0,0,1,0,1,1,0,1,0,0,0,0,0
1976,R,mccat101,2,141,109,34,52,7,1,3,0,28,28,2,10,1,1,1,2,0
1976,R,mccat101,3,4,4,0,0,0,0,0,0,0,0,0,1,0,0,0,0,0
1976,R,mccat101,11,49,42,9,15,4,1,0,0,1,7,0,3,0,0,0,0,0
1976,R,mccow101,3,204,184,37,64,9,0,6,0,29,19,6,36,4,1,0,0,0
1976,R,mccow101,10,25,22,4,4,0,0,0,0,0,3,1,3,0,0,0,0,0
1976,R,mccow101,11,22,20,5,8,0,0,1,0,7,2,1,4,0,0,0,0,0
1976,R,mcenw101,1,9,6,1,1,0,0,0,0,0,2,0,4,0,0,1,0,0
1976,R,mcgll101,1,81,71,15,18,3,0,0,0,11,1,0,15,0,0,7,2,0
1976,R,mcgrt001,1,7,7,1,2,1,0,0,0,0,0,0,2,0,0,0,0,0
1976,R,mckad101,5,151,134,27,29,2,0,0,0,8,9,0,26,5,4,4,0,0
1976,R,mckad101,6,1,1,0,0,0,0,0,0,0,0,0,0,1,0,0,0,0
1976,R,mckad101,11,3,3,1,1,0,0,0,0,0,0,0,1,0,0,0,0,0
1976,R,mclab101,1,23,19,0,0,0,0,0,0,0,2,0,7,0,0,2,0,0
1976,R,mcmuk101,3,76,70,15,28,2,1,3,0,10,5,0,13,1,0,1,0,0
1976,R,mcmuk101,5,42,35,7,8,1,0,0,0,2,6,2,3,1,1,0,0,0
1976,R,mcmuk101,7,15,15,3,3,0,0,0,0,0,0,0,3,1,0,0,0,0
1976,R,mcmuk101,10,55,46,11,18,2,1,1,0,4,9,1,8,1,0,0,0,0
1976,R,mcmuk101,11,23,20,5,9,1,0,1,0,7,2,0,6,0,0,0,1,0
1976,R,mcrah001,7,122,108,38,46,5,0,1,0,11,12,3,6,2,0,0,2,0
1976,R,mcrah001,10,483,417,137,197,29,5,7,0,62,50,3,37,11,8,2,6,0
1976,R,mcrah001,11,4,2,0,0,0,0,0,0,0,2,1,0,0,0,0,0,0
1976,R,medid101,1,64,52,5,5,0,0,0,0,1,4,0,21,2,0,8,0,0
1976,R,mejis101,7,2,2,0,0,0,0,0,0,0,0,0,0,0,0,0,0,0
1976,R,mejis101,8,1,1,0,0,0,0,0,0,0,0,0,0,0,0,0,0,0
1976,R,mejis101,9,20,18,3,4,1,0,0,0,0,2,1,2,2,0,0,0,0
1976,R,melel101,7,23,22,6,7,1,0,0,0,2,1,1,0,0,0,0,0,0
1976,R,melel101,8,91,88,21,24,3,0,0,0,1,2,0,8,3,0,0,1,0
1976,R,melel101,9,6,6,2,2,0,0,0,0,1,0,0,0,0,0,0,0,0
1976,R,melel101,11,27,27,3,4,1,0,0,0,1,0,0,7,3,0,0,0,0
1976,R,meltb101,3,110,94,16,24,2,0,2,0,8,14,0,15,2,0,1,1,0
1976,R,meltb101,5,57,53,14,22,6,1,0,0,3,4,0,4,0,0,0,0,0
1976,R,meltb101,10,200,170,35,60,9,2,4,0,26,25,2,27,3,2,1,2,0
1976,R,meltb101,11,25,24,6,6,0,0,0,0,5,1,0,7,0,0,0,0,0
1976,R,mendm101,4,1,1,1,1,0,0,0,0,0,0,0,0,0,0,0,0,0
1976,R,mendm101,6,95,90,16,21,5,0,0,0,12,4,1,15,3,0,0,1,0
1976,R,mendm101,11,1,1,0,0,0,0,0,0,0,0,0,0,0,0,0,0,0
1976,R,merca101,11,2,2,0,0,0,0,0,0,0,0,0,2,0,0,0,0,0
1976,R,messa101,1,77,67,12,13,1,0,0,0,10,4,0,19,1,0,6,0,0
1976,R,metzb101,1,12,8,0,0,0,0,0,0,0,2,0,2,0,0,2,0,0
1976,R,metzr101,4,8,7,2,2,0,0,0,0,0,1,0,1,0,0,0,0,0
1976,R,metzr101,6,535,474,99,128,13,8,0,0,29,51,10,62,11,0,8,2,0
1976,R,meyed001,3,82,75,22,26,4,0,0,0,3,6,0,6,2,0,1,0,0
1976,R,meyed001,7,196,183,44,59,4,4,1,0,10,10,0,12,8,0,2,1,0
1976,R,meyed001,11,37,36,8,11,0,0,1,0,3,1,0,4,0,0,0,0,0
1976,R,milbl001,0,1,1,0,0,0,0,0,0,0,0,0,0,0,0,0,0,0
1976,R,milbl001,4,141,126,33,37,4,0,0,0,7,13,0,10,3,1,1,0,0
1976,R,milbl001,11,19,18,3,3,0,0,0,0,0,1,0,0,0,0,0,0,0
1976,R,milem101,6,44,38,7,9,2,0,0,0,4,4,1,8,1,0,1,1,0
1976,R,millb107,4,21,19,4,5,1,0,0,0,2,2,1,3,0,0,0,0,0
1976,R,millb107,5,3,3,0,0,0,0,0,0,0,0,0,0,0,0,0,0,0
1976,R,millb107,11,3,3,0,0,0,0,0,0,0,0,0,2,0,0,0,0,0
1976,R,millf105,4,583,527,149,180,24,2,1,0,35,41,5,19,15,7,6,2,0
1976,R,millf105,11,4,4,1,2,1,0,0,0,0,0,0,0,0,0,0,0,0
1976,R,millr001,7,69,59,11,14,1,1,0,0,0,9,1,9,1,0,1,0,0
1976,R,millr001,8,144,124,38,50,8,2,0,0,17,15,0,17,1,0,4,1,0
1976,R,millr001,9,69,61,19,24,5,0,0,0,7,6,1,13,2,0,0,2,0
1976,R,millr001,10,11,9,3,3,0,0,0,0,1,1,0,4,0,0,1,0,0
1976,R,millr001,11,20,16,5,6,1,0,0,0,2,3,0,4,0,0,1,0,0
1976,R,milnj101,3,25,22,3,3,0,0,0,0,1,3,0,2,1,0,0,0,0
1976,R,milnj101,7,474,409,111,188,24,4,15,3,73,62,1,51,11,0,0,3,0
1976,R,milnj101,11,12,12,6,7,1,0,0,0,4,0,0,0,0,0,0,0,0
1976,R,minom101,10,8,8,1,1,0,0,0,0,0,0,0,2,0,0,0,0,0
1976,R,mintg001,1,5,5,1,1,0,0,0,0,0,0,0,2,0,0,0,0,0
1976,R,mittg101,2,225,210,44,60,4,0,4,0,19,13,1,40,6,0,0,2,0
1976,R,mittg101,3,84,77,20,26,3,0,1,0,9,3,1,17,3,0,0,4,0
1976,R,mittg101,11,16,16,1,1,0,0,0,0,0,0,0,6,0,0,0,0,0
1976,R,moatd101,7,11,10,2,3,1,0,0,0,0,1,1,0,0,0,0,0,0
1976,R,moatd101,8,127,117,27,34,5,1,0,0,8,6,0,17,0,0,3,1,0
1976,R,moatd101,9,5,4,2,2,0,0,0,0,2,1,0,0,0,0,0,0,0
1976,R,moatd101,10,1,1,0,0,0,0,0,0,0,0,0,0,0,0,0,0,0
1976,R,moatd101,11,9,5,2,3,1,0,0,0,3,3,1,1,0,0,0,1,0
1976,R,moffr101,1,14,14,2,2,0,0,0,0,1,0,0,5,0,0,0,0,0
1976,R,mondr001,3,140,126,34,66,3,1,9,0,17,13,5,26,3,0,0,1,0
1976,R,mondr001,7,18,18,3,9,0,0,2,0,4,0,0,7,0,0,0,0,0
1976,R,mondr001,8,438,385,107,192,17,4,20,0,53,47,3,90,4,2,2,2,0
1976,R,mondr001,11,5,5,1,4,0,0,1,0,3,0,0,2,0,0,0,0,0
1976,R,moned101,5,463,409,112,173,17,4,12,0,56,43,1,46,11,0,5,6,0
1976,R,moned101,10,31,26,4,5,1,0,0,0,6,4,1,1,0,0,1,0,0
1976,R,moned101,11,4,4,1,1,0,0,0,0,0,0,0,3,0,0,0,0,0
1976,R,montb101,2,94,90,22,33,3,1,2,0,10,4,1,19,1,0,0,0,0
1976,R,montb101,10,4,2,1,4,0,0,1,0,3,1,0,0,0,0,0,1,0
1976,R,montb101,11,1,1,0,0,0,0,0,0,0,0,0,1,0,0,0,0,0
1976,R,montj001,1,91,78,8,9,1,0,0,0,3,5,0,42,1,1,6,1,0
1976,R,montw101,3,689,648,205,270,28,2,11,0,82,36,11,46,26,1,1,3,0
1976,R,montw101,11,2,2,1,2,1,0,0,0,2,0,0,1,0,0,0,0,0
1976,R,moorc001,2,178,158,30,40,4,3,0,0,5,18,0,27,2,0,2,0,0
1976,R,moorc001,7,98,76,15,29,3,1,3,0,10,18,0,15,2,1,1,2,0
1976,R,moorc001,10,3,1,0,0,0,0,0,0,1,2,0,0,0,0,0,0,0
1976,R,moorc001,11,11,6,1,1,0,0,0,0,0,5,0,3,0,0,0,0,0
1976,R,moorj101,4,2,2,0,0,0,0,0,0,0,0,0,0,0,0,0,0,0
1976,R,moorj101,5,13,10,2,2,0,0,0,0,0,2,0,2,0,0,1,0,0
1976,R,moorj101,7,3,2,1,1,0,0,0,0,0,1,0,0,0,0,0,0,0
1976,R,moorj101,11,14,12,4,5,1,0,0,0,2,1,0,2,0,1,0,0,0
1976,R,moosb101,1,12,12,3,8,0,1,1,0,2,0,0,0,1,0,0,0,0
1976,R,moraa101,7,103,96,26,47,6,0,5,0,13,4,0,25,2,0,2,1,0
1976,R,moraa101,9,2,2,1,1,0,0,0,0,0,0,0,1,0,0,0,0,0
1976,R,moraa101,10,121,116,20,27,4,0,1,0,10,3,0,22,2,0,0,2,0
1976,R,moraa101,11,12,6,1,2,1,0,0,0,2,6,0,1,0,0,0,0,0
1976,R,moraj001,2,23,22,3,3,0,0,0,0,0,1,1,6,0,0,0,0,0
1976,R,moraj001,3,60,58,22,31,6,0,1,0,13,0,0,5,1,0,0,2,0
1976,R,moraj001,11,82,78,25,39,5,0,3,0,24,2,2,9,4,2,0,0,0
1976,R,moraj101,8,20,19,9,12,3,0,0,0,3,1,0,2,0,0,0,0,0
1976,R,moraj101,9,558,513,137,196,14,0,15,0,63,40,7,47,20,0,1,4,0
1976,R,moraj101,11,5,5,1,4,0,0,1,0,1,0,0,0,0,0,0,0,0
1976,R,moreo001,8,136,117,31,41,4,0,2,0,12,16,0,22,0,1,1,1,0
1976,R,moreo001,11,5,5,2,4,0,1,0,0,0,0,0,2,0,0,0,0,0
1976,R,morer101,1,26,23,3,3,0,0,0,0,1,0,0,8,0,0,2,1,0
1976,R,morgj001,4,591,467,151,272,30,5,27,2,110,111,8,39,2,1,0,12,0
1976,R,morgj001,11,8,5,0,0,0,0,0,0,1,3,0,2,0,0,0,0,0
1976,R,mortc102,1,54,45,8,8,0,0,0,0,6,2,0,15,0,0,5,2,0
1976,R,motam101,7,13,12,3,4,1,0,0,0,1,1,0,1,0,0,0,0,0
1976,R,motam101,11,47,40,12,14,2,0,0,0,12,6,3,4,1,0,0,1,0
1976,R,mumpj001,7,49,42,11,16,3,1,0,0,3,7,0,5,1,0,0,0,0
1976,R,mumpj001,8,337,305,75,94,10,3,1,0,20,26,0,45,1,1,2,3,0
1976,R,mumpj001,9,27,27,10,13,1,1,0,0,3,0,0,1,0,0,0,0,0
1976,R,mumpj001,11,14,10,3,4,1,0,0,0,0,4,0,2,0,0,0,0,0
1976,R,munst101,2,530,484,148,213,21,1,14,0,76,27,6,28,12,8,1,10,0
1976,R,munst101,7,10,10,5,6,1,0,0,0,2,0,0,0,0,0,0,0,0
1976,R,munst101,9,30,29,6,7,1,0,0,0,6,1,0,0,2,0,0,0,0
1976,R,munst101,10,91,89,24,36,3,0,3,0,18,1,0,10,3,1,0,0,0
1976,R,munst101,11,4,4,3,4,1,0,0,0,3,0,0,0,0,0,0,0,0
1976,R,murcb101,9,622,531,138,231,20,2,23,1,90,84,10,78,11,4,0,3,0
1976,R,murcb101,11,2,2,0,0,0,0,0,0,0,0,0,0,0,0,0,0,0
1976,R,murpd001,2,72,65,17,23,6,0,0,0,9,7,0,9,0,0,0,0,0
1976,R,murrd001,1,11,8,0,0,0,0,0,0,0,0,0,4,0,0,3,0,0
1976,R,murrl101,8,10,10,1,1,0,0,0,0,1,0,0,2,0,0,0,0,0
1976,R,murrl101,9,1,0,0,0,0,0,0,0,0,1,0,0,0,0,0,0,0
1976,R,muset101,3,281,255,58,69,6,1,1,0,19,19,3,29,7,0,4,3,0
1976,R,muset101,7,17,16,3,3,0,0,0,0,2,0,0,1,1,0,0,1,0
1976,R,muset101,8,11,10,2,2,0,0,0,0,1,0,0,1,0,0,0,1,0
1976,R,muset101,10,32,30,7,8,1,0,0,0,5,2,1,0,0,0,0,0,0
1976,R,muset101,11,15,15,4,4,0,0,0,0,3,0,0,3,1,0,0,0,0
1976,R,myrib101,1,3,3,0,0,0,0,0,0,1,0,0,2,0,0,0,0,0
1976,R,nahob001,2,3,3,1,2,1,0,0,0,0,0,0,0,0,0,0,0,0
1976,R,nahob001,11,2,2,0,0,0,0,0,0,0,0,0,0,0,0,0,0,0
1976,R,nelsd101,3,4,4,2,3,1,0,0,0,1,0,0,0,1,0,0,0,0
1976,R,nelsd101,4,130,118,30,35,3,1,0,0,13,8,0,17,0,0,3,1,0
1976,R,nelsd101,10,22,18,4,9,0,1,1,0,3,4,0,5,0,0,0,0,0
1976,R,nelsd101,11,15,13,0,0,0,0,0,0,0,2,0,4,0,0,0,0,0
1976,R,nettg001,5,656,582,148,277,29,2,32,1,93,62,6,93,8,5,2,5,0
1976,R,nettg001,11,1,1,0,0,0,0,0,0,0,0,0,1,0,0,0,0,0
1976,R,newmj001,2,84,75,15,19,4,0,0,0,4,4,0,12,0,0,5,0,0
1976,R,newmj001,11,2,2,0,0,0,0,0,0,0,0,0,0,0,0,0,0,0
1976,R,niekj001,1,32,27,5,10,2,0,1,0,1,1,0,8,0,0,4,0,0
1976,R,niekp001,1,105,94,18,24,3,0,1,0,12,0,0,8,3,1,9,1,0
1976,R,nolag101,1,88,79,8,8,0,0,0,0,3,3,0,33,0,0,6,0,0
1976,R,nordt101,4,6,6,0,0,0,0,0,0,0,0,0,2,0,0,0,0,0
1976,R,nordt101,6,28,23,5,5,0,0,0,0,0,4,0,6,1,0,1,0,0
1976,R,nordt101,11,1,1,0,0,0,0,0,0,0,0,0,0,0,0,0,0,0
1976,R,nordw101,2,7,7,1,1,0,0,0,0,0,0,0,1,0,0,0,0,0
1976,R,nordw101,9,32,28,5,6,1,0,0,0,5,0,0,9,0,0,1,3,0
1976,R,nordw101,10,20,16,4,5,1,0,0,0,0,4,0,2,0,0,0,0,0
1976,R,nordw101,11,2,2,0,0,0,0,0,0,0,0,0,0,1,0,0,0,0
1976,R,normf101,1,59,50,7,7,0,0,0,0,1,1,0,9,0,0,7,1,0
1976,R,nortb101,8,606,534,145,178,19,4,2,0,24,62,3,84,7,2,5,3,0
1976,R,nortb101,9,27,24,6,8,0,1,0,0,1,3,0,5,0,0,0,0,0
1976,R,nortb101,10,39,30,12,13,1,0,0,0,6,7,0,5,1,0,1,1,0
1976,R,nortb101,11,3,2,0,0,0,0,0,0,0,1,0,1,0,0,0,0,0
1976,R,nyman101,7,14,14,2,3,1,0,0,0,1,0,0,3,0,0,0,0,0
1976,R,nyman101,8,1,1,0,0,0,0,0,0,0,0,0,0,0,0,0,0,0
1976,R,oatej101,2,100,92,23,25,2,0,0,0,8,8,0,11,5,0,0,0,0
1976,R,oatej101,11,7,7,2,2,0,0,0,0,0,0,0,1,0,0,0,0,0
1976,R,offir101,8,400,352,99,130,17,1,4,0,34,37,3,49,4,2,5,4,0
1976,R,offir101,11,7,7,2,2,0,0,0,0,0,0,0,0,0,0,0,0,0
1976,R,oglib001,0,1,1,0,0,0,0,0,0,0,0,0,0,0,0,0,0,0
1976,R,oglib001,3,37,37,11,21,1,0,3,0,7,0,0,7,0,0,0,0,0
1976,R,oglib001,7,58,49,16,24,2,0,2,0,7,4,2,6,4,2,1,2,0
1976,R,oglib001,8,46,44,9,16,1,0,2,0,5,1,0,5,2,0,0,1,0
1976,R,oglib001,9,142,136,42,67,6,2,5,0,19,3,0,17,4,1,1,1,0
1976,R,oglib001,10,1,1,1,4,0,0,1,0,2,0,0,0,0,0,0,0,0
1976,R,oglib001,11,40,37,8,18,2,1,2,0,7,3,1,9,1,0,0,0,0
1976,R,oliva001,3,10,9,2,2,0,0,0,0,0,1,0,0,1,0,0,0,0
1976,R,oliva001,8,458,423,138,206,22,5,12,0,59,23,6,29,12,5,1,6,0
1976,R,oliva001,11,13,11,3,3,0,0,0,0,2,2,1,0,0,0,0,0,0
1976,R,olivt102,4,4,3,0,0,0,0,0,0,0,1,0,0,0,0,0,0,0
1976,R,olivt102,10,94,92,20,22,2,0,0,0,12,0,0,11,2,1,0,1,0
1976,R,olivt102,11,30,28,6,10,1,0,1,0,4,1,1,2,0,1,0,0,0
1976,R,ontis101,3,4,3,1,2,1,0,0,0,0,1,0,0,1,0,0,0,0
1976,R,ontis101,5,12,11,1,1,0,0,0,0,2,1,0,3,0,0,0,0,0
1976,R,ontis101,7,11,10,1,1,0,0,0,0,0,1,0,0,0,0,0,0,0
1976,R,ontis101,8,3,3,1,1,0,0,0,0,1,0,0,1,0,0,0,0,0
1976,R,ontis101,9,4,3,1,1,0,0,0,0,1,1,0,0,0,0,0,0,0
1976,R,ontis101,11,48,44,8,10,2,0,0,0,1,2,0,7,1,1,0,1,0
1976,R,ortaj001,5,215,203,50,81,7,3,6,0,20,7,2,23,6,3,0,2,0
1976,R,ortaj001,7,325,295,82,115,14,2,5,0,26,24,0,38,7,2,1,3,0
1976,R,ortaj001,9,8,8,3,6,1,1,0,0,1,0,0,1,1,0,0,0,0
1976,R,ortaj001,10,138,128,39,59,7,2,3,0,25,7,0,15,1,0,0,3,0
1976,R,ortaj001,11,2,2,0,0,0,0,0,0,0,0,0,0,0,0,0,0,0
1976,R,otisa001,8,665,592,165,263,40,2,18,0,86,55,7,100,13,5,5,8,0
1976,R,ott-e101,2,23,22,6,8,2,0,0,0,2,1,1,3,0,0,0,0,0
1976,R,ott-e101,11,20,17,6,6,0,0,0,0,3,2,0,2,0,0,0,1,0
1976,R,owchb001,1,2,1,0,0,0,0,0,0,0,0,0,0,0,0,1,0,0
1976,R,pacit001,3,40,37,14,21,0,2,1,0,7,3,0,6,2,0,0,0,0
1976,R,pacit001,5,2,2,0,0,0,0,0,0,0,0,0,1,0,0,0,0,0
1976,R,pacit001,7,100,93,21,26,3,1,0,0,9,5,1,18,3,1,0,1,0
1976,R,pacit001,8,16,14,1,3,0,1,0,0,1,1,0,3,0,0,1,0,0
1976,R,pacit001,9,169,157,50,65,6,0,3,1,18,8,1,25,3,2,1,1,0
1976,R,pacit001,11,23,21,8,9,1,0,0,0,1,2,0,4,0,0,0,0,0
1976,R,papek101,5,5,4,0,0,0,0,0,0,0,0,0,1,1,0,1,0,0
1976,R,papek101,6,19,13,3,7,1,0,1,0,4,3,1,1,0,2,1,0,0
1976,R,papek101,10,5,5,1,1,0,0,0,0,0,0,0,0,0,0,0,0,0
1976,R,papek101,11,1,1,1,1,0,0,0,0,0,0,0,0,0,0,0,0,0
1976,R,parkd001,9,569,533,166,253,28,10,13,0,87,30,6,80,16,2,0,4,0
1976,R,parkd001,11,4,4,2,2,0,0,0,0,3,0,0,0,0,0,0,0,0
1976,R,parrl002,5,592,542,126,197,28,5,11,0,61,41,2,91,13,2,1,6,0
1976,R,parrl002,11,1,1,0,0,0,0,0,0,0,0,0,0,0,0,0,0,0
1976,R,paslk101,2,56,52,12,14,2,0,0,0,2,3,1,7,0,0,1,0,0
1976,R,patef101,6,504,432,104,132,19,3,1,0,43,50,5,63,6,2,13,6,1
1976,R,pentg101,1,6,5,1,1,0,0,0,0,0,1,0,1,0,0,0,0,0
1976,R,perem101,4,416,369,95,116,13,1,2,0,27,30,0,28,7,0,13,4,0
1976,R,perem101,5,3,3,1,1,0,0,0,0,0,0,0,0,0,0,0,0,0
1976,R,perem101,6,60,51,13,19,3,0,1,0,5,8,0,8,1,0,1,0,0
1976,R,perem101,11,5,5,1,2,1,0,0,0,0,0,0,1,0,0,0,0,0
1976,R,peret001,3,578,519,133,226,30,6,17,0,85,50,9,88,10,5,0,4,0
1976,R,peret001,11,8,8,4,12,2,0,2,0,6,0,0,0,0,0,0,0,0
1976,R,petrr101,3,1,1,0,0,0,0,0,0,0,0,0,0,0,0,0,0,0
1976,R,petrr101,4,19,18,2,3,1,0,0,0,1,1,0,3,1,0,0,0,0
1976,R,petrr101,5,243,209,48,64,5,1,3,0,22,29,3,27,8,0,2,3,0
1976,R,petrr101,10,13,10,1,2,1,0,0,0,0,3,0,5,0,0,0,0,0
1976,R,petrr101,11,3,2,0,0,0,0,0,0,1,1,0,1,0,0,0,0,0
1976,R,philm101,4,78,75,17,24,0,2,1,0,7,2,2,7,0,0,0,1,0
1976,R,philm101,5,28,22,6,7,1,0,0,0,2,4,0,2,0,0,1,1,0
1976,R,philm101,6,177,152,41,61,3,4,3,0,20,19,6,16,2,0,2,3,1
1976,R,philm101,11,13,13,3,3,0,0,0,0,0,0,0,4,0,0,0,0,0
1976,R,pinil001,7,34,30,11,14,3,0,0,0,4,4,0,3,0,0,0,0,0
1976,R,pinil001,9,154,147,44,57,4,3,1,0,15,4,3,12,1,2,1,0,0
1976,R,pinil001,10,149,138,35,55,8,3,2,0,17,8,4,15,3,0,2,1,0
1976,R,pinil001,11,14,12,2,3,1,0,0,0,2,2,1,4,0,0,0,0,0
1976,R,plumb101,2,164,149,36,56,6,1,4,0,18,14,0,35,7,0,1,0,0
1976,R,plumb101,11,4,4,2,2,0,0,0,0,1,0,0,1,0,0,0,0,0
1976,R,pocob001,2,194,172,41,48,7,0,0,0,14,19,2,12,8,0,1,2,0
1976,R,pocob001,11,2,2,1,1,0,0,0,0,0,0,0,0,0,0,0,0,0
1976,R,poled101,1,1,1,0,0,0,0,0,0,0,0,0,0,0,0,0,0,0
1976,R,poqut101,7,315,285,87,119,14,6,2,0,27,22,2,26,8,4,2,2,0
1976,R,poqut101,9,57,52,15,27,4,4,0,0,4,5,1,4,1,0,0,0,0
1976,R,poqut101,10,1,1,1,1,0,0,0,0,2,0,0,0,0,0,0,0,0
1976,R,poqut101,11,8,6,1,1,0,0,0,0,1,2,0,1,0,0,0,0,0
1976,R,portd001,2,429,374,78,109,14,1,5,0,31,47,3,60,4,1,3,4,0
1976,R,portd001,10,9,8,2,2,0,0,0,0,1,0,0,0,0,0,0,1,0
1976,R,portd001,11,11,7,1,1,0,0,0,0,0,4,0,1,0,0,0,0,0
1976,R,pottm101,7,12,11,0,0,0,0,0,0,0,1,0,4,0,0,0,0,0
1976,R,pottm101,11,5,5,0,0,0,0,0,0,0,0,0,2,0,0,0,0,0
1976,R,poweb101,3,333,283,60,96,9,0,9,0,30,41,3,40,8,0,2,7,0
1976,R,poweb101,11,10,10,3,3,0,0,0,0,3,0,0,3,2,0,0,0,0
1976,R,prolm101,1,1,0,0,0,0,0,0,0,0,0,0,0,0,0,1,0,0
1976,R,pruir101,2,19,16,5,8,1,1,0,0,2,2,0,1,0,0,0,1,0
1976,R,pruir101,3,3,3,0,0,0,0,0,0,0,0,0,0,0,0,0,0,0
1976,R,pruir101,5,12,9,2,2,0,0,0,0,0,3,0,0,0,0,0,0,0
1976,R,pruir101,7,32,30,7,7,0,0,0,0,2,2,0,2,1,0,0,0,0
1976,R,pruir101,8,2,2,0,0,0,0,0,0,0,0,0,0,0,0,0,0,0
1976,R,pruir101,9,25,19,6,6,0,0,0,0,0,6,1,4,0,0,0,0,0
1976,R,pruir101,10,2,2,1,1,0,0,0,0,0,0,0,0,0,0,0,0,0
1976,R,pruir101,11,9,5,2,2,0,0,0,0,1,3,0,1,0,0,0,1,0
1976,R,pryog001,4,9,8,3,3,0,0,0,0,1,0,0,1,0,0,1,0,0
1976,R,putme101,2,1,1,1,1,0,0,0,0,0,0,0,0,0,0,0,0,0
1976,R,putme101,3,4,4,1,1,0,0,0,0,0,0,0,0,1,0,0,0,0
1976,R,putme101,11,2,2,1,1,0,0,0,0,0,0,0,0,1,0,0,0,0
1976,R,quirj001,3,2,2,0,0,0,0,0,0,0,0,0,1,0,0,0,0,0
1976,R,quirj001,5,13,12,5,7,2,0,0,0,2,0,0,0,1,0,0,1,0
1976,R,quirj001,6,6,4,1,1,0,0,0,0,0,2,0,2,0,0,0,0,0
1976,R,quirj001,10,65,64,15,21,3,0,1,0,7,0,0,12,3,0,0,1,0
1976,R,quirj001,11,33,32,7,8,1,0,0,0,6,0,0,7,1,0,0,1,0
1976,R,raded101,0,1,1,0,0,0,0,0,0,0,0,0,1,0,0,0,0,0
1976,R,raded101,2,269,242,65,82,14,0,1,0,19,25,7,19,12,0,1,1,0
1976,R,raded101,11,14,12,2,3,1,0,0,0,3,2,1,1,0,0,0,0,0
1976,R,raded103,5,538,469,121,178,22,4,9,1,55,55,3,101,12,3,5,6,0
1976,R,raded103,11,2,2,0,0,0,0,0,0,0,0,0,1,0,0,0,0,0
1976,R,ramio101,6,83,70,14,15,1,0,0,0,5,6,0,11,2,0,7,0,0
1976,R,randb101,4,531,475,127,156,18,4,1,0,34,28,0,38,6,8,17,3,0
1976,R,randl101,4,467,424,92,110,10,4,0,0,38,35,1,51,4,2,3,3,0
1976,R,randl101,5,2,1,0,0,0,0,0,0,0,1,1,0,0,0,0,0,0
1976,R,randl101,7,124,110,27,35,1,2,1,0,12,10,0,12,0,0,3,1,0
1976,R,randl101,10,2,2,1,1,0,0,0,0,1,0,0,0,0,0,0,0,0
1976,R,randl101,11,2,2,1,1,0,0,0,0,0,0,0,0,0,0,0,0,0
1976,R,randw001,4,497,429,115,141,15,4,1,0,40,57,5,39,10,2,6,3,0
1976,R,randw001,11,2,1,0,0,0,0,0,0,0,1,0,0,0,0,0,0,0
1976,R,rasme101,1,44,38,4,5,1,0,0,0,2,2,0,15,1,0,4,0,0
1976,R,rau-d101,1,76,60,9,9,0,0,0,0,2,7,0,15,4,0,8,1,0
1976,R,reedr001,1,26,24,4,5,1,0,0,0,2,0,0,3,0,0,2,0,0
1976,R,reitk101,5,611,574,154,192,21,1,5,0,66,24,5,47,24,1,3,9,0
1976,R,reitk101,6,1,1,0,0,0,0,0,0,0,0,0,1,0,0,0,0,0
1976,R,reitk101,11,2,2,0,0,0,0,0,0,0,0,0,0,0,0,0,0,0
1976,R,remyj001,4,556,501,131,151,14,3,0,0,28,38,1,43,5,0,13,4,0
1976,R,remyj001,11,1,1,1,1,0,0,0,0,0,0,0,0,0,0,0,0,0
1976,R,renks101,1,59,55,6,6,0,0,0,0,1,0,0,17,3,0,4,0,0
1976,R,renks101,11,1,1,0,0,0,0,0,0,0,0,0,0,0,0,0,0,0
1976,R,rettm101,0,1,1,0,0,0,0,0,0,0,0,0,0,0,0,0,0,0
1976,R,rettm101,7,93,75,16,20,4,0,0,0,3,16,0,12,2,0,2,0,0
1976,R,rettm101,8,2,2,0,0,0,0,0,0,0,0,0,0,0,0,0,0,0
1976,R,rettm101,9,27,22,4,5,1,0,0,0,1,4,0,3,1,0,1,0,0
1976,R,rettm101,11,49,40,12,20,2,0,2,0,7,9,0,8,0,0,0,0,0
1976,R,reusj001,1,78,66,16,19,1,1,0,0,8,9,0,22,0,0,3,0,0
1976,R,reusp101,1,15,13,2,2,0,0,0,0,1,1,0,4,0,0,0,1,0
1976,R,reusr001,1,97,83,19,23,4,0,0,0,6,6,0,16,2,1,7,0,0
1976,R,reync001,6,4,4,1,4,0,0,1,0,1,0,0,0,0,0,0,0,0
1976,R,reynk101,1,5,5,0,0,0,0,0,0,0,0,0,0,0,0,0,0,0
1976,R,rhodr001,1,73,65,20,26,3,0,1,0,9,1,0,12,1,0,7,0,0
1976,R,riccf101,1,6,6,1,1,0,0,0,0,0,0,0,3,0,0,0,0,0
1976,R,ricej001,7,405,378,110,189,16,6,17,0,53,21,1,80,12,1,1,4,0
1976,R,ricej001,10,217,201,53,87,9,2,7,0,29,7,1,42,6,3,1,5,0
1976,R,ricej001,11,2,2,1,4,0,0,1,0,3,0,0,1,0,0,0,0,0
1976,R,richj101,1,105,100,14,21,1,0,2,0,9,0,0,33,0,1,1,2,1
1976,R,richl101,4,66,63,13,21,4,2,0,0,4,3,0,5,1,0,0,0,0
1976,R,richl101,5,3,2,0,0,0,0,0,0,0,0,0,0,0,0,1,0,0
1976,R,richl101,6,23,22,3,3,0,0,0,0,1,1,1,3,3,0,0,0,0
1976,R,richl101,11,5,4,0,0,0,0,0,0,0,0,0,1,0,0,1,0,0
1976,R,riveb101,7,158,147,39,60,7,4,2,1,15,10,1,24,5,0,1,0,0
1976,R,riveb101,9,26,23,7,10,3,0,0,0,4,3,0,5,0,0,0,0,0
1976,R,riveb101,11,15,15,5,6,1,0,0,0,0,0,0,3,0,0,0,0,0
1976,R,rivem001,8,612,590,184,255,31,8,8,0,67,12,0,51,3,3,2,5,0
1976,R,robeb101,3,116,104,25,37,4,1,2,0,20,11,0,15,0,0,0,1,0
1976,R,robeb101,11,31,25,3,4,1,0,0,0,5,5,0,8,1,0,0,1,0
1976,R,robel001,0,1,1,0,0,0,0,0,0,0,0,0,0,0,0,0,0,0
1976,R,robel001,7,183,166,47,71,8,2,4,0,21,13,1,29,1,2,1,1,0
1976,R,robel001,9,46,42,14,21,1,0,2,0,8,2,0,8,0,1,0,1,0
1976,R,robel001,11,30,26,7,12,2,0,1,0,4,4,0,6,1,0,0,0,0
1976,R,robib101,3,8,8,1,1,0,0,0,0,0,0,0,5,0,0,0,0,0
1976,R,robib101,5,144,137,38,73,9,1,8,0,22,5,0,28,4,0,0,2,0
1976,R,robib101,7,41,37,10,15,2,0,1,0,5,2,0,8,2,1,1,0,0
1976,R,robib101,8,90,89,28,39,3,1,2,0,13,1,0,13,1,0,0,0,0
1976,R,robib101,9,120,111,37,74,8,1,9,0,21,7,1,17,7,0,2,0,0
1976,R,robib101,11,13,11,5,8,0,0,1,0,3,1,0,2,0,0,0,1,0
1976,R,robib104,5,228,215,46,67,8,2,3,0,10,7,0,23,5,1,3,2,0
1976,R,robib104,11,4,3,0,0,0,0,0,0,1,1,0,1,0,0,0,0,0
1976,R,robic101,4,30,22,5,6,1,0,0,0,5,6,0,5,0,0,1,1,0
1976,R,robic101,5,1,0,0,0,0,0,0,0,0,1,0,0,0,0,0,0,0
1976,R,robic101,6,4,4,1,1,0,0,0,0,0,0,0,0,0,0,0,0,0
1976,R,robic101,11,5,4,2,2,0,0,0,0,0,1,0,1,0,0,0,0,0
1976,R,robif103,3,4,4,0,0,0,0,0,0,0,0,0,0,1,0,0,0,0
1976,R,robif103,7,3,2,0,0,0,0,0,0,0,1,0,0,0,0,0,0,0
1976,R,robif103,10,56,48,11,20,0,0,3,0,5,8,0,9,2,0,0,0,0
1976,R,robif103,11,16,13,4,4,0,0,0,0,5,2,0,3,0,0,0,1,0
1976,R,robls101,2,3,3,0,0,0,0,0,0,0,0,0,2,0,0,0,0,0
1976,R,rockp101,6,1,1,0,0,0,0,0,0,0,0,0,0,0,0,0,0,0
1976,R,rockp101,11,4,4,1,1,0,0,0,0,0,0,0,1,0,0,0,0,0
1976,R,rodra101,5,514,480,115,156,13,2,8,0,50,19,3,61,19,1,9,5,0
1976,R,rodre101,2,87,65,13,13,0,0,0,0,8,17,2,12,1,3,0,2,0
1976,R,rodre101,11,3,1,1,1,0,0,0,0,1,2,0,0,0,0,0,0,0
1976,R,roeng001,7,8,8,0,0,0,0,0,0,0,0,0,1,0,0,0,0,0
1976,R,roeng001,9,83,78,19,30,3,1,2,0,5,3,0,15,1,1,0,1,0
1976,R,roeng001,11,5,4,1,1,0,0,0,0,0,1,0,2,0,0,0,0,0
1976,R,roges001,1,81,74,11,11,0,0,0,0,4,1,0,24,1,0,6,0,0
1976,R,rojac101,4,75,69,18,21,3,0,0,0,11,4,0,8,0,0,1,1,0
1976,R,rojac101,5,18,16,5,7,2,0,0,0,3,1,0,0,1,0,0,1,0
1976,R,rojac101,10,26,22,2,2,0,0,0,0,1,2,0,2,2,0,1,1,0
1976,R,rojac101,11,26,25,7,8,1,0,0,0,1,1,0,5,2,0,0,0,0
1976,R,rondg101,1,16,14,4,4,0,0,0,0,1,0,0,4,1,0,2,0,0
1976,R,roofp101,2,51,50,10,13,3,0,0,0,4,1,0,7,2,0,0,0,0
1976,R,roofp101,10,1,1,1,1,0,0,0,0,0,0,0,0,0,0,0,0,0
1976,R,roofp101,11,5,4,0,0,0,0,0,0,0,1,0,2,0,0,0,0,0
1976,R,rookj101,1,81,74,16,23,2,1,1,0,6,1,0,31,1,0,5,1,0
1976,R,rosaj101,7,37,34,7,10,0,0,1,0,5,3,0,7,0,0,0,0,0
1976,R,rosaj101,8,1,1,0,0,0,0,0,0,0,0,0,1,0,0,0,0,0
1976,R,rosaj101,10,2,2,0,0,0,0,0,0,0,0,0,0,0,0,0,0,0
1976,R,rosed101,4,1,1,0,0,0,0,0,0,0,0,0,0,0,0,0,0,0
1976,R,rosed101,6,268,225,55,65,5,1,1,0,11,40,8,32,4,1,1,1,0
1976,R,rosed101,11,2,1,0,0,0,0,0,0,0,1,0,1,0,0,0,0,0
1976,R,rosep001,5,756,662,213,297,42,6,10,0,62,86,7,54,17,6,0,2,0
1976,R,rosep001,11,3,3,2,2,0,0,0,0,1,0,0,0,0,0,0,0,0
1976,R,roysj001,5,598,526,131,161,13,1,5,0,45,52,4,53,11,1,14,5,0
1976,R,roysj001,6,6,6,1,1,0,0,0,0,0,0,0,0,0,0,0,0,0
1976,R,roysj001,11,1,1,0,0,0,0,0,0,0,0,0,0,0,0,0,0,0
1976,R,rudij101,3,4,1,0,0,0,0,0,0,0,3,2,0,0,0,0,0,0
1976,R,rudij101,7,536,482,132,207,30,3,13,0,92,37,8,67,14,3,3,10,1
1976,R,rudij101,8,8,7,1,2,1,0,0,0,0,1,0,1,0,0,0,0,0
1976,R,rudij101,10,8,8,1,2,1,0,0,0,1,0,0,3,0,0,0,0,0
1976,R,rudij101,11,2,2,1,1,0,0,0,0,1,0,0,0,0,0,0,0,0
1976,R,rudok101,2,38,37,4,6,2,0,0,0,4,1,0,6,2,0,0,0,0
1976,R,rudok101,11,13,13,4,5,1,0,0,0,1,0,0,1,0,0,0,0,0
1976,R,russb001,6,590,554,152,190,17,3,5,0,65,21,9,46,14,3,6,6,0
1976,R,ruthd001,1,89,76,13,14,1,0,0,0,5,3,0,21,1,1,9,0,0
1976,R,sadem101,2,104,90,18,20,2,0,0,0,6,10,2,9,2,1,3,0,0
1976,R,sadem101,11,5,3,1,1,0,0,0,0,1,1,0,1,0,0,1,0,0
1976,R,sambj001,1,12,9,2,2,0,0,0,0,1,3,0,2,0,0,0,0,0
1976,R,sandk101,1,2,2,0,0,0,0,0,0,0,0,0,0,0,0,0,0,0
1976,R,sandt101,4,11,10,1,2,1,0,0,0,1,1,0,0,0,0,0,0,0
1976,R,sandt101,5,1,0,0,0,0,0,0,0,0,0,0,0,0,0,1,0,0
1976,R,sandt101,6,61,55,13,13,0,0,0,0,2,6,0,9,1,0,0,0,0
1976,R,sandt101,11,2,2,0,0,0,0,0,0,0,0,0,0,0,0,0,0,0
1976,R,sangm101,2,421,384,111,145,16,6,2,0,36,28,14,17,14,2,3,4,0
1976,R,sangm101,11,5,5,2,2,0,0,0,0,0,0,0,1,0,0,0,0,0
1976,R,sarmm101,1,7,7,0,0,0,0,0,0,0,0,0,1,0,0,0,0,0
1976,R,sawyr101,1,31,24,5,5,0,0,0,0,2,2,0,2,0,0,5,0,0
1976,R,scanp102,3,2,2,2,3,1,0,0,0,1,0,0,0,0,0,0,0,0
1976,R,scanp102,5,24,21,2,5,0,0,1,0,1,2,0,4,0,0,1,0,0
1976,R,scanp102,11,4,4,1,1,0,0,0,0,0,0,0,1,1,0,0,0,0
1976,R,schef102,1,5,4,1,1,0,0,0,0,0,0,0,0,0,0,1,0,0
1976,R,schmm001,5,705,584,153,306,31,4,38,0,107,100,8,149,7,11,3,7,0
1976,R,schub104,1,4,4,0,0,0,0,0,0,0,0,0,0,0,0,0,0,0
1976,R,schur101,1,3,2,0,0,0,0,0,0,1,0,0,2,0,0,1,0,0
1976,R,scotg102,3,670,605,166,251,21,5,18,0,77,53,6,119,19,5,0,7,0
1976,R,scotg102,11,1,1,0,0,0,0,0,0,0,0,0,0,0,0,0,0,0
1976,R,scotr101,4,3,3,1,1,0,0,0,0,0,0,0,1,0,0,0,0,0
1976,R,scotr101,6,7,7,3,3,0,0,0,0,0,0,0,0,0,0,0,0,0
1976,R,scotr101,11,1,0,0,0,0,0,0,0,0,1,0,0,0,0,0,0,0
1976,R,scric101,4,127,118,25,32,1,0,2,0,10,8,0,24,0,0,1,0,0
1976,R,scric101,5,9,8,2,2,0,0,0,0,0,1,0,2,0,0,0,0,0
1976,R,scric101,6,106,94,22,30,6,1,0,0,6,10,0,7,2,0,2,0,0
1976,R,scric101,11,2,2,0,0,0,0,0,0,0,0,0,1,0,0,0,0,0
1976,R,seavt001,1,100,82,7,7,0,0,0,0,3,9,0,26,1,0,9,0,0
1976,R,sharb102,7,37,35,9,9,0,0,0,0,3,2,0,1,0,0,0,0,0
1976,R,sharb102,8,21,20,8,9,1,0,0,0,1,1,0,3,0,0,0,0,0
1976,R,sharb102,9,109,100,20,22,2,0,0,0,5,4,0,6,3,1,4,0,0
1976,R,sharb102,10,10,10,3,4,1,0,0,0,2,0,0,1,0,0,0,0,0
1976,R,sharb102,11,18,15,4,4,0,0,0,0,0,3,0,4,0,0,0,0,0
1976,R,shopt101,2,7,6,1,1,0,0,0,0,0,1,0,0,0,0,0,0,0
1976,R,shopt101,7,7,6,1,1,0,0,0,0,0,1,0,1,0,0,0,0,0
1976,R,shopt101,8,4,3,0,0,0,0,0,0,0,1,0,1,0,0,0,0,0
1976,R,shopt101,9,2,2,1,1,0,0,0,0,1,0,0,0,0,0,0,0,0
1976,R,shopt101,11,3,3,1,1,0,0,0,0,0,0,0,1,0,0,0,0,0
1976,R,siebp101,1,2,2,0,0,0,0,0,0,0,0,0,0,0,0,0,0,0
1976,R,simmt001,2,467,405,115,154,23,2,4,0,51,56,14,20,8,0,0,6,0
1976,R,simmt001,3,116,103,32,46,9,1,1,0,18,13,5,11,1,0,0,0,0
1976,R,simmt001,5,9,7,2,2,0,0,0,0,2,2,0,1,0,0,0,0,0
1976,R,simmt001,7,26,24,6,8,2,0,0,0,0,2,0,2,0,0,0,0,0
1976,R,simmt001,11,7,7,4,5,1,0,0,0,4,0,0,1,0,0,0,0,0
1976,R,simpj101,7,5,4,2,3,1,0,0,0,0,1,0,0,0,0,0,0,0
1976,R,simpj101,8,15,15,1,1,0,0,0,0,0,0,0,4,0,0,0,0,0
1976,R,simpj101,9,11,11,1,1,0,0,0,0,0,0,0,2,0,0,0,0,0
1976,R,singk001,7,313,271,76,113,16,0,7,0,41,37,3,37,7,0,1,4,0
1976,R,singk001,9,237,208,56,79,7,2,4,1,22,27,2,31,7,0,1,1,0
1976,R,singk001,10,79,64,19,27,2,0,2,0,7,15,1,7,0,0,0,0,0
1976,R,singk001,11,1,1,0,0,0,0,0,0,0,0,0,1,0,0,0,0,0
1976,R,sizet101,0,1,1,1,1,0,0,0,0,1,0,0,0,0,0,0,0,0
1976,R,sizet101,2,5,3,1,1,0,0,0,0,0,1,0,0,0,0,1,0,0
1976,R,sizet101,4,268,245,56,66,8,1,0,0,16,14,1,22,4,0,8,1,0
1976,R,sizet101,5,5,4,1,1,0,0,0,0,0,0,0,0,1,0,1,0,0
1976,R,sizet101,11,13,13,5,5,0,0,0,0,1,0,0,0,0,0,0,0,0
1976,R,smalr001,4,149,116,24,29,2,0,1,0,7,28,3,25,4,0,3,1,1
1976,R,smalr001,6,470,397,109,137,16,3,2,0,37,48,1,81,7,2,22,1,0
1976,R,smitb101,6,5,5,2,2,0,0,0,0,0,0,0,1,0,0,0,0,0
1976,R,smitb101,11,4,3,1,1,0,0,0,0,0,0,0,1,0,0,1,0,0
1976,R,smitr101,3,64,60,15,25,2,1,2,0,5,3,0,13,3,1,0,0,0
1976,R,smitr101,5,53,50,8,20,0,0,4,0,8,3,0,7,0,0,0,0,0
1976,R,smitr101,8,11,11,3,4,1,0,0,0,1,0,0,0,0,0,0,0,0
1976,R,smitr101,9,291,266,70,126,12,4,12,0,33,23,5,48,5,1,0,1,0
1976,R,smitr101,11,11,8,4,4,0,0,0,0,2,3,1,2,0,0,0,0,0
1976,R,smitt102,7,33,33,7,7,0,0,0,0,2,0,0,3,0,0,0,0,0
1976,R,smitt102,9,135,127,35,46,3,1,2,0,9,8,2,5,4,0,0,0,0
1976,R,smitt102,10,2,2,0,0,0,0,0,0,0,0,0,0,0,0,0,0,0
1976,R,smitt102,11,3,2,0,0,0,0,0,0,1,0,0,0,0,0,0,1,0
1976,R,solat101,3,235,201,53,84,10,0,7,0,31,30,3,40,4,0,1,3,0
1976,R,solat101,10,80,70,17,26,3,0,2,0,9,10,0,17,0,0,0,0,0
1976,R,solat101,11,14,12,4,4,0,0,0,0,2,0,0,4,0,0,0,2,0
1976,R,soloe101,1,5,5,2,3,1,0,0,0,4,0,0,3,0,0,0,0,0
1976,R,sosae101,1,8,7,1,1,0,0,0,0,0,0,0,0,0,0,1,0,0
1976,R,speic001,3,1,1,0,0,0,0,0,0,0,0,0,0,0,0,0,0,0
1976,R,speic001,4,18,16,6,6,0,0,0,0,1,1,0,1,0,0,0,1,0
1976,R,speic001,5,11,8,1,2,1,0,0,0,0,2,0,2,0,0,1,0,0
1976,R,speic001,6,535,465,104,137,16,4,3,0,39,55,1,48,16,4,5,6,0
1976,R,speic001,11,7,5,1,2,1,0,0,0,0,2,0,1,0,0,0,0,0
1976,R,spenj101,3,569,509,131,190,13,2,14,0,70,49,19,51,10,1,3,7,0
1976,R,spenj101,10,4,4,0,0,0,0,0,0,0,0,0,2,0,0,0,0,0
1976,R,spenj101,11,5,5,0,0,0,0,0,0,0,0,0,0,0,0,0,0,0
1976,R,sperr101,4,10,9,2,3,1,0,0,0,1,1,0,3,1,0,0,0,0
1976,R,sperr101,5,61,53,14,15,1,0,0,0,3,7,0,13,0,0,1,0,0
1976,R,sperr101,6,25,23,5,5,0,0,0,0,3,1,0,6,1,0,0,1,0
1976,R,sperr101,7,8,6,2,3,1,0,0,0,0,0,0,2,0,0,2,0,0
1976,R,sperr101,11,3,2,1,1,0,0,0,0,0,0,0,1,0,0,1,0,0
1976,R,spikc101,7,9,8,0,0,0,0,0,0,0,1,0,0,0,0,0,0,0
1976,R,spikc101,9,348,318,79,109,11,5,3,1,31,22,3,46,4,5,1,2,0
1976,R,spikc101,10,1,1,0,0,0,0,0,0,0,0,0,1,0,0,0,0,0
1976,R,spikc101,11,7,7,0,0,0,0,0,0,0,0,0,3,0,0,0,0,0
1976,R,spild001,1,28,25,1,1,0,0,0,0,0,3,0,8,1,0,0,0,0
1976,R,stair101,5,333,302,66,82,8,1,2,0,26,25,6,35,8,1,1,4,0
1976,R,stair101,11,2,2,1,1,0,0,0,0,0,0,0,0,0,0,0,0,0
1976,R,stand101,1,61,52,11,13,2,0,0,0,3,5,0,13,0,0,4,0,0
1976,R,stanf101,4,2,1,0,0,0,0,0,0,0,0,0,0,1,0,1,0,0
1976,R,stanf101,6,303,258,62,71,2,2,1,0,20,34,0,29,4,1,10,0,0
1976,R,stanf101,11,1,1,0,0,0,0,0,0,0,0,0,0,0,0,0,0,0
1976,R,stanl102,7,70,63,12,17,5,0,0,0,6,5,0,16,4,0,2,0,0
1976,R,stanl102,8,80,74,11,14,3,0,0,0,3,4,0,17,1,1,1,0,0
1976,R,stanl102,9,87,73,15,22,4,0,1,0,8,10,1,15,4,0,1,3,0
1976,R,stanl102,10,8,7,4,9,0,1,1,1,6,0,0,2,0,0,1,0,0
1976,R,stanl102,11,19,14,2,3,1,0,0,0,2,5,0,7,0,0,0,0,0
1976,R,stanm101,3,66,62,16,32,7,0,3,0,11,3,1,4,2,0,0,1,0
1976,R,stanm101,4,1,1,0,0,0,0,0,0,0,0,0,0,0,0,0,0,0
1976,R,stanm101,5,41,38,13,19,4,1,0,0,5,3,0,2,1,0,0,0,0
1976,R,stanm101,6,1,1,0,0,0,0,0,0,0,0,0,0,0,0,0,0,0
1976,R,stanm101,7,32,32,5,8,0,0,1,0,2,0,0,3,0,0,0,0,0
1976,R,stanm101,8,61,55,12,17,5,0,0,0,5,6,0,5,1,0,0,0,0
1976,R,stanm101,9,7,6,3,3,0,0,0,0,2,1,0,1,0,0,0,0,0
1976,R,stanm101,11,20,19,6,7,1,0,0,0,4,1,0,4,3,0,0,0,0
1976,R,starw101,3,480,421,110,196,20,3,20,1,65,50,6,97,4,5,0,4,0
1976,R,starw101,11,7,7,0,0,0,0,0,0,0,0,0,4,0,0,0,0,0
1976,R,staur001,9,540,460,138,205,22,3,13,1,71,67,9,31,20,5,0,8,0
1976,R,staur001,10,150,129,38,50,6,0,2,0,25,16,2,18,3,2,0,3,0
1976,R,steaj001,2,118,100,27,39,6,0,2,0,10,16,0,11,4,1,0,1,0
1976,R,steaj001,11,3,3,0,0,0,0,0,0,0,0,0,0,0,0,0,0,0
1976,R,steib001,3,2,2,1,2,1,0,0,0,0,0,0,0,0,0,0,0,0
1976,R,steib001,4,203,187,56,74,7,1,3,0,21,8,3,22,4,2,6,0,0
1976,R,steib001,5,202,189,46,58,7,1,1,0,14,13,0,42,3,0,0,0,0
1976,R,steib001,6,2,2,0,0,0,0,0,0,0,0,0,0,0,0,0,0,0
1976,R,steib001,9,4,3,0,0,0,0,0,0,0,1,0,1,0,0,0,0,0
1976,R,steib001,10,2,2,0,0,0,0,0,0,0,0,0,0,0,0,0,0,0
1976,R,steib001,11,7,7,2,2,0,0,0,0,1,0,0,1,1,0,0,0,0
1976,R,stenr101,4,675,647,166,219,29,9,2,0,57,19,3,31,15,1,4,4,0
1976,R,stenr101,6,6,6,1,2,1,0,0,0,1,0,0,1,0,0,0,0,0
1976,R,stenr101,11,1,1,1,2,1,0,0,0,2,0,0,0,0,0,0,0,0
1976,R,stilr102,10,12,9,1,1,0,0,0,0,0,3,1,4,0,0,0,0,0
1976,R,stilr102,11,13,13,1,1,0,0,0,0,1,0,0,0,0,0,0,0,0
1976,R,stinb101,2,242,207,55,70,7,1,2,0,25,25,2,29,5,1,6,2,1
1976,R,stinb101,11,2,2,0,0,0,0,0,0,0,0,0,0,0,0,0,0,0
1976,R,stons101,1,22,21,3,3,0,0,0,0,0,0,0,9,0,0,1,0,0
1976,R,strob101,1,78,62,4,6,0,1,0,0,1,5,0,18,1,0,10,1,0
1976,R,strob101,11,1,1,0,0,0,0,0,0,0,0,0,0,0,0,0,0,0
1976,R,summc001,3,29,25,4,7,0,0,1,0,2,4,0,3,0,0,0,0,0
1976,R,summc001,7,36,31,5,8,0,0,1,0,2,4,0,10,1,0,1,0,0
1976,R,summc001,9,24,23,5,5,0,0,0,0,4,1,0,3,0,0,0,0,0
1976,R,summc001,11,53,47,12,17,2,0,1,0,5,4,1,15,2,1,0,1,0
1976,R,sundj001,2,495,447,101,138,24,2,3,0,34,37,0,61,15,0,9,2,0
1976,R,sundj001,11,1,1,1,1,0,0,0,0,0,0,0,0,0,0,0,0,0
1976,R,sutcr001,1,1,1,0,0,0,0,0,0,0,0,0,1,0,0,0,0,0
1976,R,suthg101,3,1,1,1,1,0,0,0,0,0,0,0,0,0,0,0,0,0
1976,R,suthg101,4,226,208,43,57,7,2,1,0,15,12,1,18,10,1,1,4,0
1976,R,suthg101,10,20,16,4,4,0,0,0,0,0,2,1,0,1,0,2,0,0
1976,R,suthg101,11,8,7,1,1,0,0,0,0,0,1,0,1,1,0,0,0,0
1976,R,suttb001,1,9,8,0,0,0,0,0,0,0,1,0,6,0,0,0,0,0
1976,R,suttd001,1,99,84,7,8,1,0,0,0,3,6,0,19,3,0,9,0,0
1976,R,swanc001,1,49,39,4,4,0,0,0,0,1,3,0,17,0,1,6,0,0
1976,R,swiss101,2,408,374,89,123,13,3,5,0,42,20,3,80,11,2,7,5,0
1976,R,swiss101,11,3,3,0,0,0,0,0,0,0,0,0,2,0,0,0,0,0
1976,R,tabbj101,3,20,19,7,7,0,0,0,0,0,1,0,1,0,0,0,0,0
1976,R,tabbj101,11,7,5,0,0,0,0,0,0,0,2,0,1,0,0,0,0,0
1976,R,tamaj101,2,5,3,1,1,0,0,0,0,0,2,0,0,1,0,0,0,0
1976,R,tamaj101,11,9,7,2,2,0,0,0,0,1,1,0,0,0,0,0,1,0
1976,R,tavea101,4,23,22,6,6,0,0,0,0,0,1,0,0,0,0,0,0,0
1976,R,tavea101,6,25,24,4,4,0,0,0,0,2,1,0,1,2,0,0,0,0
1976,R,tavef101,6,572,518,134,154,8,6,0,0,24,44,1,78,11,4,6,0,0
1976,R,tavef101,11,1,1,0,0,0,0,0,0,0,0,0,1,0,0,0,0,0
1976,R,taylc101,1,3,3,0,0,0,0,0,0,0,0,0,1,0,0,0,0,0
1976,R,taylt101,4,1,1,1,1,0,0,0,0,1,0,0,0,0,0,0,0,0
1976,R,taylt101,5,1,1,0,0,0,0,0,0,0,0,0,0,0,0,0,0,0
1976,R,taylt101,11,24,21,5,6,1,0,0,0,2,1,0,7,0,1,1,0,0
1976,R,tekuk001,1,10,9,0,0,0,0,0,0,0,0,0,6,0,0,1,0,0
1976,R,tempg001,6,224,212,62,77,8,2,1,0,17,7,0,33,1,1,2,2,0
1976,R,tempg001,11,1,1,0,0,0,0,0,0,0,0,0,0,0,0,0,0,0
1976,R,tenag101,2,243,198,47,84,10,0,9,0,28,40,0,45,1,2,0,3,0
1976,R,tenag101,3,257,212,57,107,9,1,13,0,38,40,2,42,5,2,1,2,0
1976,R,tenag101,10,5,5,0,0,0,0,0,0,0,0,0,2,1,0,0,0,0
1976,R,tenag101,11,3,2,0,0,0,0,0,0,0,1,0,2,0,0,0,0,0
1976,R,terrj101,4,57,53,10,11,1,0,0,0,2,2,0,4,0,1,1,0,0
1976,R,terrj101,5,67,60,18,20,0,1,0,0,2,4,0,4,2,0,2,1,0
1976,R,terrj101,6,45,43,9,10,1,0,0,0,2,2,0,5,2,0,0,0,0
1976,R,terrj101,7,5,3,1,1,0,0,0,0,0,1,0,1,0,0,1,0,0
1976,R,terrj101,9,1,1,1,2,1,0,0,0,0,0,0,0,0,0,0,0,0
1976,R,terrj101,10,6,6,2,2,0,0,0,0,1,0,0,0,0,0,0,0,0
1976,R,terrj101,11,5,5,1,1,0,0,0,0,1,0,0,1,0,0,0,0,0
1976,R,thomd001,4,289,250,58,76,4,4,2,0,17,27,0,21,4,4,6,2,0
1976,R,thomd001,5,4,4,1,1,0,0,0,0,1,0,0,0,0,0,0,0,0
1976,R,thomd001,6,1,1,0,0,0,0,0,0,0,0,0,0,0,0,0,0,0
1976,R,thomd001,8,2,2,1,1,0,0,0,0,0,0,0,0,0,0,0,0,0
1976,R,thomd001,9,5,5,1,2,1,0,0,0,1,0,0,2,0,0,0,0,0
1976,R,thomd001,11,12,10,2,2,0,0,0,0,0,2,0,3,1,0,0,0,0
1976,R,thomd101,7,121,105,29,48,5,1,4,0,15,14,1,28,1,2,0,0,0
1976,R,thomd103,4,45,41,14,18,1,0,1,0,6,2,0,6,0,1,1,0,0
1976,R,thomd103,5,125,111,20,22,2,0,0,0,4,10,0,9,4,0,2,2,0
1976,R,thomd103,6,169,160,35,39,4,0,0,0,6,4,0,11,2,1,3,1,0
1976,R,thomd103,10,1,1,0,0,0,0,0,0,0,0,0,1,0,0,0,0,0
1976,R,thomd103,11,7,7,2,2,0,0,0,0,3,0,0,0,0,0,0,0,0
1976,R,thomg001,8,201,175,36,61,8,1,5,0,24,19,1,56,5,1,4,2,0
1976,R,thomg001,9,50,40,8,19,0,1,3,0,10,8,0,9,2,0,1,1,0
1976,R,thomg001,10,1,0,0,0,0,0,0,0,0,1,0,0,0,0,0,0,0
1976,R,thomg001,11,15,12,1,2,1,0,0,0,2,3,0,2,0,0,0,0,0
1976,R,thomg101,3,145,131,33,51,5,2,3,0,15,14,3,10,0,0,0,0,0
1976,R,thomg101,7,6,6,2,2,0,0,0,0,1,0,0,0,0,0,0,0,0
1976,R,thomg101,8,140,126,35,60,10,3,3,0,14,13,4,23,3,1,0,0,0
1976,R,thomg101,9,51,49,11,15,4,0,0,0,3,2,0,8,0,0,0,0,0
1976,R,thomg101,11,19,16,4,11,1,0,2,0,5,1,0,4,1,0,0,2,0
1976,R,thomj001,3,480,409,90,155,12,1,17,0,53,65,6,71,8,1,1,4,0
1976,R,thomj001,11,6,3,0,0,0,0,0,0,1,3,0,1,0,0,0,0,0
1976,R,thora001,3,261,213,41,76,8,0,9,0,29,39,1,36,1,5,1,2,1
1976,R,thora001,9,42,33,7,15,1,2,1,0,6,7,0,4,0,0,0,2,0
1976,R,thora001,11,24,22,4,9,2,0,1,0,3,2,0,6,0,0,0,0,0
1976,R,tianl101,1,1,1,0,0,0,0,0,0,0,0,0,1,0,0,0,0,0
1976,R,tolab101,0,1,0,0,0,0,0,0,0,1,0,0,0,0,0,0,1,0
1976,R,tolab101,3,166,158,43,57,5,0,3,0,22,2,1,26,4,2,1,3,0
1976,R,tolab101,7,35,33,9,10,1,0,0,0,2,2,0,2,1,0,0,0,0
1976,R,tolab101,8,44,42,14,21,1,0,2,1,8,1,1,3,1,0,1,0,0
1976,R,tolab101,9,6,6,1,1,0,0,0,0,0,0,0,2,0,0,0,0,0
1976,R,tolab101,11,38,33,4,4,0,0,0,0,2,2,1,6,2,2,0,1,0
1976,R,tomld001,1,9,8,0,0,0,0,0,0,0,1,0,2,0,0,0,0,0
1976,R,torrh101,4,7,6,1,4,0,0,1,0,1,1,0,1,0,0,0,0,0
1976,R,torrh101,5,8,8,1,1,0,0,0,0,0,0,0,2,0,0,0,0,0
1976,R,torrh101,6,213,192,40,55,6,0,3,0,14,15,3,23,8,1,3,0,2
1976,R,torrh101,11,9,9,0,0,0,0,0,0,0,0,0,5,0,0,0,0,0
1976,R,torrj101,3,286,261,82,108,8,3,4,0,26,16,0,27,14,5,2,2,0
1976,R,torrj101,5,14,14,5,9,1,0,1,0,2,0,0,3,1,0,0,0,0
1976,R,torrj101,11,40,35,8,9,1,0,0,0,3,5,1,5,1,0,0,0,0
1976,R,torrp101,1,4,4,0,0,0,0,0,0,0,0,0,1,0,0,0,0,0
1976,R,torrr101,5,1,1,0,0,0,0,0,0,0,0,0,0,0,0,0,0,0
1976,R,torrr101,8,303,260,54,94,16,3,6,0,27,34,1,38,5,0,7,1,1
1976,R,torrr101,11,6,3,0,0,0,0,0,0,0,2,2,1,0,0,1,0,0
1976,R,tovac101,4,7,6,2,3,1,0,0,0,2,1,0,0,0,0,0,0,0
1976,R,tovac101,7,25,22,5,5,0,0,0,0,3,2,0,2,0,1,0,0,0
1976,R,tovac101,8,4,3,1,1,0,0,0,0,1,1,0,0,0,0,0,0,0
1976,R,tovac101,9,12,10,0,0,0,0,0,0,0,1,0,0,0,0,1,0,0
1976,R,tovac101,10,41,35,4,4,0,0,0,0,0,3,1,4,0,2,1,0,0
1976,R,tovac101,11,8,8,2,2,0,0,0,0,0,0,0,1,0,0,0,0,0
1976,R,trilm001,4,647,580,139,181,24,3,4,0,59,53,4,70,17,3,7,4,0
1976,R,trilm001,6,1,1,0,0,0,0,0,0,0,0,0,0,0,0,0,0,0
1976,R,trilm001,11,1,1,0,0,0,0,0,0,0,0,0,0,0,0,0,0,0
1976,R,turnj101,0,1,1,0,0,0,0,0,0,0,0,0,0,0,0,0,0,0
1976,R,turnj101,7,288,254,70,111,16,5,5,0,34,28,3,34,3,0,3,3,0
1976,R,turnj101,11,31,26,5,5,0,0,0,0,3,4,0,4,0,0,1,0,0
1976,R,twitw101,1,6,6,1,2,1,0,0,0,0,0,0,4,0,0,0,0,0
1976,R,tyrow101,3,12,10,2,2,0,0,0,0,2,1,0,4,0,0,0,1,0
1976,R,tyrow101,5,13,13,2,3,1,0,0,0,1,0,0,5,0,0,0,0,0
1976,R,tyrow101,7,18,17,4,7,0,0,1,0,1,0,0,4,0,0,1,0,0
1976,R,tyrow101,9,3,3,1,1,0,0,0,0,0,0,0,2,0,0,0,0,0
1976,R,tyrow101,11,16,14,4,4,0,0,0,0,4,2,2,6,0,0,0,0,0
1976,R,tysom101,4,263,244,70,109,12,9,3,0,28,16,5,34,6,0,0,3,0
1976,R,tysom101,11,1,1,0,0,0,0,0,0,0,0,0,0,0,0,0,0,0
1976,R,undet001,1,52,46,5,5,0,0,0,0,5,3,0,18,3,0,3,0,0
1976,R,unsed101,7,92,87,19,33,3,1,3,0,8,2,0,16,2,0,1,2,0
1976,R,unsed101,8,349,315,74,114,16,3,6,0,28,23,2,43,4,1,7,3,0
1976,R,unsed101,9,94,87,19,28,0,0,3,0,4,3,0,22,0,0,3,1,0
1976,R,unsed101,11,8,7,1,1,0,0,0,0,0,1,0,3,0,0,0,0,0
1976,R,vailm001,7,6,6,0,0,0,0,0,0,0,0,0,1,1,0,0,0,0
1976,R,vailm001,9,128,120,27,34,5,1,0,0,9,5,0,16,3,0,0,3,0
1976,R,vailm001,11,18,17,4,4,0,0,0,0,0,1,0,2,0,0,0,0,0
1976,R,valeb102,3,16,14,6,7,1,0,0,0,1,1,0,0,0,0,1,0,0
1976,R,valeb102,7,20,16,4,5,1,0,0,0,0,4,0,1,2,0,0,0,0
1976,R,valeb102,9,20,18,8,10,2,0,0,0,3,1,0,1,0,0,1,0,0
1976,R,valeb102,11,1,1,0,0,0,0,0,0,0,0,0,0,0,0,0,0,0
1976,R,valee001,8,239,208,55,76,13,1,2,0,21,26,0,41,3,0,2,3,0
1976,R,valee001,9,95,93,30,49,2,1,5,0,17,2,0,9,2,0,0,0,0
1976,R,valee001,11,7,4,0,0,0,0,0,0,1,2,0,1,0,0,0,1,0
1976,R,varnp101,2,52,50,11,22,2,0,3,0,5,2,0,10,3,0,0,0,0
1976,R,varnp101,11,1,1,0,0,0,0,0,0,0,0,0,1,0,0,0,0,0
1976,R,veleo101,3,18,16,5,7,2,0,0,0,0,2,0,5,0,0,0,0,0
1976,R,veleo101,7,18,15,5,11,3,0,1,0,2,3,0,4,0,0,0,0,0
1976,R,veleo101,9,54,42,9,12,0,0,1,0,3,12,1,12,1,0,0,0,0
1976,R,veleo101,10,11,6,3,3,0,0,0,0,4,5,0,1,0,0,0,0,0
1976,R,veleo101,11,16,15,3,4,1,0,0,0,1,1,0,4,0,0,0,0,0
1976,R,veryt001,6,389,353,83,98,8,2,1,0,25,21,1,44,11,6,6,3,0
1976,R,veryt001,11,1,1,0,0,0,0,0,0,0,0,0,0,0,0,0,0,0
1976,R,vukoj101,3,1,1,0,0,0,0,0,0,0,0,0,0,0,0,0,0,0
1976,R,vukoj101,5,7,7,1,4,0,0,1,0,2,0,0,2,0,0,0,0,0
1976,R,wagnm001,6,124,115,30,38,2,3,0,0,12,6,0,18,1,0,3,0,0
1976,R,walkt103,1,5,5,2,2,0,0,0,0,0,0,0,0,0,0,0,0,0
1976,R,walld001,7,3,3,1,1,0,0,0,0,0,0,0,0,0,0,0,0,0
1976,R,walld001,8,8,8,2,2,0,0,0,0,0,0,0,3,0,0,0,0,0
1976,R,wallj101,7,17,17,2,2,0,0,0,0,3,0,0,3,0,0,0,0,0
1976,R,wallj101,8,275,246,69,97,10,3,4,0,14,24,2,42,1,1,3,1,0
1976,R,wallj101,9,55,49,11,15,1,0,1,0,2,6,0,10,0,0,0,0,0
1976,R,wallj101,11,30,26,4,8,0,2,0,0,2,3,1,7,0,0,1,0,0
1976,R,wallm102,1,3,3,1,1,0,0,0,0,0,0,0,1,0,0,0,0,0
1976,R,walls101,1,4,4,0,0,0,0,0,0,0,0,0,1,0,0,0,0,0
1976,R,waltd101,11,17,15,2,2,0,0,0,0,2,1,0,2,0,0,0,1,0
1976,R,wartd101,1,28,27,0,0,0,0,0,0,0,0,0,13,0,0,1,0,0
1976,R,washc001,8,89,82,23,35,6,0,2,0,12,6,0,15,3,0,0,1,0
1976,R,washc001,9,419,388,95,125,12,6,2,0,36,23,1,73,9,2,3,3,0
1976,R,washc001,10,18,16,6,10,1,0,1,0,4,1,0,2,1,1,0,0,0
1976,R,washc001,11,4,4,2,3,1,0,0,0,1,0,0,0,0,0,0,0,0
1976,R,wathj001,2,40,37,10,11,1,0,0,0,5,1,0,4,2,1,1,0,0
1976,R,wathj001,3,4,3,1,1,0,0,0,0,0,1,0,0,0,0,0,0,0
1976,R,wathj001,11,2,2,1,1,0,0,0,0,0,0,0,1,0,0,0,0,0
1976,R,watsb001,3,659,582,183,268,31,3,16,1,102,62,10,62,12,4,2,9,0
1976,R,watsb001,11,3,3,0,0,0,0,0,0,0,0,0,2,0,0,0,0,0
1976,R,webbh101,1,2,1,0,0,0,0,0,0,0,1,0,0,0,0,0,0,0
1976,R,wehrd001,1,6,6,0,0,0,0,0,0,0,0,0,1,0,0,0,0,0
1976,R,wernd101,2,5,4,2,3,1,0,0,0,1,1,0,1,0,0,0,0,0
1976,R,white002,2,19,17,4,9,2,0,1,0,3,2,0,2,0,0,0,0,0
1976,R,white002,11,1,1,0,0,0,0,0,0,0,0,0,0,0,0,0,0,0
1976,R,whitf001,4,410,372,86,111,14,4,1,0,38,17,0,37,4,2,17,2,0
1976,R,whitf001,6,79,74,16,26,3,2,1,0,8,2,0,5,0,1,1,1,0
1976,R,whitj001,7,58,50,17,19,2,0,0,0,3,8,0,7,0,0,0,0,0
1976,R,whitj001,8,231,209,48,64,8,1,2,0,17,18,2,21,2,2,2,0,0
1976,R,whitj001,9,2,2,1,1,0,0,0,0,0,0,0,0,0,0,0,0,0
1976,R,whitj001,11,18,17,2,3,1,0,0,0,1,1,0,3,2,0,0,0,0
1976,R,whitr101,7,627,535,154,223,24,3,13,0,56,76,1,49,11,0,8,8,0
1976,R,whitr101,8,93,83,23,30,4,0,1,0,8,7,0,3,2,0,2,1,0
1976,R,whitr101,9,8,8,2,3,1,0,0,0,1,0,0,1,0,0,0,0,0
1976,R,willb104,7,1,1,0,0,0,0,0,0,0,0,0,0,0,0,0,0,0
1976,R,willb104,10,400,342,71,115,11,0,11,0,40,54,15,43,3,0,1,3,0
1976,R,willb104,11,12,8,3,4,1,0,0,0,1,4,0,1,1,0,0,0,0
1976,R,willc101,1,9,8,1,1,0,0,0,0,0,0,0,4,0,1,0,0,0
1976,R,wille101,2,179,157,31,59,4,0,8,0,25,16,2,31,6,1,2,3,0
1976,R,wille101,3,215,198,48,88,9,2,9,0,27,15,2,32,9,0,0,2,0
1976,R,wille101,11,21,19,5,5,0,0,0,0,3,2,0,2,1,0,0,0,0
1976,R,willj102,1,1,1,0,0,0,0,0,0,0,0,0,0,0,0,0,0,0
1976,R,wilsw001,8,6,6,1,1,0,0,0,0,0,0,0,2,0,0,0,0,0
1976,R,winfd001,8,48,39,10,16,4,1,0,0,5,8,1,5,2,0,0,1,0
1976,R,winfd001,9,516,451,128,194,21,3,13,2,64,56,7,73,12,3,2,4,0
1976,R,winfd001,11,3,2,1,2,1,0,0,0,0,1,0,0,0,0,0,0,0
1976,R,wockj001,2,162,143,32,52,7,2,3,0,10,17,0,14,3,1,1,0,0
1976,R,wockj001,11,1,1,0,0,0,0,0,0,0,0,0,0,0,0,0,0,0
1976,R,wohlj001,4,2,2,0,0,0,0,0,0,1,0,0,0,0,0,0,0,0
1976,R,wohlj001,7,271,241,63,78,8,2,1,0,21,20,0,18,6,1,4,5,0
1976,R,wohlj001,8,3,3,0,0,0,0,0,0,1,0,0,1,0,0,0,0,0
1976,R,wohlj001,9,36,29,9,11,2,0,0,0,0,5,0,3,0,0,2,0,0
1976,R,wohlj001,10,3,3,0,0,0,0,0,0,0,0,0,1,0,0,0,0,0
1976,R,wohlj001,11,19,15,1,1,0,0,0,0,1,4,0,1,2,0,0,0,0
1976,R,woodg001,7,3,3,0,0,0,0,0,0,0,0,0,0,0,0,0,0,0
1976,R,woodg001,8,1,1,1,1,0,0,0,0,0,0,0,0,0,0,0,0,0
1976,R,woodg001,9,1,1,0,0,0,0,0,0,0,0,0,0,0,0,0,0,0
1976,R,woodg001,10,1,1,0,0,0,0,0,0,0,0,0,1,0,0,0,0,0
1976,R,woodg001,11,2,2,0,0,0,0,0,0,0,0,0,2,0,0,0,0,0
1976,R,wyneb001,2,563,481,126,177,17,2,10,1,64,74,7,49,14,2,4,2,0
1976,R,wyneb001,10,59,53,13,17,4,0,0,0,5,5,0,14,0,0,0,1,0
1976,R,wynnj101,7,359,275,61,103,12,0,10,0,42,79,1,68,4,0,0,5,0
1976,R,wynnj101,8,213,166,29,50,7,1,4,0,19,44,0,40,3,0,0,3,0
1976,R,wynnj101,11,12,8,3,12,0,0,3,0,5,4,0,3,0,0,0,0,0
1976,R,yanch101,4,10,10,1,2,1,0,0,0,0,0,0,3,0,0,0,0,0
1976,R,yastc101,3,391,340,81,133,13,0,13,0,52,48,3,42,6,0,0,3,0
1976,R,yastc101,7,211,179,59,94,10,2,7,0,43,26,3,21,5,0,1,5,0
1976,R,yastc101,10,33,26,6,9,0,0,1,0,7,6,0,4,1,1,0,0,0
1976,R,yastc101,11,1,1,0,0,0,0,0,0,0,0,0,0,0,0,0,0,0
1976,R,yeags001,2,397,358,76,126,11,3,11,0,35,29,3,84,5,7,1,2,0
1976,R,yeags001,11,2,1,1,1,0,0,0,0,0,1,0,0,0,0,0,0,0
1976,R,younj001,5,4,3,1,1,0,0,0,0,0,0,0,0,0,1,0,0,0
1976,R,younj001,7,3,3,0,0,0,0,0,0,0,0,0,0,0,0,0,0,0
1976,R,younj001,8,8,7,0,0,0,0,0,0,0,1,0,1,0,0,0,0,0
1976,R,younj001,9,12,11,5,8,1,1,0,0,1,1,0,2,0,0,0,0,0
1976,R,younj001,11,33,33,5,5,0,0,0,0,0,0,0,5,1,0,0,0,0
1976,R,younr001,6,690,638,161,192,19,3,2,0,54,38,3,69,13,0,8,6,0
1976,R,zachp001,1,77,62,7,7,0,0,0,0,2,3,0,25,0,0,12,0,0
1976,R,zahng001,1,3,3,0,0,0,0,0,0,0,0,0,0,0,0,0,0,0
1976,R,zamoo101,1,9,9,0,0,0,0,0,0,0,0,0,3,0,0,0,0,0
1976,R,ziskr101,7,638,578,166,265,35,2,20,0,88,52,3,96,20,0,0,8,0
1976,R,ziskr101,11,3,3,2,5,0,0,1,0,1,0,0,0,0,0,0,0,0
1976,W,bencj101,2,15,15,8,17,1,1,2,0,6,0,0,1,2,0,0,0,0
1976,W,chamc001,3,17,16,5,6,1,0,0,0,1,0,0,2,0,1,0,0,0
1976,W,concd001,6,15,14,5,8,1,1,0,0,3,1,0,3,1,0,0,0,0
1976,W,dried001,10,16,14,5,10,2,0,1,0,1,2,1,0,0,0,0,0,0
1976,W,fostg001,7,16,14,6,7,1,0,0,0,4,2,0,3,0,0,0,0,0
1976,W,gambo001,9,7,7,1,1,0,0,0,0,1,0,0,0,0,0,0,0,0
1976,W,gambo001,11,1,1,0,0,0,0,0,0,0,0,0,0,0,0,0,0,0
1976,W,geroc101,8,15,13,4,6,2,0,0,0,1,2,0,2,1,0,0,0,0
1976,W,grifk001,9,18,17,1,1,0,0,0,0,1,0,0,1,0,0,0,1,0
1976,W,hende103,11,2,2,0,0,0,0,0,0,0,0,0,0,0,0,0,0,0
1976,W,madde101,9,3,2,1,3,0,1,0,0,0,1,0,0,0,0,0,0,0
1976,W,madde101,10,3,3,0,0,0,0,0,0,0,0,0,2,1,0,0,0,0
1976,W,masoj101,6,1,1,1,4,0,0,1,0,1,0,0,0,0,0,0,0,0
1976,W,may-c101,10,9,9,0,0,0,0,0,0,0,0,0,1,0,0,0,0,0
1976,W,morgj001,4,17,15,5,11,1,1,1,0,2,2,1,2,0,0,0,0,0
1976,W,munst101,2,17,17,9,9,0,0,0,0,2,0,0,1,0,0,0,0,0
1976,W,nettg001,5,16,12,3,3,0,0,0,0,2,3,0,1,2,0,0,1,0
1976,W,peret001,3,17,16,5,6,1,0,0,0,2,1,0,2,0,0,0,0,0
1976,W,pinil001,9,4,4,2,2,0,0,0,0,0,0,0,0,0,0,0,0,0
1976,W,pinil001,10,4,4,1,2,1,0,0,0,0,0,0,0,0,0,0,0,0
1976,W,pinil001,11,1,1,0,0,0,0,0,0,0,0,0,0,0,0,0,0,0
1976,W,randw001,4,15,14,1,1,0,0,0,0,0,1,0,3,0,0,0,0,0
1976,W,rivem001,8,19,18,3,3,0,0,0,0,0,1,0,2,0,0,0,0,0
1976,W,rosep001,5,19,16,3,4,1,0,0,0,1,2,0,2,1,0,0,1,0
1976,W,stanf101,6,9,6,1,2,1,0,0,0,1,3,0,1,0,0,0,0,0
1976,W,veleo101,11,3,3,0,0,0,0,0,0,0,0,0,3,0,0,0,0,0
1976,W,whitr101,7,18,15,2,2,0,0,0,0,0,3,0,0,0,0,0,0,0
