YEAR,PHASE,RESP_BAT_ID,RESP_BAT_HAND_CD,RESP_PIT_HAND_CD,B_PA,B_AB,B_H,B_TB,B_2B,B_3B,B_HR,B_HR4,B_RBI,B_BB,B_IBB,B_SO,B_GDP,B_HP,B_SH,B_SF,B_XI
1980,L,aikew001,L,L,10,10,4,4,0,0,0,0,2,0,0,1,0,0,0,0,0
1980,L,aikew001,L,R,1,1,0,0,0,0,0,0,0,0,0,0,0,0,0,0,0
1980,L,ashba001,L,R,7,7,1,1,0,0,0,0,1,0,0,0,0,0,0,0,0
1980,L,ashba001,R,L,1,1,0,0,0,0,0,0,0,0,0,0,0,0,0,0,0
1980,L,bergd001,L,L,2,2,1,3,0,1,0,0,2,0,0,0,0,0,0,0,0
1980,L,bergd001,L,R,1,1,0,0,0,0,0,0,0,0,0,0,0,0,0,0,0
1980,L,bochb002,R,R,1,1,0,0,0,0,0,0,0,0,0,0,0,0,0,0,0
1980,L,boonb001,R,L,1,1,0,0,0,0,0,0,0,0,0,1,0,0,0,0,0
1980,L,boonb001,R,R,19,17,4,4,0,0,0,0,2,1,0,1,0,0,1,0,0
1980,L,bowal001,L,R,21,17,5,5,0,0,0,0,0,3,3,2,0,0,1,0,0
1980,L,bowal001,R,L,2,2,1,1,0,0,0,0,0,0,0,1,0,0,0,0,0
1980,L,bretg001,L,L,9,8,1,2,1,0,0,0,0,1,0,0,0,0,0,0,0
1980,L,bretg001,L,R,3,3,2,8,0,0,2,0,4,0,0,0,1,0,0,0,0
1980,L,browb001,L,R,5,4,0,0,0,0,0,0,0,1,0,1,0,0,0,0,0
1980,L,browb001,R,L,6,6,0,0,0,0,0,0,0,0,0,1,0,0,0,0,0
1980,L,brusw001,R,L,1,1,0,0,0,0,0,0,0,0,0,1,0,0,0,0,0
1980,L,bystm001,R,R,2,2,0,0,0,0,0,0,0,0,0,1,0,0,0,0,0
1980,L,cabee001,R,L,9,9,3,4,1,0,0,0,0,0,0,1,0,0,0,0,0
1980,L,cabee001,R,R,16,12,2,2,0,0,0,0,0,1,0,2,0,0,3,0,0
1980,L,carls001,L,R,4,4,0,0,0,0,0,0,0,0,0,1,0,0,0,0,0
1980,L,cedec001,R,L,5,4,1,1,0,0,0,0,0,1,0,0,2,0,0,0,0
1980,L,cedec001,R,R,7,7,1,1,0,0,0,0,1,0,0,0,1,0,0,0,0
1980,L,ceror001,R,L,6,6,1,4,0,0,1,0,1,0,0,1,0,0,0,0,0
1980,L,ceror001,R,R,6,6,3,3,0,0,0,0,1,0,0,0,0,0,0,0,0
1980,L,chril101,R,R,2,2,0,0,0,0,0,0,0,0,0,1,0,0,0,0,0
1980,L,cruzj001,L,L,11,7,3,3,0,0,0,0,2,4,2,1,0,0,0,0,0
1980,L,cruzj001,L,R,12,8,3,6,1,1,0,0,2,4,2,0,1,0,0,0,0
1980,L,dentb001,R,L,8,7,2,2,0,0,0,0,0,0,0,0,1,0,1,0,0
1980,L,dentb001,R,R,4,4,0,0,0,0,0,0,0,0,0,1,0,0,0,0,0
1980,L,forsk001,R,L,3,2,2,2,0,0,0,0,0,0,0,0,0,0,1,0,0
1980,L,gambo001,L,R,6,5,1,1,0,0,0,0,0,1,0,1,0,0,0,0,0
1980,L,grosg001,L,R,5,4,3,3,0,0,0,0,1,0,0,0,0,0,1,0,0
1980,L,heepd001,L,R,1,1,0,0,0,0,0,0,0,0,0,0,0,0,0,0,0
1980,L,howea001,R,L,10,7,1,2,1,0,0,0,1,2,2,1,0,0,0,1,0
1980,L,howea001,R,R,8,8,2,4,0,1,0,0,1,0,0,1,0,0,0,0,0
1980,L,hurdc001,L,L,2,2,0,0,0,0,0,0,0,0,0,1,1,0,0,0,0
1980,L,jackr001,L,L,7,7,1,2,1,0,0,0,0,0,0,3,0,0,0,0,0
1980,L,jackr001,L,R,5,4,2,2,0,0,0,0,0,1,0,1,0,0,0,0,0
1980,L,lacof001,R,L,1,1,0,0,0,0,0,0,0,0,0,0,0,0,0,0,0
1980,L,landr001,L,R,2,1,0,0,0,0,0,0,0,1,0,0,0,0,0,0,0
1980,L,landr001,R,L,8,8,2,2,0,0,0,0,2,0,0,0,0,0,0,0,0
1980,L,leonj001,R,L,2,2,0,0,0,0,0,0,0,0,0,1,0,0,0,0,0
1980,L,leonj001,R,R,1,1,0,0,0,0,0,0,0,0,0,1,0,0,0,0,0
1980,L,luzig001,R,L,1,1,1,2,1,0,0,0,1,0,0,0,0,0,0,0,0
1980,L,luzig001,R,R,16,16,4,8,1,0,1,0,3,0,0,6,0,0,0,0,0
1980,L,maddg001,R,L,2,1,0,0,0,0,0,0,0,1,1,0,0,0,0,0,0
1980,L,maddg001,R,R,21,19,6,8,2,0,0,0,3,1,0,2,2,1,0,0,0
1980,L,mcbrb101,L,L,2,2,0,0,0,0,0,0,0,0,0,2,0,0,0,0,0
1980,L,mcbrb101,L,R,20,19,5,5,0,0,0,0,0,1,0,3,0,0,0,0,0
1980,L,mcgrt001,R,R,1,1,0,0,0,0,0,0,0,0,0,0,0,0,0,0,0
1980,L,mcrah001,R,L,9,8,1,1,0,0,0,0,0,1,0,2,0,0,0,0,0
1980,L,mcrah001,R,R,3,2,1,1,0,0,0,0,0,0,0,1,0,1,0,0,0
1980,L,morek001,R,L,1,1,0,0,0,0,0,0,1,0,0,0,0,0,0,0,0
1980,L,morgj001,L,L,8,6,2,5,1,1,0,0,0,2,0,1,0,0,0,0,0
1980,L,morgj001,L,R,11,7,0,0,0,0,0,0,0,4,1,0,0,0,0,0,0
1980,L,murcb101,L,R,4,4,0,0,0,0,0,0,0,0,0,2,0,0,0,0,0
1980,L,nettg001,L,R,6,6,1,4,0,0,1,0,1,0,0,1,1,0,0,0,0
1980,L,niekj001,R,R,3,3,0,0,0,0,0,0,0,0,0,1,0,0,0,0,0
1980,L,otisa001,R,L,10,10,4,5,1,0,0,0,0,0,0,3,0,0,0,0,0
1980,L,otisa001,R,R,2,2,0,0,0,0,0,0,0,0,0,0,0,0,0,0,0
1980,L,pinil001,R,L,6,4,1,4,0,0,1,0,1,2,0,1,0,0,0,0,0
1980,L,pinil001,R,R,1,1,0,0,0,0,0,0,0,0,0,0,0,0,0,0,0
1980,L,portd001,L,L,10,9,1,1,0,0,0,0,0,1,0,0,0,0,0,0,0
1980,L,portd001,L,R,1,1,0,0,0,0,0,0,0,0,0,0,0,0,0,0,0
1980,L,puhlt001,L,L,6,5,1,1,0,0,0,0,0,1,0,1,0,0,0,0,0
1980,L,puhlt001,L,R,16,14,9,11,2,0,0,0,3,2,0,1,0,0,0,0,0
1980,L,pujol001,R,L,7,6,1,3,0,1,0,0,0,1,0,0,0,0,0,0,0
1980,L,pujol001,R,R,6,4,0,0,0,0,0,0,0,2,0,0,0,0,0,0,0
1980,L,randw001,R,L,8,7,3,4,1,0,0,0,0,1,0,1,0,0,0,0,0
1980,L,randw001,R,R,6,6,2,3,1,0,0,0,1,0,0,2,0,0,0,0,0
1980,L,reync001,L,L,6,4,1,1,0,0,0,0,0,2,1,1,0,0,0,0,0
1980,L,reync001,L,R,11,9,1,2,1,0,0,0,0,1,0,0,0,0,1,0,0
1980,L,rodra101,R,L,6,6,2,3,1,0,0,0,0,0,0,0,0,0,0,0,0
1980,L,rosep001,L,R,23,19,7,7,0,0,0,0,2,4,1,3,0,0,0,0,0
1980,L,rosep001,R,L,2,1,1,1,0,0,0,0,0,1,1,0,0,0,0,0,0
1980,L,ruhlv001,R,L,2,2,0,0,0,0,0,0,0,0,0,1,0,0,0,0,0
1980,L,ruhlv001,R,R,1,1,0,0,0,0,0,0,0,0,0,0,0,0,0,0,0
1980,L,ruthd001,R,R,2,2,0,0,0,0,0,0,0,0,0,2,0,0,0,0,0
1980,L,ryann001,R,R,6,4,0,0,0,0,0,0,0,1,0,2,0,0,1,0,0
1980,L,sambj001,L,R,1,0,0,0,0,0,0,0,0,0,0,0,0,0,1,0,0
1980,L,schmm001,R,L,1,1,0,0,0,0,0,0,0,0,0,0,0,0,0,0,0
1980,L,schmm001,R,R,24,23,5,6,1,0,0,0,1,1,0,6,0,0,0,0,0
1980,L,smitl002,R,R,5,5,3,3,0,0,0,0,0,0,0,0,0,0,0,0,0
1980,L,sodee101,R,L,6,6,1,1,0,0,0,0,0,0,0,0,0,0,0,0,0
1980,L,spenj101,L,R,1,1,0,0,0,0,0,0,0,0,0,0,0,0,0,0,0
1980,L,trilm001,R,L,2,1,1,2,1,0,0,0,2,0,0,0,0,0,0,1,0
1980,L,trilm001,R,R,22,20,7,10,1,1,0,0,2,0,0,2,0,0,2,0,0
1980,L,unsed101,L,L,1,1,0,0,0,0,0,0,0,0,0,1,0,0,0,0,0
1980,L,unsed101,L,R,4,4,2,3,1,0,0,0,1,0,0,1,0,0,0,0,0
1980,L,vukog001,L,R,3,3,0,0,0,0,0,0,0,0,0,0,0,0,0,0,0
1980,L,walld001,L,L,3,2,0,0,0,0,0,0,1,0,0,0,0,0,0,1,0
1980,L,walld001,L,R,8,7,1,1,0,0,0,0,1,1,1,0,0,0,0,0,0
1980,L,washu001,L,R,3,3,2,2,0,0,0,0,0,0,0,1,0,0,0,0,0
1980,L,washu001,R,L,10,8,2,3,1,0,0,0,1,2,0,2,0,0,0,0,0
1980,L,wathj001,R,L,8,6,0,0,0,0,0,0,0,2,1,1,0,0,0,0,0
1980,L,wathj001,R,R,1,0,0,0,0,0,0,0,0,1,0,0,0,0,0,0,0
1980,L,watsb001,R,L,7,7,4,6,2,0,0,0,0,0,0,0,0,0,0,0,0
1980,L,watsb001,R,R,5,5,2,5,1,1,0,0,0,0,0,0,0,0,0,0,0
1980,L,whitf001,R,L,9,9,5,9,1,0,1,0,3,0,0,1,0,0,0,0,0
1980,L,whitf001,R,R,2,2,1,1,0,0,0,0,0,0,0,0,0,0,0,0,0
1980,L,wilsw001,L,R,2,2,0,0,0,0,0,0,0,0,0,1,0,0,0,0,0
1980,L,wilsw001,R,L,12,11,4,8,2,1,0,0,4,1,0,1,0,0,0,0,0
1980,L,woodg001,R,L,9,8,2,2,0,0,0,0,1,1,0,3,0,0,0,0,0
1980,R,adamg101,L,L,2,2,0,0,0,0,0,0,0,0,0,2,0,0,0,0,0
1980,R,adamg101,L,R,285,260,75,108,11,2,6,0,38,15,1,24,11,0,6,4,0
1980,R,agual001,R,L,12,12,4,9,0,1,1,0,3,0,0,0,0,0,0,0,0
1980,R,agual001,R,R,38,35,9,12,1,1,0,0,5,2,0,3,0,0,0,1,0
1980,R,aikew001,L,L,222,197,39,62,5,0,6,0,24,19,0,38,13,4,0,2,0
1980,R,aikew001,L,R,401,346,112,173,19,0,14,0,74,45,3,50,10,3,0,7,0
1980,R,aingd101,R,L,51,48,15,20,3,1,0,0,3,1,0,7,2,1,1,0,0
1980,R,aingd101,R,R,64,63,12,15,3,0,0,0,1,1,0,22,1,0,0,0,0
1980,R,alexd001,R,L,16,15,2,2,0,0,0,0,0,1,0,5,1,0,0,0,0
1980,R,alexd001,R,R,73,68,13,16,3,0,0,0,3,2,0,19,0,0,3,0,0
1980,R,alexg101,R,L,95,86,19,30,3,1,2,0,17,6,1,17,6,0,0,3,0
1980,R,alexg101,R,R,103,92,21,34,4,0,3,0,14,11,0,35,3,0,0,0,0
1980,R,alexm101,L,R,3,3,1,2,1,0,0,0,0,0,0,0,0,0,0,0,0
1980,R,alleg001,R,L,62,52,20,24,4,0,0,0,9,9,0,8,1,0,0,1,0
1980,R,alleg001,R,R,23,18,5,7,2,0,0,0,1,4,0,3,0,0,1,0,0
1980,R,allek101,R,L,31,28,9,11,2,0,0,0,2,3,0,0,1,0,0,0,0
1980,R,allek101,R,R,31,23,3,4,1,0,0,0,1,5,2,3,0,1,2,0,0
1980,R,allen001,R,L,5,5,2,2,0,0,0,0,0,0,0,2,0,0,0,0,0
1980,R,allen001,R,R,11,9,0,0,0,0,0,0,0,1,0,5,0,0,1,0,0
1980,R,almob001,R,L,62,58,11,14,1,1,0,0,2,4,0,11,1,0,0,0,0
1980,R,almob001,R,R,98,92,18,25,3,2,0,0,5,5,1,21,1,0,0,1,0
1980,R,alstd101,L,L,4,4,3,5,0,1,0,0,4,0,0,1,0,0,0,0,0
1980,R,alstd101,L,R,60,50,9,12,1,1,0,0,5,5,2,6,1,2,1,2,0
1980,R,andej001,R,L,128,113,25,33,2,0,2,0,7,12,0,14,1,1,2,0,0
1980,R,andej001,R,R,227,204,47,70,5,0,6,0,23,15,1,25,4,2,4,2,0
1980,R,anduj001,L,R,29,24,4,9,0,1,1,0,3,2,0,13,1,0,3,0,0
1980,R,anduj001,R,L,8,5,1,1,0,0,0,0,0,1,0,3,0,0,2,0,0
1980,R,armat001,R,L,246,229,69,114,7,4,10,0,32,13,2,36,6,0,1,3,0
1980,R,armat001,R,R,420,399,106,200,11,4,25,1,77,16,2,92,16,2,1,2,0
1980,R,armsm001,R,L,1,1,0,0,0,0,0,0,0,0,0,1,0,0,0,0,0
1980,R,armsm001,R,R,2,2,0,0,0,0,0,0,0,0,0,2,0,0,0,0,0
1980,R,ashba001,L,R,309,274,77,108,18,2,3,0,43,30,12,28,9,0,1,4,0
1980,R,ashba001,R,L,85,78,13,14,1,0,0,0,5,5,0,12,2,0,1,1,0
1980,R,ashft001,R,L,9,8,1,1,0,0,0,0,2,1,0,0,0,0,0,0,0
1980,R,ashft001,R,R,26,24,3,3,0,0,0,0,1,2,0,3,1,0,0,0,0
1980,R,asseb101,L,L,33,31,8,10,2,0,0,0,2,1,0,7,1,0,1,0,0
1980,R,asseb101,L,R,202,187,54,76,11,1,3,0,23,10,3,30,8,1,1,3,0
1980,R,auerr101,R,L,28,27,8,14,1,1,1,0,3,1,0,4,0,0,0,0,0
1980,R,auerr101,R,R,9,6,3,3,0,0,0,0,1,2,0,1,0,0,1,0,0
1980,R,aultd101,R,L,99,90,21,36,4,1,3,0,11,8,0,11,1,1,0,0,0
1980,R,aultd101,R,R,62,54,7,8,1,0,0,0,4,6,0,12,2,1,0,1,0
1980,R,avilr101,R,L,30,23,5,7,2,0,0,0,3,5,1,2,0,0,1,1,0
1980,R,avilr101,R,R,85,78,23,33,4,0,2,0,6,5,1,7,3,0,1,1,0
1980,R,ayalb001,R,L,172,156,42,81,7,1,10,0,30,15,2,18,4,0,0,1,0
1980,R,ayalb001,R,R,19,14,3,4,1,0,0,0,3,4,1,3,0,0,0,1,0
1980,R,backw001,L,R,86,72,26,27,1,0,0,0,8,10,1,10,2,1,3,0,0
1980,R,backw001,R,L,24,21,4,6,0,1,0,0,1,1,0,4,1,0,1,1,0
1980,R,bahns101,R,L,3,2,1,2,1,0,0,0,0,1,0,0,0,0,0,0,0
1980,R,bahns101,R,R,10,7,0,0,0,0,0,0,0,3,0,3,1,0,0,0,0
1980,R,bailb001,R,L,169,152,49,64,10,1,1,0,7,14,3,9,3,1,2,0,0
1980,R,bailb001,R,R,219,195,33,39,4,1,0,0,9,22,0,24,2,1,0,1,0
1980,R,bainh001,L,L,90,88,14,21,4,0,1,0,5,1,0,19,1,0,1,0,0
1980,R,bainh001,L,R,428,403,111,178,19,6,12,0,44,18,7,46,14,1,1,5,0
1980,R,baird001,R,L,2,2,0,0,0,0,0,0,0,0,0,1,0,0,0,0,0
1980,R,baird001,R,R,0,0,0,0,0,0,0,0,0,0,0,0,0,0,0,0,0
1980,R,bakec101,R,L,5,5,1,1,0,0,0,0,0,0,0,1,0,0,0,0,0
1980,R,bakec101,R,R,17,17,2,3,1,0,0,0,0,0,0,3,0,0,0,0,0
1980,R,baked002,R,L,112,107,29,51,8,1,4,0,15,4,0,5,3,0,0,1,0
1980,R,baked002,R,R,526,472,141,240,18,3,25,0,82,39,4,61,8,3,1,11,0
1980,R,bands101,R,L,139,120,27,36,6,0,1,0,11,16,1,15,4,0,1,2,0
1980,R,bands101,R,R,152,134,23,43,6,1,4,0,20,13,1,20,3,1,2,2,0
1980,R,banna001,R,L,220,193,46,62,11,1,1,0,17,21,5,22,5,0,3,3,0
1980,R,banna001,R,R,223,199,65,83,12,3,0,0,24,19,1,19,5,0,3,2,0
1980,R,bassr101,L,L,12,11,3,3,0,0,0,0,2,1,0,2,0,0,0,0,0
1980,R,bassr101,L,R,45,38,11,22,0,1,3,0,6,6,1,5,0,1,0,0,0
1980,R,bayld001,R,L,110,102,25,30,2,0,1,0,16,6,1,6,4,0,0,2,0
1980,R,bayld001,R,R,270,238,60,86,10,2,4,0,35,18,3,26,5,11,0,3,0
1980,R,bealb101,L,R,3,3,0,0,0,0,0,0,0,0,0,1,0,0,0,0,0
1980,R,beckj001,L,L,1,1,0,0,0,0,0,0,0,0,0,0,0,0,0,0,0
1980,R,beckj001,L,R,2,1,0,0,0,0,0,0,0,1,0,1,0,0,0,0,0
1980,R,belam101,R,L,113,104,27,35,2,3,0,0,9,3,0,3,1,0,6,0,0
1980,R,belam101,R,R,178,164,34,39,5,0,0,0,13,9,0,22,0,0,5,0,0
1980,R,bellb001,R,L,185,163,51,70,5,1,4,0,19,21,8,11,6,0,1,0,0
1980,R,bellb001,R,R,349,327,110,174,19,3,13,0,64,19,3,28,10,0,3,0,0
1980,R,bellk101,R,L,89,75,15,18,3,0,0,0,2,13,0,13,2,0,0,1,0
1980,R,bellk101,R,R,135,116,19,28,2,2,1,0,9,16,1,24,1,0,2,1,0
1980,R,bencj101,R,L,131,111,34,69,5,0,10,1,30,18,2,19,3,1,0,1,0
1980,R,bencj101,R,R,276,249,56,105,7,0,14,1,38,23,0,45,6,1,0,3,0
1980,R,beneb001,R,L,94,87,20,24,1,0,1,0,10,5,1,5,1,0,2,0,0
1980,R,beneb001,R,R,308,272,71,89,13,1,1,0,24,23,7,31,10,1,11,1,0
1980,R,benij001,R,L,89,77,20,29,3,0,2,0,9,9,0,6,1,0,2,1,0
1980,R,benij001,R,R,169,160,34,53,7,0,4,0,12,8,0,19,9,0,1,0,0
1980,R,bentb001,R,L,6,6,0,0,0,0,0,0,0,0,0,2,0,0,0,0,0
1980,R,bentb001,R,R,18,15,1,1,0,0,0,0,0,2,0,2,1,1,0,0,0
1980,R,bereb001,R,L,1,1,0,0,0,0,0,0,0,0,0,0,0,0,0,0,0
1980,R,bereb001,R,R,10,6,0,0,0,0,0,0,0,0,0,2,0,0,4,0,0
1980,R,bergd001,L,L,12,10,2,3,1,0,0,0,0,0,0,1,0,0,2,0,0
1980,R,bergd001,L,R,79,68,18,25,5,1,0,0,3,10,2,9,1,0,1,0,0
1980,R,bernt001,L,R,156,143,30,51,4,1,5,0,14,11,2,35,3,0,1,1,0
1980,R,bernt001,R,L,46,40,11,14,3,0,0,0,4,6,2,6,0,0,0,0,0
1980,R,berrd001,R,L,92,86,17,26,4,1,1,0,5,4,2,14,2,0,1,1,0
1980,R,berrd001,R,R,179,159,37,58,4,1,5,1,26,12,4,38,4,1,3,1,3
1980,R,bevak001,R,L,50,44,11,14,3,0,0,0,4,4,0,0,0,1,0,1,0
1980,R,bevak001,R,R,79,70,15,21,4,1,0,0,12,8,0,8,3,0,1,0,0
1980,R,bibbj001,R,L,34,25,4,7,0,0,1,0,1,4,0,9,0,0,5,0,0
1980,R,bibbj001,R,R,61,52,8,11,3,0,0,0,6,2,0,23,1,1,5,1,0
1980,R,biitl101,L,L,48,41,8,9,1,0,0,0,3,5,0,5,3,1,0,1,0
1980,R,biitl101,L,R,251,232,60,78,11,2,1,0,31,13,2,28,3,1,0,5,0
1980,R,blact101,L,R,286,246,65,94,10,2,5,0,27,36,5,49,4,0,1,3,0
1980,R,blact101,R,L,80,74,22,32,6,2,0,0,3,5,1,13,1,0,1,0,0
1980,R,blaid101,R,L,2,2,1,1,0,0,0,0,0,0,0,1,0,0,0,0,0
1980,R,blaid101,R,R,3,3,0,0,0,0,0,0,0,0,0,1,0,0,0,0,0
1980,R,blaip101,R,L,1,1,0,0,0,0,0,0,0,0,0,0,0,0,0,0,0
1980,R,blaip101,R,R,1,1,0,0,0,0,0,0,0,0,0,0,0,0,0,0,0
1980,R,blanl101,R,L,63,56,10,17,1,0,2,0,5,3,0,5,2,0,2,2,0
1980,R,blanl101,R,R,180,165,35,40,5,0,0,0,7,13,1,22,4,0,2,0,0
1980,R,bluev001,L,R,62,52,4,5,1,0,0,0,1,3,0,24,0,0,6,1,0
1980,R,bluev001,R,L,17,16,1,1,0,0,0,0,0,0,0,10,0,0,1,0,0
1980,R,blylb001,R,L,21,16,1,1,0,0,0,0,0,0,0,5,0,1,4,0,0
1980,R,blylb001,R,R,50,45,4,5,1,0,0,0,2,0,0,22,1,0,5,0,0
1980,R,bochb001,L,L,185,164,48,73,10,0,5,0,29,16,0,29,4,0,3,2,0
1980,R,bochb001,L,R,418,356,108,164,24,4,8,0,49,56,13,52,12,0,1,5,0
1980,R,bochb002,R,L,17,12,2,2,0,0,0,0,0,4,1,2,0,1,0,0,0
1980,R,bochb002,R,R,11,10,2,3,1,0,0,0,0,1,0,5,0,0,0,0,0
1980,R,boggt001,R,L,16,13,2,2,0,0,0,0,0,0,0,3,0,0,3,0,0
1980,R,boggt001,R,R,54,50,8,8,0,0,0,0,2,0,0,19,3,0,3,1,0
1980,R,bombm101,R,L,16,13,3,3,0,0,0,0,0,0,0,5,0,1,2,0,0
1980,R,bombm101,R,R,37,30,7,10,3,0,0,0,5,3,0,10,0,1,3,0,0
1980,R,bondb101,R,L,125,107,29,40,2,3,1,0,10,16,3,32,3,1,1,0,0
1980,R,bondb101,R,R,145,124,18,33,3,0,4,0,14,17,0,42,1,1,0,3,0
1980,R,bonhb101,R,R,7,6,0,0,0,0,0,0,0,1,0,1,0,0,0,0,0
1980,R,bonnb001,R,L,191,171,52,77,8,1,5,1,25,17,2,24,3,1,0,2,0
1980,R,bonnb001,R,R,318,292,72,116,14,3,8,0,31,20,0,35,11,1,3,2,0
1980,R,bonnb101,R,L,3,3,0,0,0,0,0,0,1,0,0,0,0,0,0,0,0
1980,R,bonnb101,R,R,1,1,0,0,0,0,0,0,0,0,0,0,0,0,0,0,0
1980,R,boonb001,R,L,110,96,21,30,9,0,0,0,8,12,3,7,0,0,2,0,0
1980,R,boonb001,R,R,425,384,89,132,14,1,9,0,47,36,9,34,9,1,2,2,0
1980,R,borbp101,R,L,1,1,1,1,0,0,0,0,0,0,0,0,0,0,0,0,0
1980,R,borbp101,R,R,3,3,0,0,0,0,0,0,1,0,0,2,0,0,0,0,0
1980,R,bordb101,R,R,9,6,1,1,0,0,0,0,0,1,0,1,0,0,2,0,0
1980,R,borgg101,R,L,40,33,10,17,1,0,2,0,7,6,0,2,0,0,0,1,0
1980,R,borgg101,R,R,63,54,9,10,1,0,0,0,7,8,0,7,1,0,0,1,0
1980,R,boser101,R,L,70,66,11,16,2,0,1,0,2,4,1,12,1,0,0,0,0
1980,R,boser101,R,R,137,122,29,45,5,1,3,0,16,11,0,17,1,2,1,1,0
1980,R,boslt001,L,L,27,25,3,3,0,0,0,0,1,2,0,5,0,0,0,0,0
1980,R,boslt001,L,R,135,122,30,38,2,0,2,0,13,8,3,22,5,0,4,1,0
1980,R,bourc101,R,L,9,8,1,1,0,0,0,0,0,1,0,3,1,0,0,0,0
1980,R,bourc101,R,R,15,14,4,8,1,0,1,0,2,1,0,4,0,0,0,0,0
1980,R,bowal001,L,R,455,425,110,131,9,3,2,0,33,20,7,24,7,3,5,2,0
1980,R,bowal001,R,L,122,115,34,43,7,1,0,0,6,4,0,4,2,0,2,1,0
1980,R,bowes101,R,L,12,10,2,2,0,0,0,0,0,2,0,2,0,0,0,0,0
1980,R,bowes101,R,R,3,3,0,0,0,0,0,0,0,0,0,1,0,0,0,0,0
1980,R,bradl101,R,R,3,3,0,0,0,0,0,0,0,0,0,1,1,0,0,0,0
1980,R,branm101,R,L,4,4,0,0,0,0,0,0,0,0,0,2,0,0,0,0,0
1980,R,branm101,R,R,2,2,0,0,0,0,0,0,0,0,0,1,0,0,0,0,0
1980,R,braus001,L,L,11,11,4,4,0,0,0,0,1,0,0,0,2,0,0,0,0
1980,R,braus001,L,R,77,67,12,17,2,0,1,0,9,10,1,7,0,0,0,0,0
1980,R,bretg001,L,L,195,179,57,95,10,2,8,0,35,13,2,16,3,0,0,3,0
1980,R,bretg001,L,R,320,270,118,203,23,7,16,1,83,45,14,6,8,1,0,4,0
1980,R,brohj101,L,L,21,20,5,6,1,0,0,0,1,1,0,1,0,0,0,0,0
1980,R,brohj101,L,R,202,179,45,59,6,1,2,0,20,17,4,8,7,0,4,2,0
1980,R,brooh001,R,L,29,26,6,7,1,0,0,0,1,2,0,2,0,1,0,0,0
1980,R,brooh001,R,R,60,55,19,25,1,1,1,0,9,3,0,7,1,1,1,0,0
1980,R,broot001,R,L,256,236,76,120,16,5,6,0,28,15,3,32,7,1,0,4,0
1980,R,broot001,R,R,295,273,64,93,9,4,4,0,38,17,0,39,3,0,2,3,0
1980,R,broum001,R,L,37,35,6,12,3,0,1,0,3,2,0,8,0,0,0,0,0
1980,R,broum001,R,R,96,90,23,38,3,0,4,0,13,5,0,16,3,1,0,0,0
1980,R,browb001,L,R,309,280,79,128,11,1,12,0,38,26,4,45,8,0,1,2,0
1980,R,browb001,R,L,137,132,28,43,1,4,2,0,9,3,0,37,0,0,1,1,0
1980,R,brusw001,R,R,1,1,0,0,0,0,0,0,0,0,0,1,0,0,0,0,0
1980,R,buckb001,L,L,157,156,46,59,10,0,1,0,15,1,0,7,3,0,0,0,0
1980,R,buckb001,L,R,458,422,141,205,31,3,9,0,53,29,11,11,10,0,0,6,1
1980,R,bumba001,L,L,235,206,56,70,6,1,2,0,15,24,1,28,3,1,3,1,0
1980,R,bumba001,L,R,503,439,149,209,23,8,7,0,38,54,7,47,6,2,6,2,0
1980,R,burlr001,R,L,196,179,54,79,10,0,5,0,17,14,0,15,10,0,2,1,0
1980,R,burlr001,R,R,522,465,125,157,19,2,3,0,34,48,0,36,14,2,4,3,0
1980,R,burns101,R,L,1,1,0,0,0,0,0,0,0,0,0,1,0,0,0,0,0
1980,R,burrj001,R,L,110,93,24,43,7,0,4,0,19,16,2,14,1,1,0,0,0
1980,R,burrj001,R,R,208,185,49,83,7,0,9,0,32,19,4,43,3,1,1,2,0
1980,R,burrr001,R,L,13,12,1,1,0,0,0,0,0,0,0,2,0,0,1,0,0
1980,R,burrr001,R,R,43,39,4,4,0,0,0,0,0,2,0,16,0,0,2,0,0
1980,R,butes001,R,L,58,55,17,18,1,0,0,0,2,2,0,3,4,0,0,1,0
1980,R,butes001,R,R,33,30,6,6,0,0,0,0,0,1,0,3,0,1,1,0,0
1980,R,bystm001,R,L,1,1,0,0,0,0,0,0,0,0,0,1,0,0,0,0,0
1980,R,bystm001,R,R,14,13,1,1,0,0,0,0,1,1,0,8,0,0,0,0,0
1980,R,cabee001,R,L,246,234,68,88,11,3,1,0,19,10,6,28,7,0,0,2,0
1980,R,cabee001,R,R,391,370,99,124,12,5,1,0,36,16,0,56,6,1,1,3,0
1980,R,campb101,R,L,102,95,26,34,6,1,0,0,5,5,0,10,1,0,2,0,0
1980,R,campb101,R,R,132,115,27,35,2,0,2,0,13,9,0,23,3,1,5,2,0
1980,R,campr001,R,L,1,1,0,0,0,0,0,0,0,0,0,1,0,0,0,0,0
1980,R,campr001,R,R,8,8,1,2,1,0,0,0,0,0,0,5,0,0,0,0,0
1980,R,candj001,L,L,36,32,6,7,1,0,0,0,2,1,0,4,1,0,2,1,0
1980,R,candj001,L,R,49,45,9,11,2,0,0,0,5,3,0,10,1,0,1,0,0
1980,R,cannj101,L,L,9,8,0,0,0,0,0,0,0,0,0,5,0,1,0,0,0
1980,R,cannj101,L,R,42,42,4,4,0,0,0,0,4,0,0,9,0,0,0,0,0
1980,R,capid101,L,L,4,4,1,1,0,0,0,0,0,0,0,1,1,0,0,0,0
1980,R,capid101,L,R,18,17,3,5,0,1,0,0,1,0,0,8,0,0,1,0,0
1980,R,carbb101,L,L,4,3,1,1,0,0,0,0,0,0,0,0,0,0,1,0,0
1980,R,carbb101,L,R,16,14,3,3,0,0,0,0,1,2,0,1,0,0,0,0,0
1980,R,cardj101,R,L,81,70,20,22,2,0,0,0,7,7,0,7,3,0,0,4,0
1980,R,cardj101,R,R,29,25,5,6,1,0,0,0,2,4,0,2,0,0,0,0,0
1980,R,carer001,L,L,178,159,51,72,10,4,1,0,18,14,0,19,4,0,4,1,0
1980,R,carer001,L,R,434,381,128,164,24,3,2,0,41,45,7,19,11,1,5,2,0
1980,R,carls001,L,L,18,16,2,2,0,0,0,0,0,0,0,5,0,0,2,0,0
1980,R,carls001,L,R,93,85,17,18,1,0,0,0,6,1,0,16,4,0,4,3,0
1980,R,cartg001,R,L,133,119,37,74,8,1,9,0,24,13,6,10,1,0,0,1,0
1980,R,cartg001,R,R,484,430,108,193,17,4,20,2,77,45,5,68,8,1,1,7,0
1980,R,cashd101,R,L,116,106,28,37,4,1,1,0,8,8,1,6,2,0,1,1,0
1980,R,cashd101,R,R,321,291,62,74,10,1,0,0,15,27,4,15,14,0,1,2,0
1980,R,castj001,R,L,259,246,82,119,11,4,6,0,28,10,0,18,8,0,2,1,0
1980,R,castj001,R,R,340,300,83,116,6,3,7,0,36,19,1,49,7,0,19,2,0
1980,R,castm101,L,R,6,6,1,1,0,0,0,0,0,0,0,0,0,0,0,0,0
1980,R,castm101,R,L,4,4,1,1,0,0,0,0,0,0,0,0,0,0,0,0,0
1980,R,castr001,R,L,1,1,0,0,0,0,0,0,0,0,0,0,0,0,0,0,0
1980,R,castr001,R,R,9,8,1,1,0,0,0,0,0,0,0,4,0,0,1,0,0
1980,R,caudb001,R,L,5,5,1,1,0,0,0,0,0,0,0,2,0,0,0,0,0
1980,R,caudb001,R,R,5,4,1,2,1,0,0,0,1,0,0,0,1,0,1,0,0
1980,R,cedec001,R,L,230,198,70,107,14,4,5,1,37,29,6,30,3,1,0,2,0
1980,R,cedec001,R,R,339,301,84,125,18,4,5,0,36,37,5,42,10,0,1,0,0
1980,R,ceror001,R,L,238,215,65,95,15,3,3,0,33,10,1,22,4,5,3,5,0
1980,R,ceror001,R,R,337,304,79,129,15,1,11,1,52,22,1,34,10,1,5,5,0
1980,R,cey-r001,R,L,101,85,25,48,5,0,6,0,7,15,0,7,0,0,1,0,0
1980,R,cey-r001,R,R,529,466,115,201,20,0,22,0,70,54,5,85,16,5,3,1,0
1980,R,chald101,R,L,124,106,25,35,5,1,1,0,13,15,0,16,4,0,0,3,0
1980,R,chald101,R,R,66,61,17,22,5,0,0,0,7,3,0,11,1,2,0,0,0
1980,R,chamc001,L,L,162,157,35,50,6,0,3,0,23,1,0,20,1,1,1,2,0
1980,R,chamc001,L,R,501,445,135,215,31,2,15,0,49,48,6,53,10,3,1,2,2
1980,R,chaph101,L,R,40,36,6,7,1,0,0,0,0,3,0,8,0,1,0,0,0
1980,R,chaph101,R,L,16,14,2,3,1,0,0,0,2,1,0,2,0,0,1,0,0
1980,R,charj101,R,L,179,153,57,86,5,0,8,0,28,23,0,17,4,1,0,2,0
1980,R,charj101,R,R,333,300,74,135,12,2,15,1,59,26,0,53,20,2,1,4,0
1980,R,chril101,R,L,2,1,0,0,0,0,0,0,0,0,0,1,0,0,1,0,0
1980,R,chril101,R,R,23,18,7,10,0,0,1,0,4,3,0,8,0,0,2,0,0
1980,R,clarb002,R,L,135,133,26,37,5,0,2,0,5,2,0,20,4,0,0,0,0
1980,R,clarb002,R,R,140,128,34,50,5,1,3,0,18,9,0,22,3,2,1,0,0
1980,R,clarj001,R,L,140,108,41,70,11,3,4,1,20,29,6,7,5,1,0,2,0
1980,R,clarj001,R,R,384,329,83,156,9,5,18,0,62,45,7,45,7,1,1,8,0
1980,R,clibs101,R,L,22,22,6,14,2,0,2,0,3,0,0,3,0,0,0,0,0
1980,R,clibs101,R,R,38,34,4,4,0,0,0,0,3,3,0,6,1,0,0,1,0
1980,R,colld001,L,R,436,387,123,146,12,1,3,0,27,43,2,55,3,3,1,2,0
1980,R,colld001,R,L,177,164,44,58,8,3,0,0,8,10,0,13,2,0,2,1,0
1980,R,concd001,R,L,197,180,49,74,8,4,3,0,26,13,2,25,6,0,2,2,0
1980,R,concd001,R,R,472,442,113,150,23,4,2,0,51,24,0,82,14,1,0,4,1
1980,R,conco001,R,L,12,12,1,1,0,0,0,0,1,0,0,1,1,0,0,0,0
1980,R,conco001,R,R,3,3,1,1,0,0,0,0,1,0,0,0,0,0,0,0,0
1980,R,coopc001,L,L,202,195,63,87,7,1,5,0,38,3,0,16,7,0,2,2,0
1980,R,coopc001,L,R,476,427,156,248,26,3,20,1,84,36,15,26,9,2,5,6,0
1980,R,coopg101,L,R,2,2,0,0,0,0,0,0,0,0,0,1,0,0,0,0,0
1980,R,corct001,L,L,19,16,6,9,0,0,1,0,3,2,0,1,0,1,0,0,0
1980,R,corct001,L,R,158,137,38,53,7,1,2,0,15,20,2,9,4,0,0,1,0
1980,R,corem101,R,L,33,29,8,13,2,0,1,0,2,4,0,7,0,0,0,0,0
1980,R,corem101,R,R,8,7,2,2,0,0,0,0,0,1,0,0,0,0,0,0,0
1980,R,corrv101,R,L,12,12,4,5,1,0,0,0,2,0,0,1,0,0,0,0,0
1980,R,corrv101,R,R,7,7,4,4,0,0,0,0,1,0,0,1,0,0,0,0,0
1980,R,coser101,L,R,9,9,1,1,0,0,0,0,0,0,0,0,0,0,0,0,0
1980,R,cowea001,R,L,228,203,58,80,11,1,3,0,28,18,3,15,5,1,2,4,0
1980,R,cowea001,R,R,356,319,82,104,9,2,3,0,31,31,2,46,3,1,5,0,0
1980,R,cox-j101,R,L,66,55,11,11,0,0,0,0,5,5,0,8,2,0,6,0,0
1980,R,cox-j101,R,R,128,114,25,28,3,0,0,0,4,9,0,15,0,0,5,0,0
1980,R,cox-l101,R,L,125,113,23,38,4,1,3,0,8,9,0,13,5,0,3,0,0
1980,R,cox-l101,R,R,146,130,26,33,2,1,1,0,12,10,0,23,4,0,6,0,0
1980,R,cox-t101,R,L,77,67,19,26,4,0,1,0,9,8,3,4,2,0,1,1,0
1980,R,cox-t101,R,R,192,180,41,49,5,0,1,0,14,11,0,21,6,0,0,1,0
1980,R,crair001,L,R,166,149,39,56,9,1,2,0,18,12,2,21,4,2,3,0,0
1980,R,crair001,R,L,98,91,18,27,6,0,1,0,2,5,1,14,1,0,2,0,0
1980,R,cromw101,L,L,148,138,33,43,6,2,0,0,15,6,0,18,4,2,1,1,0
1980,R,cromw101,L,R,509,459,139,214,27,3,14,0,55,45,24,46,20,0,3,2,0
1980,R,crowt101,L,L,7,7,2,2,0,0,0,0,2,0,0,2,0,0,0,0,0
1980,R,crowt101,L,R,259,226,65,109,8,0,12,1,48,29,2,19,8,0,2,2,0
1980,R,cruzh101,R,L,57,52,12,19,4,0,1,0,5,5,1,9,1,0,0,0,0
1980,R,cruzh101,R,R,26,23,4,6,0,1,0,0,0,3,0,7,0,0,0,0,0
1980,R,cruzj001,L,L,273,257,68,101,10,1,7,1,38,13,3,34,5,0,0,3,0
1980,R,cruzj001,L,R,407,355,117,160,19,6,4,0,53,47,10,32,6,0,0,5,0
1980,R,cruzj002,L,R,357,299,64,74,6,2,0,0,12,45,0,30,5,1,10,2,0
1980,R,cruzj002,R,L,140,123,24,35,3,1,2,0,4,14,0,19,1,0,3,0,0
1980,R,cruzt001,R,L,100,95,21,27,3,0,1,0,6,4,1,18,1,0,1,0,0
1980,R,cruzt001,R,R,256,238,58,77,11,1,2,0,17,10,0,44,4,2,5,1,0
1980,R,cubbm101,L,L,22,20,5,9,1,0,1,0,4,1,0,1,1,0,1,0,0
1980,R,cubbm101,L,R,296,265,65,94,8,0,7,0,38,22,4,36,3,1,5,3,0
1980,R,curtj001,L,L,10,9,2,2,0,0,0,0,0,1,0,6,0,0,0,0,0
1980,R,curtj001,L,R,59,53,10,11,1,0,0,0,2,1,0,25,0,0,5,0,0
1980,R,dacqj101,R,L,5,4,0,0,0,0,0,0,0,0,0,2,0,0,1,0,0
1980,R,dacqj101,R,R,6,4,0,0,0,0,0,0,0,1,0,2,0,0,1,0,0
1980,R,dadep101,R,L,33,26,5,5,0,0,0,0,1,7,0,6,2,0,0,0,0
1980,R,dadep101,R,R,32,27,5,5,0,0,0,0,2,5,0,4,0,0,0,0,0
1980,R,dauer001,R,L,201,185,47,54,7,0,0,0,20,13,1,6,9,0,1,2,0
1980,R,dauer001,R,R,417,372,111,142,25,0,2,0,43,33,0,13,13,3,5,4,0
1980,R,davav101,L,R,6,6,1,1,0,0,0,0,0,0,0,1,0,0,0,0,0
1980,R,davib101,R,L,133,121,28,44,7,0,3,0,12,8,0,8,8,0,4,0,0
1980,R,davib101,R,R,107,97,19,26,4,0,1,0,7,4,0,17,1,1,5,0,0
1980,R,david101,R,L,133,130,42,58,11,1,1,0,5,3,0,8,2,0,0,0,0
1980,R,david101,R,R,248,235,57,83,15,1,3,0,25,8,0,35,6,3,0,2,0
1980,R,davim001,L,R,2,2,1,1,0,0,0,0,0,0,0,0,0,0,0,0,0
1980,R,davim002,L,L,12,12,4,4,0,0,0,0,0,0,0,3,0,0,0,0,0
1980,R,davim002,L,R,95,83,16,23,2,1,1,0,8,7,0,11,2,0,4,1,0
1980,R,davio101,R,L,4,4,1,1,0,0,0,0,0,0,0,2,0,0,0,0,0
1980,R,davio101,R,R,4,4,0,0,0,0,0,0,0,0,0,0,0,0,0,0,0
1980,R,davir001,R,R,1,1,0,0,0,0,0,0,0,0,0,1,0,0,0,0,0
1980,R,dawsa001,R,L,136,118,40,75,9,1,8,0,20,15,4,8,0,1,0,2,0
1980,R,dawsa001,R,R,502,459,138,209,32,6,9,0,67,29,3,61,9,5,1,8,0
1980,R,decid001,R,L,184,158,49,93,7,2,11,0,29,22,1,23,7,1,1,2,0
1980,R,decid001,R,R,365,331,73,104,16,0,5,0,35,27,4,60,13,2,3,2,0
1980,R,dejei001,R,L,175,156,42,58,8,1,2,0,10,17,0,20,4,0,2,0,0
1980,R,dejei001,R,R,517,462,118,143,18,2,1,0,23,43,2,61,0,4,6,2,0
1980,R,dempr001,R,L,196,178,54,86,10,2,6,0,20,14,0,18,3,1,2,1,0
1980,R,dempr001,R,R,210,184,41,68,16,1,3,0,20,22,1,27,8,2,2,0,0
1980,R,dentb001,R,L,212,187,57,72,10,1,1,0,15,16,1,11,0,1,5,3,0
1980,R,dentb001,R,R,341,302,71,101,16,1,4,0,37,32,0,26,6,1,4,2,0
1980,R,dernb001,R,L,3,2,2,2,0,0,0,0,1,1,0,0,0,0,0,0,0
1980,R,dernb001,R,R,5,5,2,2,0,0,0,0,0,0,0,0,0,0,0,0,0
1980,R,desaj001,L,L,1,1,0,0,0,0,0,0,0,0,0,0,1,0,0,0,0
1980,R,desaj001,L,R,10,10,3,3,0,0,0,0,0,0,0,2,0,0,0,0,0
1980,R,dethb101,R,L,23,22,7,9,2,0,0,0,3,1,0,4,0,0,0,0,0
1980,R,dethb101,R,R,4,4,1,4,0,0,1,0,4,0,0,0,0,0,0,0,0
1980,R,diazb001,R,L,159,149,35,51,9,2,1,0,23,5,3,19,6,0,3,2,0
1980,R,diazb001,R,R,63,58,12,20,2,0,2,1,9,2,0,8,6,0,2,0,1
1980,R,dills101,R,L,76,72,22,30,3,1,1,0,13,4,0,13,1,0,0,0,0
1980,R,dills101,R,R,191,172,33,47,5,0,3,0,14,16,2,41,2,1,0,2,0
1980,R,dilom001,L,R,364,337,119,153,18,8,0,0,25,20,0,27,2,1,4,2,0
1980,R,dilom001,R,L,202,191,61,75,12,1,0,0,15,8,1,18,5,1,2,0,0
1980,R,donot101,R,L,59,56,10,16,0,0,2,0,4,2,0,16,0,0,1,0,0
1980,R,donot101,R,R,171,162,31,37,4,1,0,0,10,5,0,47,0,1,2,1,0
1980,R,downb001,R,L,43,35,13,22,3,0,2,0,14,7,1,5,1,0,0,1,0
1980,R,downb001,R,R,65,58,14,17,3,0,0,0,11,5,0,7,4,0,1,1,0
1980,R,doylb101,L,L,16,16,3,3,0,0,0,0,0,0,0,4,0,0,0,0,0
1980,R,doylb101,L,R,65,59,10,14,1,0,1,0,5,6,0,3,1,0,0,0,0
1980,R,dragd101,R,R,1,1,0,0,0,0,0,0,0,0,0,0,0,0,0,0,0
1980,R,dried001,L,L,190,166,45,66,10,1,3,0,25,19,1,29,3,3,0,2,0
1980,R,dried001,L,R,442,358,94,153,26,0,11,0,49,74,16,39,11,3,0,7,0
1980,R,duesh101,R,L,1,1,0,0,0,0,0,0,0,0,0,1,0,0,0,0,0
1980,R,duesh101,R,R,2,2,0,0,0,0,0,0,0,0,0,1,0,0,0,0,0
1980,R,durhl001,L,L,53,49,11,16,1,2,0,0,4,3,0,13,1,0,0,1,0
1980,R,durhl001,L,R,277,254,71,113,14,2,8,1,38,15,1,42,2,1,3,4,0
1980,R,dwyej001,L,L,52,50,11,19,3,1,1,0,7,2,0,9,0,0,0,0,0
1980,R,dwyej001,L,R,240,210,63,95,8,0,8,0,31,26,5,14,4,2,1,1,0
1980,R,dybzj001,R,L,122,110,29,37,6,1,0,0,11,5,0,18,1,1,6,0,0
1980,R,dybzj001,R,R,156,138,28,36,5,0,1,0,12,8,0,17,4,1,8,1,0
1980,R,dyerd101,R,L,97,83,18,31,1,0,4,0,10,10,1,18,3,0,4,0,0
1980,R,dyerd101,R,R,29,25,2,2,0,0,0,0,1,3,0,16,0,0,1,0,0
1980,R,easlm001,L,L,76,68,17,23,3,0,1,0,9,5,1,23,2,0,0,3,0
1980,R,easlm001,L,R,369,325,116,206,24,3,20,0,65,38,5,42,5,0,0,6,0
1980,R,edled101,R,L,37,31,9,15,0,0,2,0,3,5,1,3,0,0,1,0,0
1980,R,edled101,R,R,62,58,11,15,1,0,1,0,6,3,0,13,3,0,1,0,0
1980,R,edwad101,R,L,181,168,43,59,8,1,2,0,18,12,1,42,5,0,0,1,0
1980,R,edwad101,R,R,34,32,7,8,1,0,0,0,2,0,0,9,1,1,1,0,0
1980,R,edwam101,R,L,36,33,9,9,0,0,0,0,2,1,0,0,1,0,2,0,0
1980,R,edwam101,R,R,27,26,5,5,0,0,0,0,1,0,0,5,0,0,1,0,0
1980,R,eichj001,R,L,5,4,1,1,0,0,0,0,0,0,0,3,0,0,1,0,0
1980,R,eichj001,R,R,28,23,2,2,0,0,0,0,0,2,0,15,0,0,3,0,0
1980,R,ellij101,R,L,152,142,34,46,7,1,1,0,16,8,1,15,4,0,0,2,0
1980,R,ellij101,R,R,48,40,9,11,2,0,0,0,7,6,0,8,2,1,0,1,0
1980,R,ellir101,R,L,39,38,5,8,3,0,0,0,1,1,0,12,1,0,0,0,0
1980,R,ellir101,R,R,1,1,0,0,0,0,0,0,0,0,0,1,0,0,0,0,0
1980,R,espin101,R,L,11,11,1,2,1,0,0,0,0,0,0,3,0,0,0,0,0
1980,R,espin101,R,R,18,15,2,2,0,0,0,0,2,0,0,6,0,0,3,0,0
1980,R,essij001,R,L,176,154,33,50,5,0,4,0,15,20,0,7,7,0,0,2,0
1980,R,essij001,R,R,145,131,33,42,6,0,1,0,14,10,0,11,6,0,3,1,0
1980,R,evanb101,R,L,46,38,9,12,1,1,0,0,3,6,1,7,0,0,1,1,0
1980,R,evanb101,R,R,101,87,20,27,2,1,1,1,11,11,0,14,2,0,1,2,0
1980,R,evand001,L,L,170,146,38,59,6,0,5,1,21,18,0,20,4,1,4,1,0
1980,R,evand001,L,R,483,410,109,171,17,0,15,0,57,65,6,45,8,1,2,5,0
1980,R,evand002,R,L,176,158,47,85,15,4,5,0,20,16,4,18,4,0,0,2,0
1980,R,evand002,R,R,366,305,76,139,22,1,13,0,40,48,2,80,1,5,6,2,0
1980,R,faedl001,R,L,2,2,0,0,0,0,0,0,0,0,0,0,0,0,0,0,0
1980,R,faedl001,R,R,7,6,2,3,1,0,0,0,0,0,0,0,0,0,1,0,0
1980,R,faheb101,L,L,20,20,4,4,0,0,0,0,2,0,0,3,0,0,0,0,0
1980,R,faheb101,L,R,246,221,58,65,4,0,1,0,20,21,6,13,4,0,1,2,1
1980,R,falcp001,L,L,11,9,0,0,0,0,0,0,0,0,0,3,0,0,2,0,0
1980,R,falcp001,L,R,38,32,6,6,0,0,0,0,3,2,0,9,0,0,4,0,0
1980,R,fergj101,R,L,50,39,8,15,1,0,2,0,7,10,5,10,3,0,0,1,0
1980,R,fergj101,R,R,164,133,33,60,2,2,7,0,22,28,6,36,5,0,1,2,0
1980,R,figuj101,L,L,39,37,6,6,0,0,0,0,0,1,0,4,0,1,0,0,0
1980,R,figuj101,L,R,177,161,44,52,5,0,1,0,11,13,0,12,3,1,2,0,0
1980,R,fingr001,R,L,5,5,1,2,1,0,0,0,0,0,0,0,0,0,0,0,0
1980,R,fingr001,R,R,14,13,4,6,2,0,0,0,0,0,0,5,1,0,1,0,0
1980,R,fiscm001,R,L,1,1,0,0,0,0,0,0,0,0,0,1,0,0,0,0,0
1980,R,fiskc001,R,L,147,136,43,80,6,2,9,0,25,10,2,16,3,1,0,0,0
1980,R,fiskc001,R,R,383,342,95,143,19,1,9,0,37,26,4,46,9,12,0,3,0
1980,R,flant001,L,L,40,36,5,7,2,0,0,0,2,4,0,3,0,0,0,0,0
1980,R,flant001,L,R,275,256,65,75,10,0,0,0,23,14,4,27,5,0,4,1,0
1980,R,flynd001,R,L,133,124,26,34,0,4,0,0,5,8,8,1,5,0,0,1,0
1980,R,flynd001,R,R,341,319,87,104,9,4,0,0,19,14,6,19,10,0,6,2,0
1980,R,folem001,L,L,18,16,1,4,0,0,1,0,2,0,0,3,0,1,0,1,0
1980,R,folem001,L,R,135,121,28,42,5,0,3,0,13,9,3,19,0,1,1,3,0
1980,R,folit001,R,L,185,173,49,65,13,0,1,0,9,9,1,5,2,0,2,1,0
1980,R,folit001,R,R,355,322,82,97,9,0,2,0,29,10,0,18,3,6,11,6,0
1980,R,footb101,R,L,68,62,14,19,2,0,1,0,7,5,2,3,3,0,0,1,0
1980,R,footb101,R,R,148,140,34,62,11,1,5,1,21,8,0,15,4,0,0,0,0
1980,R,fordd001,R,L,108,98,32,50,6,0,4,0,14,7,0,19,4,2,0,1,0
1980,R,fordd001,R,R,141,128,31,45,5,0,3,0,12,12,1,26,11,0,1,0,0
1980,R,forsb001,R,L,41,37,10,22,3,0,3,0,8,1,0,10,1,0,3,0,0
1980,R,forsb001,R,R,48,41,13,15,2,0,0,0,2,1,0,8,0,0,6,0,0
1980,R,forsk001,R,L,37,32,5,7,2,0,0,0,0,1,0,15,0,0,4,0,0
1980,R,forsk001,R,R,47,45,13,14,1,0,0,0,8,0,0,18,0,0,2,0,0
1980,R,fostg001,R,L,179,153,44,84,7,3,9,0,30,24,11,22,2,0,0,2,0
1980,R,fostg001,R,R,429,375,100,166,14,2,16,1,63,51,3,77,12,1,0,2,0
1980,R,friap101,R,L,99,90,23,29,4,1,0,0,1,2,0,13,4,1,5,1,0
1980,R,friap101,R,R,156,146,34,36,2,0,0,0,9,2,0,10,5,0,7,1,0
1980,R,frymw101,R,L,3,2,0,0,0,0,0,0,0,0,0,1,0,0,1,0,0
1980,R,frymw101,R,R,11,10,2,2,0,0,0,0,2,0,0,3,0,0,1,0,0
1980,R,fulgj101,R,L,14,13,0,0,0,0,0,0,0,0,0,10,0,0,1,0,0
1980,R,fulgj101,R,R,16,14,0,0,0,0,0,0,0,0,0,7,0,0,2,0,0
1980,R,gambo001,L,L,21,20,3,3,0,0,0,0,1,0,0,2,0,1,0,0,0
1980,R,gambo001,L,R,208,174,51,107,10,2,14,0,49,28,4,19,2,3,0,3,0
1980,R,gantj001,L,L,93,84,22,27,5,0,0,0,7,5,0,9,1,0,3,1,0
1980,R,gantj001,L,R,364,331,95,129,16,3,4,1,33,25,5,20,7,1,5,2,0
1980,R,garbg001,R,L,1,1,1,1,0,0,0,0,1,0,0,0,0,0,0,0,0
1980,R,garbg001,R,R,1,1,0,0,0,0,0,0,0,0,0,1,0,0,0,0,0
1980,R,garcd001,R,L,211,202,54,70,9,2,1,0,14,7,2,18,6,0,1,1,0
1980,R,garcd001,R,R,354,341,97,137,21,5,3,0,32,5,0,37,8,3,3,2,0
1980,R,garck001,R,L,96,90,19,20,1,0,0,0,3,6,0,17,1,0,0,0,0
1980,R,garck001,R,R,244,221,43,53,7,0,1,0,24,18,0,40,10,0,3,2,0
1980,R,garnp001,R,L,203,181,46,72,13,2,3,0,27,15,6,14,6,2,1,4,0
1980,R,garnp001,R,R,407,367,96,124,14,4,2,0,31,31,6,39,6,0,6,3,0
1980,R,garrr101,L,L,3,3,0,0,0,0,0,0,0,0,0,1,0,0,0,0,0
1980,R,garrr101,L,R,43,39,8,9,1,0,0,0,3,4,2,5,0,0,0,0,0
1980,R,garvs001,R,L,112,109,30,51,6,0,5,0,19,3,1,11,4,0,0,0,0
1980,R,garvs001,R,R,592,549,170,256,21,1,21,0,87,33,5,56,13,3,3,4,0
1980,R,gedmr001,L,R,24,24,5,5,0,0,0,0,1,0,0,5,1,0,0,0,0
1980,R,geroc101,L,L,19,16,4,4,0,0,0,0,1,2,0,4,0,0,0,1,0
1980,R,geroc101,L,R,143,129,33,44,5,0,2,0,8,12,3,20,2,0,2,0,0
1980,R,gibsk001,L,L,63,59,9,15,0,0,2,0,4,3,0,21,0,1,0,0,0
1980,R,gibsk001,L,R,126,116,37,62,2,1,7,0,12,7,0,24,0,0,1,2,0
1980,R,glyne001,R,L,1,0,0,0,0,0,0,0,0,0,0,0,0,0,1,0,0
1980,R,glyne001,R,R,7,6,0,0,0,0,0,0,0,0,0,2,0,0,1,0,0
1980,R,goltd101,R,L,8,7,1,1,0,0,0,0,0,1,0,4,0,0,0,0,0
1980,R,goltd101,R,R,53,40,5,5,0,0,0,0,4,6,0,19,0,0,7,0,0
1980,R,gomel101,R,L,90,79,21,22,1,0,0,0,6,8,1,5,2,0,3,0,0
1980,R,gomel101,R,R,217,199,32,37,5,0,0,0,18,9,1,22,7,1,7,1,0
1980,R,gonzd101,L,R,7,7,1,1,0,0,0,0,0,0,0,1,0,0,0,0,0
1980,R,gonzj101,R,L,36,35,3,4,1,0,0,0,1,1,1,7,1,0,0,0,0
1980,R,gonzj101,R,R,18,17,3,3,0,0,0,0,0,0,0,1,0,0,1,0,0
1980,R,gonzo101,L,L,15,13,6,6,0,0,0,0,1,2,0,2,0,0,0,0,0
1980,R,gonzo101,L,R,65,57,11,11,0,0,0,0,0,7,0,6,0,0,1,0,0
1980,R,goodd101,L,L,3,3,0,0,0,0,0,0,0,0,0,2,0,0,0,0,0
1980,R,goodd101,L,R,131,112,23,31,5,0,1,0,11,17,0,30,4,0,1,1,0
1980,R,grahd101,L,L,32,27,4,13,0,0,3,1,8,3,0,5,1,0,1,1,0
1980,R,grahd101,L,R,254,239,70,115,7,1,12,0,46,11,0,35,3,0,0,3,1
1980,R,grayg101,R,L,24,21,3,7,1,0,1,0,2,3,1,5,1,0,0,0,0
1980,R,grayg101,R,R,33,33,5,8,0,0,1,0,2,0,0,8,1,0,0,0,0
1980,R,gricb001,R,L,170,140,23,33,4,0,2,0,7,30,2,39,5,0,0,0,0
1980,R,gricb001,R,R,426,358,112,170,18,2,12,1,55,54,0,69,11,4,5,5,0
1980,R,grifa001,L,R,465,430,108,153,16,13,1,0,29,22,2,37,2,3,7,3,0
1980,R,grifa001,R,L,231,223,58,75,10,2,1,0,12,2,0,21,5,1,3,2,0
1980,R,grifk001,L,L,167,153,41,60,7,3,2,0,22,10,0,29,0,1,1,2,0
1980,R,grifk001,L,R,448,391,119,187,21,7,11,0,63,52,4,48,4,0,2,3,0
1980,R,grift101,R,L,12,11,2,5,0,0,1,0,1,0,0,3,0,0,1,0,0
1980,R,grift101,R,R,8,7,0,0,0,0,0,0,0,0,0,4,0,0,1,0,0
1980,R,grimr101,L,L,4,4,1,1,0,0,0,0,0,0,0,2,0,0,0,0,0
1980,R,grimr101,L,R,5,5,1,2,1,0,0,0,0,0,0,2,0,0,0,0,0
1980,R,grosg001,L,L,27,22,2,3,1,0,0,0,0,5,1,1,1,0,0,0,0
1980,R,grosg001,L,R,155,132,35,45,6,2,0,0,12,19,0,6,3,1,3,0,0
1980,R,grosw001,L,L,58,55,12,16,4,0,0,0,5,1,0,9,0,0,2,0,0
1980,R,grosw001,L,R,361,311,91,155,16,3,14,0,56,43,9,30,2,1,0,6,0
1980,R,grubj001,L,L,25,24,6,8,2,0,0,0,2,0,0,10,0,0,1,0,0
1980,R,grubj001,L,R,298,250,70,109,10,1,9,0,30,42,5,25,11,2,1,3,0
1980,R,guerm101,R,L,148,134,39,53,7,2,1,0,6,9,1,8,6,0,3,2,0
1980,R,guerm101,R,R,266,247,52,64,9,0,1,0,17,10,1,24,9,1,4,4,0
1980,R,guerp001,R,L,58,52,20,38,4,1,4,0,13,5,1,7,0,0,1,0,0
1980,R,guerp001,R,R,141,131,39,53,5,0,3,0,18,7,2,24,2,0,0,3,0
1980,R,guldb001,L,L,1,1,0,0,0,0,0,0,0,0,0,0,0,0,0,0,0
1980,R,guldb001,L,R,2,2,1,4,0,0,1,0,2,0,0,0,0,0,0,0,0
1980,R,gullb001,R,L,14,10,4,4,0,0,0,0,0,0,0,3,0,0,4,0,0
1980,R,gullb001,R,R,38,30,3,4,1,0,0,0,0,2,0,8,0,0,6,0,0
1980,R,halie101,R,L,2,2,1,1,0,0,0,0,0,0,0,0,0,0,0,0,0
1980,R,halie101,R,R,4,4,0,0,0,0,0,0,0,0,0,2,0,0,0,0,0
1980,R,hancg001,L,L,12,12,3,3,0,0,0,0,0,0,0,2,0,0,0,0,0
1980,R,hancg001,L,R,108,103,30,48,6,0,4,0,19,3,0,9,1,0,0,2,0
1980,R,hannp101,R,L,1,1,0,0,0,0,0,0,0,0,0,1,0,0,0,0,0
1980,R,hannp101,R,R,13,13,2,4,0,1,0,0,0,0,0,2,0,0,0,0,0
1980,R,harga001,R,L,8,6,2,3,1,0,0,0,2,2,0,2,0,0,0,0,0
1980,R,harga001,R,R,17,16,2,2,0,0,0,0,0,0,0,8,1,0,1,0,0
1980,R,hargm001,L,L,281,234,71,94,9,1,4,0,30,35,0,17,11,6,2,4,0
1980,R,hargm001,L,R,439,355,108,144,13,1,7,0,55,76,10,19,10,2,0,6,0
1980,R,harll101,L,L,53,43,11,15,0,2,0,0,2,7,0,18,1,1,2,0,0
1980,R,harll101,L,R,302,258,72,101,13,2,4,0,25,41,1,43,9,0,2,1,0
1980,R,harpt001,R,L,10,10,2,2,0,0,0,0,0,0,0,1,0,0,0,0,0
1980,R,harpt001,R,R,51,44,8,12,2,1,0,0,3,6,0,4,1,1,0,0,0
1980,R,harrb101,L,R,158,125,39,44,5,0,0,0,6,23,0,14,2,0,10,0,0
1980,R,harrb101,R,L,61,55,10,14,1,0,1,0,3,6,0,9,1,0,0,0,0
1980,R,harrj101,L,L,6,3,0,0,0,0,0,0,1,2,0,1,0,0,0,1,0
1980,R,harrj101,L,R,43,38,12,23,5,0,2,0,6,5,0,3,2,0,0,0,0
1980,R,harrt001,R,L,231,182,50,70,9,1,3,0,25,42,3,18,3,4,1,2,0
1980,R,harrt001,R,R,444,379,100,143,13,3,8,1,47,56,0,42,13,3,1,5,0
1980,R,harrv101,L,R,85,73,17,26,4,1,1,0,7,10,0,9,0,0,1,1,0
1980,R,harrv101,R,L,18,16,2,2,0,0,0,0,0,2,0,4,1,0,0,0,0
1980,R,hartm101,L,R,2,1,0,0,0,0,0,0,0,1,0,0,0,0,0,0,0
1980,R,hartm101,R,L,3,3,1,1,0,0,0,0,0,0,0,1,0,0,0,0,0
1980,R,hassa001,L,R,2,2,0,0,0,0,0,0,0,0,0,1,0,0,0,0,0
1980,R,hassr001,L,L,53,49,14,18,2,1,0,0,9,4,0,9,2,0,0,0,0
1980,R,hassr001,L,R,394,341,110,156,16,3,8,0,56,45,3,42,11,1,1,6,0
1980,R,hatcm001,R,L,40,38,9,10,1,0,0,0,1,1,0,3,2,0,1,0,0
1980,R,hatcm001,R,R,50,46,10,14,1,0,1,0,4,1,1,9,4,0,3,0,0
1980,R,haust101,R,L,4,4,1,1,0,0,0,0,0,0,0,2,0,0,0,0,0
1980,R,haust101,R,R,13,12,0,0,0,0,0,0,0,0,0,5,1,0,1,0,0
1980,R,hayeb101,R,R,9,9,2,3,1,0,0,0,0,0,0,3,0,0,0,0,0
1980,R,hazed101,R,L,5,5,0,0,0,0,0,0,0,0,0,4,0,0,0,0,0
1980,R,heatm001,R,L,203,185,57,69,8,2,0,0,24,13,1,15,4,0,4,1,0
1980,R,heatm001,R,R,126,120,17,22,2,0,1,0,9,3,1,13,3,0,3,0,0
1980,R,hebnr001,L,L,120,108,34,47,3,2,2,1,23,6,0,22,2,2,2,2,0
1980,R,hebnr001,L,R,268,233,65,112,7,5,10,0,59,32,3,23,5,0,0,3,0
1980,R,heepd001,L,L,22,20,6,8,2,0,0,0,3,1,0,1,0,0,0,1,0
1980,R,heepd001,L,R,75,67,18,24,6,0,0,0,3,7,0,8,0,1,0,0,0
1980,R,hendg001,R,L,200,184,52,91,9,0,10,0,30,12,6,12,7,1,0,2,1
1980,R,hendg001,R,R,414,388,121,194,24,2,15,0,79,20,3,55,7,3,1,2,0
1980,R,hendk101,L,R,72,63,11,19,2,0,2,0,6,9,2,14,3,0,0,0,0
1980,R,hendk101,R,L,27,19,5,6,1,0,0,0,3,8,1,5,0,0,0,0,0
1980,R,hendr001,R,L,260,214,75,103,11,1,5,0,20,39,7,13,2,2,3,2,0
1980,R,hendr001,R,R,462,377,104,133,11,3,4,0,33,78,0,41,4,3,3,1,0
1980,R,hends001,R,L,164,148,40,53,5,4,0,0,13,16,2,20,3,0,0,0,0
1980,R,hends001,R,R,420,365,109,153,12,4,8,0,45,46,1,70,14,3,3,3,0
1980,R,hernk001,L,L,253,213,76,115,17,5,4,0,45,35,0,23,5,4,1,0,0
1980,R,hernk001,L,R,437,382,115,179,22,3,12,0,54,51,4,50,9,0,0,4,0
1980,R,hernl001,R,L,166,162,42,66,7,1,5,0,25,4,0,27,5,0,0,0,0
1980,R,hernl001,R,R,355,331,85,124,10,10,3,0,24,15,1,64,5,1,4,4,0
1980,R,hernw001,L,L,7,7,0,0,0,0,0,0,0,0,0,4,0,0,0,0,0
1980,R,hernw001,L,R,13,12,4,5,1,0,0,0,1,0,0,3,0,0,1,0,0
1980,R,herrt001,L,R,143,127,34,53,9,5,0,0,14,12,3,11,5,1,1,2,0
1980,R,herrt001,R,L,99,95,21,24,3,0,0,0,1,4,2,10,3,0,0,0,0
1980,R,hillm001,R,L,59,57,13,21,3,1,1,0,5,2,0,6,2,0,0,0,0
1980,R,hillm001,R,R,58,54,10,14,1,0,1,0,4,2,0,11,2,0,2,0,0
1980,R,hisll101,R,L,34,25,9,12,0,0,1,0,6,9,2,6,0,0,0,0,0
1980,R,hisll101,R,R,42,35,8,23,0,0,5,0,10,5,0,1,1,1,0,1,0
1980,R,hobsb101,R,L,118,107,23,33,1,0,3,0,11,9,1,14,7,0,0,2,0
1980,R,hobsb101,R,R,234,217,51,80,5,0,8,0,28,16,1,55,3,0,0,1,0
1980,R,hodgp101,R,L,23,21,3,3,0,0,0,0,0,2,0,7,2,0,0,0,0
1980,R,hodgp101,R,R,23,20,6,11,0,1,1,0,5,1,0,5,0,0,2,0,0
1980,R,hodgr001,L,R,54,42,10,12,2,0,0,0,5,10,1,13,1,0,1,1,0
1980,R,hoffg001,R,L,135,123,38,53,6,3,1,0,15,5,0,13,2,0,4,3,0
1980,R,hoffg001,R,R,211,189,51,71,9,1,3,0,27,14,2,28,6,2,5,1,0
1980,R,holla001,R,L,2,0,0,0,0,0,0,0,0,1,0,0,0,0,1,0,0
1980,R,holla001,R,R,7,5,1,3,0,1,0,0,2,1,0,2,0,0,1,0,0
1980,R,holtr101,L,R,4,3,1,1,0,0,0,0,1,1,0,2,0,0,0,0,0
1980,R,holtr101,R,L,3,3,0,0,0,0,0,0,0,0,0,0,0,0,0,0,0
1980,R,hoodd101,L,L,9,7,2,2,0,0,0,0,1,0,0,4,0,0,2,0,0
1980,R,hoodd101,L,R,13,13,2,2,0,0,0,0,0,0,0,5,0,0,0,0,0
1980,R,hootb001,R,L,20,16,2,5,0,0,1,0,4,0,0,1,0,0,4,0,0
1980,R,hootb001,R,R,61,48,2,2,0,0,0,0,2,3,0,14,0,0,10,0,0
1980,R,hornb001,R,L,103,93,24,46,4,0,6,0,20,8,2,10,6,0,0,2,0
1980,R,hornb001,R,R,392,370,100,199,10,1,29,0,69,19,1,40,10,1,0,2,0
1980,R,hortw101,R,L,138,119,32,47,6,0,3,0,17,13,0,21,2,3,1,2,0
1980,R,hortw101,R,R,246,216,42,63,4,1,5,0,19,26,2,49,3,1,1,2,0
1980,R,hougc001,R,L,1,1,1,1,0,0,0,0,1,0,0,0,0,0,0,0,0
1980,R,hougc001,R,R,1,1,0,0,0,0,0,0,0,0,0,1,0,0,0,0,0
1980,R,housp001,L,R,40,39,10,13,1,1,0,0,6,1,0,11,0,0,0,0,0
1980,R,housp001,R,L,6,6,1,1,0,0,0,0,1,0,0,2,0,0,0,0,0
1980,R,howea001,R,L,212,190,62,96,7,3,7,0,29,19,4,13,5,0,1,2,0
1980,R,howea001,R,R,152,131,29,47,5,2,3,0,17,15,2,16,4,1,3,2,0
1980,R,hower001,L,L,212,196,49,79,15,3,3,0,18,11,0,36,4,4,1,0,0
1980,R,hower001,L,R,380,332,93,139,13,6,7,0,39,39,8,56,8,1,3,5,0
1980,R,howes001,L,L,1,1,0,0,0,0,0,0,0,0,0,0,0,0,0,0,0
1980,R,howes001,L,R,10,10,1,1,0,0,0,0,0,0,0,3,0,0,0,0,0
1980,R,hraba101,R,R,1,1,0,0,0,0,0,0,0,0,0,0,0,0,0,0,0
1980,R,hubbg001,R,L,100,86,18,31,2,1,3,0,8,12,1,14,1,0,1,1,0
1980,R,hubbg001,R,R,387,345,89,130,19,2,6,0,35,37,1,55,6,0,1,4,0
1980,R,humet001,R,L,4,4,1,2,1,0,0,0,2,0,0,0,0,0,0,0,0
1980,R,humet001,R,R,13,12,2,3,1,0,0,0,2,0,0,5,0,0,1,0,0
1980,R,hurdc001,L,L,98,90,26,36,8,1,0,0,11,7,0,20,3,0,1,0,0
1980,R,hurdc001,L,R,340,305,90,145,23,1,10,0,49,27,5,41,8,2,1,5,0
1980,R,huttt101,L,L,4,4,1,1,0,0,0,0,1,0,0,2,0,0,0,0,0
1980,R,huttt101,L,R,58,51,11,13,2,0,0,0,4,4,0,8,1,0,2,1,0
1980,R,iorgd001,L,L,43,42,5,7,2,0,0,0,9,0,0,8,0,0,0,1,0
1980,R,iorgd001,L,R,232,209,71,103,21,1,3,0,27,20,2,26,5,0,0,3,0
1980,R,iorgg001,R,L,90,84,27,39,6,0,2,0,9,5,0,13,1,0,1,0,0
1980,R,iorgg001,R,R,147,138,28,34,4,1,0,0,5,7,0,26,4,0,2,0,0
1980,R,isalo101,R,L,1,1,1,3,0,1,0,0,2,0,0,0,0,0,0,0,0
1980,R,isalo101,R,R,5,4,1,1,0,0,0,0,1,1,0,0,0,0,0,0,0
1980,R,iviem101,R,L,72,65,19,25,3,0,1,0,9,6,1,8,0,0,0,1,0
1980,R,iviem101,R,R,234,221,50,74,13,1,3,0,16,13,1,32,7,0,0,0,0
1980,R,jackg101,L,R,6,6,0,0,0,0,0,0,0,0,0,4,0,0,0,0,0
1980,R,jackg101,R,L,4,4,0,0,0,0,0,0,0,0,0,3,0,0,0,0,0
1980,R,jackr001,L,L,254,227,66,132,7,1,19,0,54,25,0,69,3,1,0,1,0
1980,R,jackr001,L,R,347,287,88,175,15,3,22,1,57,58,15,53,4,1,0,1,0
1980,R,jackr002,R,L,260,239,66,98,19,2,3,0,22,16,5,18,10,1,2,2,0
1980,R,jackr002,R,R,174,157,39,57,10,1,2,0,20,12,0,23,5,2,2,1,0
1980,R,jackr003,R,L,7,7,1,3,0,1,0,0,0,0,0,1,0,0,0,0,0
1980,R,jackr003,R,R,9,9,2,2,0,0,0,0,0,0,0,3,0,0,0,0,0
1980,R,jeffj101,R,R,2,1,0,0,0,0,0,0,0,0,0,1,0,0,1,0,0
1980,R,johnc001,R,L,131,101,31,49,6,0,4,0,15,28,6,15,2,0,0,2,0
1980,R,johnc001,R,R,299,269,55,98,5,1,12,2,47,26,4,50,10,1,0,3,0
1980,R,johng101,L,L,4,2,0,0,0,0,0,0,0,2,0,1,0,0,0,0,0
1980,R,johng101,L,R,27,25,5,8,3,0,0,0,1,0,0,3,3,0,1,1,0
1980,R,johnj002,L,L,13,11,3,4,1,0,0,0,3,2,0,3,0,0,0,0,0
1980,R,johnj002,L,R,266,240,74,98,14,2,2,0,17,22,1,26,3,2,2,0,0
1980,R,johnl101,R,L,181,163,41,67,11,0,5,0,18,15,2,13,4,0,0,3,0
1980,R,johnl101,R,R,415,378,109,154,15,3,8,0,63,32,3,40,11,0,1,4,0
1980,R,johnr101,L,R,25,20,4,4,0,0,0,0,3,2,0,4,0,1,0,2,0
1980,R,jonel001,R,L,48,40,8,10,0,1,0,0,2,7,0,3,3,0,0,1,0
1980,R,jonel001,R,R,18,15,6,10,2,1,0,0,4,3,0,2,0,0,0,0,0
1980,R,joner002,L,L,205,180,32,47,4,1,3,0,20,15,0,35,3,3,5,2,0
1980,R,joner002,L,R,168,148,41,70,7,2,6,1,22,19,3,15,2,0,0,1,0
1980,R,joner101,R,L,24,19,3,3,0,0,0,0,0,1,0,6,0,0,4,0,0
1980,R,joner101,R,R,30,26,0,0,0,0,0,0,0,1,0,9,1,0,3,0,0
1980,R,jorgm001,L,L,20,19,3,3,0,0,0,0,1,0,0,7,0,0,1,0,0
1980,R,jorgm001,L,R,348,302,79,111,11,0,7,1,42,46,6,48,10,0,0,0,0
1980,R,joshv101,L,L,7,6,2,3,1,0,0,0,2,1,0,0,0,0,0,0,0
1980,R,joshv101,L,R,61,57,13,22,1,1,2,0,5,4,1,15,2,0,0,0,0
1980,R,kaatj101,L,L,10,8,1,1,0,0,0,0,0,0,0,1,0,0,2,0,0
1980,R,kaatj101,L,R,31,27,4,8,1,0,1,0,2,2,0,12,0,0,2,0,0
1980,R,kellm101,R,L,24,23,6,7,1,0,0,0,1,0,0,2,1,0,1,0,0
1980,R,kellm101,R,R,83,73,8,10,0,1,0,0,3,9,1,15,4,0,0,1,0
1980,R,kellp101,L,L,5,5,1,1,0,0,0,0,0,0,0,2,0,0,0,0,0
1980,R,kellp101,L,R,232,195,51,72,10,1,3,1,26,34,0,52,4,0,0,3,0
1980,R,kellp102,R,L,1,1,0,0,0,0,0,0,0,0,0,0,0,0,0,0,0
1980,R,kellp102,R,R,6,6,2,2,0,0,0,0,0,0,0,4,0,0,0,0,0
1980,R,kemps001,L,L,244,209,54,84,8,2,6,1,39,25,1,35,13,4,1,5,0
1980,R,kemps001,L,R,347,299,95,157,15,1,15,0,62,44,2,29,11,0,0,4,0
1980,R,kendf101,R,L,18,18,4,4,0,0,0,0,1,0,0,1,0,0,0,0,0
1980,R,kendf101,R,R,6,6,3,3,0,0,0,0,1,0,0,2,0,0,0,0,0
1980,R,kennj101,R,L,122,109,33,44,9,1,0,0,10,11,3,6,3,0,0,2,0
1980,R,kennj101,R,R,263,228,55,69,7,2,1,1,24,25,3,28,2,0,4,6,0
1980,R,kennt001,L,L,31,25,4,4,0,0,0,0,4,3,0,7,0,0,1,2,0
1980,R,kennt001,L,R,250,223,59,89,12,3,4,0,30,25,3,27,9,0,0,2,0
1980,R,kimmb101,R,L,119,109,24,27,1,1,0,0,8,7,0,13,6,0,3,0,0
1980,R,kimmb101,R,R,154,142,37,46,9,0,0,0,11,10,0,13,4,0,1,1,0
1980,R,kingd001,R,L,72,62,12,17,2,0,1,0,11,9,2,6,3,0,0,1,0
1980,R,kingd001,R,R,208,193,59,116,6,0,17,1,46,12,1,38,7,0,0,3,0
1980,R,kinnd101,L,L,4,4,0,0,0,0,0,0,0,0,0,3,0,0,0,0,0
1980,R,kinnd101,L,R,10,8,1,1,0,0,0,0,0,1,0,4,0,0,1,0,0
1980,R,klutm101,R,L,117,106,32,48,7,0,3,0,12,9,0,16,3,0,1,1,0
1980,R,klutm101,R,R,95,91,21,31,7,0,1,0,9,4,1,25,2,0,0,0,0
1980,R,knepb001,L,L,27,23,5,7,2,0,0,0,4,0,0,7,0,0,4,0,0
1980,R,knepb001,L,R,52,43,5,6,1,0,0,0,3,2,0,14,0,0,5,2,0
1980,R,knica001,R,L,1,1,0,0,0,0,0,0,0,0,0,1,0,0,0,0,0
1980,R,knigr001,R,L,184,165,56,84,12,2,4,1,22,14,6,15,9,0,2,3,0
1980,R,knigr001,R,R,483,453,107,174,27,5,10,2,56,22,3,47,15,4,3,1,0
1980,R,kobek101,R,L,1,1,0,0,0,0,0,0,0,0,0,0,0,0,0,0,0
1980,R,kobek101,R,R,1,1,0,0,0,0,0,0,0,0,0,0,0,0,0,0,0
1980,R,krenw001,L,L,4,4,0,0,0,0,0,0,0,0,0,2,0,0,0,0,0
1980,R,krenw001,L,R,11,10,2,2,0,0,0,0,0,1,0,1,0,0,0,0,0
1980,R,krukm001,R,L,12,11,3,6,0,0,1,0,2,1,0,4,1,0,0,0,0
1980,R,krukm001,R,R,62,54,13,13,0,0,0,0,4,1,0,8,0,0,7,0,0
1980,R,kubsg101,L,L,8,7,3,3,0,0,0,0,0,1,0,1,0,0,0,0,0
1980,R,kubsg101,L,R,61,56,13,16,3,0,0,0,6,5,0,9,2,0,0,0,0
1980,R,kuipd001,L,L,35,34,8,8,0,0,0,0,2,0,0,3,1,0,1,0,0
1980,R,kuipd001,L,R,131,115,34,39,5,0,0,0,7,13,3,5,0,0,2,1,0
1980,R,kuntr001,R,L,48,45,11,14,3,0,0,0,3,3,0,12,0,0,0,0,0
1980,R,kuntr001,R,R,19,17,3,4,1,0,0,0,0,2,0,1,2,0,0,0,0
1980,R,lacof001,R,L,3,2,1,1,0,0,0,0,1,0,0,0,0,0,1,0,0
1980,R,lacof001,R,R,6,4,0,0,0,0,0,0,0,1,0,2,0,0,1,0,0
1980,R,lacom001,R,L,20,16,1,1,0,0,0,0,0,1,0,6,0,1,2,0,0
1980,R,lacom001,R,R,43,39,4,5,1,0,0,0,1,0,0,17,0,0,4,0,0
1980,R,lacop101,L,L,33,28,5,7,2,0,0,0,5,4,0,4,0,1,0,0,0
1980,R,lacop101,L,R,143,128,27,34,4,0,1,0,13,13,1,6,7,0,0,2,0
1980,R,lacyl001,R,L,195,177,67,112,16,4,7,0,25,14,2,11,2,0,1,3,0
1980,R,lacyl001,R,R,119,101,26,30,4,0,0,0,8,14,1,22,1,2,1,1,0
1980,R,lagrl101,R,L,1,1,0,0,0,0,0,0,0,0,0,0,0,0,0,0,0
1980,R,lagrl101,R,R,3,3,1,1,0,0,0,0,0,0,0,1,0,0,0,0,0
1980,R,lampd001,R,L,21,17,1,1,0,0,0,0,0,1,0,3,1,0,3,0,0
1980,R,lampd001,R,R,51,44,5,5,0,0,0,0,1,3,0,6,3,0,4,0,0
1980,R,landk001,L,L,224,206,56,80,7,4,3,0,23,14,0,22,6,1,2,1,0
1980,R,landk001,L,R,312,278,80,122,16,7,4,0,39,25,4,20,7,1,4,4,0
1980,R,landr001,L,R,210,187,38,47,5,2,0,0,8,18,1,27,1,3,1,1,0
1980,R,landr001,R,L,224,206,59,82,8,6,1,0,19,13,1,10,2,0,5,0,0
1980,R,landt001,R,L,53,47,12,15,1,1,0,0,6,4,0,10,3,1,0,1,0
1980,R,landt001,R,R,32,30,7,10,1,1,0,0,1,2,0,7,0,0,0,0,0
1980,R,lansc001,R,L,195,177,56,85,12,1,5,0,25,14,2,20,3,0,1,3,0
1980,R,lansc001,R,R,475,425,101,150,15,2,10,0,55,36,0,73,9,0,6,8,0
1980,R,larsd101,R,L,2,2,1,1,0,0,0,0,0,0,0,0,0,0,0,0,0
1980,R,larsd101,R,R,12,11,1,2,1,0,0,0,0,1,0,1,0,0,0,0,0
1980,R,laveg001,L,R,13,11,0,0,0,0,0,0,0,0,0,7,0,0,2,0,0
1980,R,laveg001,R,L,1,0,0,0,0,0,0,0,0,0,0,0,0,0,1,0,0
1980,R,law-r001,L,L,63,56,16,20,2,1,0,0,5,5,0,2,0,2,0,0,0
1980,R,law-r001,L,R,355,332,85,97,3,3,1,0,18,18,1,25,2,1,3,1,0
1980,R,law-v001,R,L,23,23,5,10,1,2,0,0,3,0,0,0,0,0,0,0,0
1980,R,law-v001,R,R,55,51,12,13,1,0,0,0,0,3,0,7,2,0,1,0,0
1980,R,lea-c001,R,L,11,10,1,3,0,1,0,0,0,1,0,3,1,0,0,0,0
1980,R,lea-c001,R,R,28,27,2,2,0,0,0,0,1,0,0,8,0,0,0,1,0
1980,R,lee-b101,L,L,5,5,2,2,0,0,0,0,0,0,0,0,0,0,0,0,0
1980,R,lee-b101,L,R,36,36,7,8,1,0,0,0,0,0,0,12,0,0,0,0,0
1980,R,lee-m101,R,R,1,0,0,0,0,0,0,0,0,1,0,0,0,0,0,0,0
1980,R,lefej001,L,L,22,19,4,4,0,0,0,0,3,3,0,7,0,0,0,0,0
1980,R,lefej001,L,R,156,131,30,57,1,1,8,0,18,24,3,23,5,0,1,0,0
1980,R,leflr101,R,L,129,120,30,43,7,3,0,0,12,9,1,16,2,0,0,0,0
1980,R,leflr101,R,R,458,401,104,146,14,8,4,0,27,53,0,83,2,1,2,1,0
1980,R,leibc001,R,L,14,13,4,6,0,1,0,0,0,0,0,5,0,0,1,0,0
1980,R,leibc001,R,R,50,43,7,7,0,0,0,0,4,3,0,9,0,0,3,1,0
1980,R,lemaj001,R,L,129,115,27,40,3,2,2,0,8,11,2,16,2,0,2,1,0
1980,R,lemaj001,R,R,313,290,60,84,13,4,1,0,23,14,3,41,5,0,5,4,0
1980,R,lemoc001,R,L,184,150,37,60,15,1,2,0,16,27,3,18,3,5,1,1,0
1980,R,lemoc001,R,R,420,364,113,167,17,5,9,0,35,44,3,38,9,7,3,2,0
1980,R,lentj101,R,L,159,137,31,42,6,1,1,0,11,18,1,27,2,2,2,0,0
1980,R,lentj101,R,R,46,34,12,14,2,0,0,0,7,10,0,5,1,0,2,0,0
1980,R,leonj001,R,L,128,117,26,42,5,1,3,0,12,10,2,20,6,0,0,1,0
1980,R,leonj001,R,R,110,99,20,30,2,4,0,0,8,9,0,26,2,0,1,1,0
1980,R,lercr001,L,L,12,9,4,4,0,0,0,0,1,1,0,1,0,0,2,0,0
1980,R,lercr001,L,R,42,36,8,10,2,0,0,0,2,4,0,5,2,0,2,0,0
1980,R,lezcc101,R,L,45,38,5,8,1,1,0,0,4,6,0,16,3,0,0,1,0
1980,R,lezcc101,R,R,59,50,13,25,3,0,3,0,8,5,0,13,0,1,2,1,0
1980,R,lezcs001,R,L,132,117,29,59,3,3,7,0,14,15,2,26,4,0,0,0,0
1980,R,lezcs001,R,R,328,294,65,114,16,0,11,1,41,24,1,49,2,3,3,4,0
1980,R,littd101,R,L,9,7,2,2,0,0,0,0,1,1,0,1,0,0,0,1,0
1980,R,littd101,R,R,29,22,5,6,1,0,0,0,1,6,1,6,1,0,0,1,0
1980,R,littj101,R,L,1,1,0,0,0,0,0,0,0,0,0,1,0,0,0,0,0
1980,R,littj101,R,R,5,5,1,1,0,0,0,0,0,0,0,1,2,0,0,0,0
1980,R,littj102,R,L,3,3,0,0,0,0,0,0,0,0,0,0,0,0,0,0,0
1980,R,littj102,R,R,9,8,0,0,0,0,0,0,0,0,0,3,0,0,1,0,0
1980,R,littm101,L,R,1,1,0,0,0,0,0,0,0,0,0,0,0,0,0,0,0
1980,R,loped001,R,L,105,96,35,51,5,1,3,0,11,7,2,10,0,0,1,1,0
1980,R,loped001,R,R,520,457,104,139,10,2,7,0,38,51,0,61,8,1,8,3,0
1980,R,loucs001,R,L,2,2,1,1,0,0,0,0,0,0,0,1,0,0,0,0,0
1980,R,loucs001,R,R,1,1,0,0,0,0,0,0,0,0,0,1,0,0,0,0,0
1980,R,lovij101,R,L,1,1,0,0,0,0,0,0,0,0,0,0,0,0,0,0,0
1980,R,lovij101,R,R,5,4,0,0,0,0,0,0,0,1,0,0,0,0,0,0,0
1980,R,lowej001,L,L,12,9,4,6,2,0,0,0,0,3,0,4,0,0,0,0,0
1980,R,lowej001,L,R,219,187,57,75,6,0,4,0,27,29,1,25,2,0,0,3,0
1980,R,lucag001,L,L,2,1,0,0,0,0,0,0,0,1,0,0,0,0,0,0,0
1980,R,lucag001,L,R,41,34,6,6,0,0,0,0,2,0,0,11,0,0,7,0,0
1980,R,lum-m101,L,L,2,1,0,0,0,0,0,0,0,1,0,0,0,0,0,0,0
1980,R,lum-m101,L,R,101,82,17,20,3,0,0,0,5,17,3,19,3,0,1,1,0
1980,R,luzig001,R,L,90,77,19,36,2,0,5,0,9,10,1,18,1,1,0,2,0
1980,R,luzig001,R,R,348,291,65,126,17,1,14,0,47,50,4,82,5,5,0,2,0
1980,R,lynce001,R,R,6,6,2,2,0,0,0,0,0,0,0,2,0,0,0,0,0
1980,R,lynnf001,L,L,139,125,34,45,8,0,1,0,9,12,0,19,2,0,0,2,0
1980,R,lynnf001,L,R,339,290,91,154,24,3,11,0,52,46,3,20,8,0,0,3,0
1980,R,machk101,R,L,48,42,11,14,1,1,0,0,1,6,1,4,3,0,0,0,0
1980,R,machk101,R,R,72,65,20,27,4,0,1,0,7,5,0,13,2,1,1,0,0
1980,R,machm101,R,L,7,7,0,0,0,0,0,0,0,0,0,0,0,0,0,0,0
1980,R,machm101,R,R,1,1,0,0,0,0,0,0,0,0,0,1,0,0,0,0,0
1980,R,mackp101,R,L,233,220,62,82,14,0,2,0,27,10,2,17,4,0,2,1,0
1980,R,mackp101,R,R,109,99,23,33,4,0,2,0,8,4,0,17,3,0,5,1,0
1980,R,macks101,L,L,5,5,0,0,0,0,0,0,0,0,0,2,0,0,0,0,0
1980,R,macks101,L,R,15,15,6,8,2,0,0,0,2,0,0,1,0,0,0,0,0
1980,R,madde101,R,L,142,130,27,37,7,0,1,0,5,10,1,17,2,0,1,1,0
1980,R,madde101,R,R,336,281,74,94,9,1,3,0,29,42,4,27,7,6,4,3,0
1980,R,maddg001,R,L,128,120,31,50,10,0,3,0,15,5,1,13,4,0,2,1,0
1980,R,maddg001,R,R,455,429,111,162,21,3,8,0,58,13,4,39,7,0,5,8,0
1980,R,madlb001,R,L,197,177,48,69,8,2,3,0,15,18,11,12,5,1,0,1,0
1980,R,madlb001,R,R,349,317,89,128,14,2,7,0,38,27,1,21,10,3,0,2,0
1980,R,mankp101,L,L,1,1,0,0,0,0,0,0,0,0,0,0,0,0,0,0,0
1980,R,mankp101,L,R,13,11,2,3,1,0,0,0,1,2,0,4,0,0,0,0,0
1980,R,mannr001,L,L,191,168,28,33,3,1,0,0,11,13,1,38,0,2,4,4,0
1980,R,mannr001,L,R,364,303,82,111,14,3,3,0,41,50,10,28,12,0,6,5,0
1980,R,manuj101,R,L,6,6,0,0,0,0,0,0,0,0,0,2,0,0,0,0,0
1980,R,martb001,R,L,89,83,21,27,3,0,1,0,5,3,0,8,1,0,3,0,0
1980,R,martb001,R,R,149,136,28,40,6,0,2,0,12,9,0,25,2,1,2,1,0
1980,R,martj001,R,L,142,125,32,56,6,0,6,0,17,16,5,17,3,0,0,1,0
1980,R,martj001,R,R,398,369,80,151,16,2,17,1,56,22,1,90,8,2,0,5,0
1980,R,martj101,L,R,10,8,3,3,0,0,0,0,1,1,0,1,0,0,0,1,0
1980,R,martj101,R,L,3,3,0,0,0,0,0,0,0,0,0,2,0,0,0,0,0
1980,R,martr101,L,L,3,3,0,0,0,0,0,0,0,0,0,2,0,0,0,0,0
1980,R,martr101,L,R,6,6,1,1,0,0,0,0,0,0,0,3,0,0,0,0,0
1980,R,marts101,R,L,7,4,0,0,0,0,0,0,0,1,0,4,0,0,2,0,0
1980,R,marts101,R,R,33,31,3,3,0,0,0,0,1,1,0,15,0,0,1,0,0
1980,R,mattg001,R,L,122,108,36,48,4,1,2,0,13,12,0,12,3,0,1,1,0
1980,R,mattg001,R,R,497,463,123,191,13,2,17,0,62,30,2,81,13,0,0,4,0
1980,R,matur101,R,L,13,12,2,2,0,0,0,0,0,0,0,3,0,0,1,0,0
1980,R,matur101,R,R,51,45,4,4,0,0,0,0,0,2,0,22,0,0,4,0,0
1980,R,may-l101,R,L,123,115,31,50,6,2,3,0,15,7,0,23,6,0,0,1,0
1980,R,may-l101,R,R,116,107,23,39,4,0,4,0,16,8,1,30,5,0,0,1,0
1980,R,may-m001,L,L,55,50,13,22,4,1,1,1,14,2,0,5,0,0,2,1,0
1980,R,may-m001,L,R,338,308,80,109,12,1,5,0,36,23,4,35,13,1,1,5,0
1980,R,maybj101,L,L,202,180,37,70,7,1,8,0,28,17,0,34,3,2,2,1,0
1980,R,maybj101,L,R,386,321,87,167,12,1,22,0,54,60,9,46,6,1,1,3,0
1980,R,mazzl001,L,R,484,415,120,163,19,3,6,0,46,64,11,68,5,3,0,2,0
1980,R,mazzl001,R,L,184,163,42,86,12,1,10,0,30,18,0,24,3,0,0,3,0
1980,R,mcbrb101,L,L,92,87,26,40,4,2,2,0,18,1,0,14,1,2,2,0,0
1980,R,mcbrb101,L,R,501,467,145,211,29,8,7,0,69,25,4,44,16,3,0,6,0
1980,R,mccat101,L,R,7,5,1,2,1,0,0,0,2,1,0,0,1,0,1,0,0
1980,R,mccod101,R,R,1,1,1,1,0,0,0,0,0,0,0,0,0,0,0,0,0
1980,R,mccow101,L,L,36,30,5,6,1,0,0,0,2,5,1,5,0,0,0,0,1
1980,R,mccow101,L,R,96,83,18,28,7,0,1,0,14,8,1,18,3,1,0,3,1
1980,R,mcgll101,L,L,13,10,2,2,0,0,0,0,1,1,0,2,0,0,2,0,0
1980,R,mcgll101,L,R,50,41,8,12,4,0,0,0,0,3,0,6,1,0,6,0,0
1980,R,mcgrt001,R,L,1,1,0,0,0,0,0,0,0,0,0,0,0,0,0,0,0
1980,R,mcgrt001,R,R,10,7,2,2,0,0,0,0,1,0,0,2,0,0,3,0,0
1980,R,mckad101,L,R,154,143,35,46,6,1,1,0,17,4,0,27,3,2,5,0,0
1980,R,mckad101,R,L,168,152,37,47,10,0,0,0,12,6,0,30,1,4,6,0,0
1980,R,mcrah001,R,L,214,197,63,98,16,2,5,0,34,14,1,22,7,1,0,2,0
1980,R,mcrah001,R,R,318,292,82,138,23,3,9,0,49,15,3,34,6,7,0,4,0
1980,R,mcwil001,L,L,15,12,1,1,0,0,0,0,0,2,0,5,0,0,1,0,0
1980,R,mcwil001,L,R,45,39,7,7,0,0,0,0,1,3,0,19,0,0,3,0,0
1980,R,mejis101,R,L,53,50,14,19,3,1,0,0,6,2,0,10,0,0,1,0,0
1980,R,mejis101,R,R,64,58,16,21,2,0,1,0,4,4,0,3,1,1,1,0,0
1980,R,mendm101,R,L,102,93,24,33,2,2,1,0,9,3,0,15,2,0,5,1,0
1980,R,mendm101,R,R,203,184,44,53,4,1,1,0,5,13,0,27,3,0,6,0,0
1980,R,metzr101,L,R,30,27,2,2,0,0,0,0,0,3,0,2,2,0,0,0,0
1980,R,metzr101,R,L,1,0,0,0,0,0,0,0,0,0,0,0,0,0,1,0,0
1980,R,meyed001,L,L,122,113,29,36,5,1,0,0,10,7,0,15,2,1,1,0,0
1980,R,meyed001,L,R,448,418,117,180,20,5,11,0,61,24,4,27,9,0,3,3,0
1980,R,milbl001,L,R,216,190,49,64,5,5,0,0,21,13,3,9,7,1,10,2,0
1980,R,milbl001,R,L,80,68,19,22,1,1,0,0,5,6,1,4,1,0,5,1,0
1980,R,millb101,L,L,14,12,4,4,0,0,0,0,2,2,0,0,0,0,0,0,0
1980,R,millb101,L,R,52,48,14,15,1,0,0,0,6,3,1,6,0,0,0,1,0
1980,R,milld101,R,R,2,1,0,0,0,0,0,0,0,0,0,0,0,0,1,0,0
1980,R,mille001,L,R,14,14,2,2,0,0,0,0,0,0,0,3,0,0,0,0,0
1980,R,mille001,R,L,5,5,1,1,0,0,0,0,0,0,0,2,0,0,0,0,0
1980,R,millr001,L,L,123,111,24,28,4,0,0,0,8,10,0,28,1,1,1,0,0
1980,R,millr001,L,R,347,301,89,111,10,3,2,0,30,38,4,43,2,0,5,3,0
1980,R,milne001,L,R,3,3,0,0,0,0,0,0,0,0,0,0,0,0,0,0,0
1980,R,milnj101,L,L,49,39,9,9,0,0,0,0,5,9,0,4,0,0,1,0,0
1980,R,milnj101,L,R,243,199,49,79,6,0,8,0,29,43,2,25,5,0,0,1,0
1980,R,minom101,R,L,2,2,0,0,0,0,0,0,0,0,0,0,0,0,0,0,0
1980,R,mintg001,L,R,8,6,1,1,0,0,0,0,1,0,0,2,0,1,1,0,0
1980,R,mintg001,R,L,3,2,0,0,0,0,0,0,0,0,0,1,0,0,1,0,0
1980,R,mitcb101,L,R,4,3,1,1,0,0,0,0,0,1,0,0,0,0,0,0,0
1980,R,moffr101,R,R,1,1,0,0,0,0,0,0,0,0,0,1,0,0,0,0,0
1980,R,molib101,L,L,23,19,1,1,0,0,0,0,0,1,0,4,0,1,2,0,0
1980,R,molib101,L,R,361,325,99,138,16,4,5,0,36,25,7,25,4,6,0,5,0
1980,R,molip001,R,L,184,165,60,95,16,2,5,0,13,14,2,11,2,1,2,2,0
1980,R,molip001,R,R,328,285,77,102,13,0,4,0,24,34,2,37,7,2,4,3,0
1980,R,mondr001,L,L,8,8,2,5,0,0,1,0,3,0,0,2,0,0,0,0,0
1980,R,mondr001,L,R,215,186,50,86,7,1,9,0,22,28,3,47,1,1,0,0,0
1980,R,moned101,R,L,94,83,24,51,6,0,7,0,17,8,0,7,1,0,3,0,0
1980,R,moned101,R,R,242,206,50,93,11,1,10,1,29,32,0,29,3,1,3,0,0
1980,R,montj001,R,L,10,8,1,1,0,0,0,0,0,0,0,4,0,1,1,0,0
1980,R,montj001,R,R,25,22,0,0,0,0,0,0,0,1,0,8,0,0,2,0,0
1980,R,montw101,L,L,146,137,32,41,4,1,1,0,21,6,0,19,2,1,0,2,0
1980,R,montw101,L,R,402,363,104,133,8,3,5,0,43,33,10,36,7,2,0,4,0
1980,R,moorc001,R,L,78,65,14,19,1,2,0,0,6,8,2,10,1,0,3,2,0
1980,R,moorc001,R,R,278,255,79,97,12,0,2,0,24,16,0,18,6,0,5,2,0
1980,R,moord001,L,L,3,1,1,1,0,0,0,0,0,0,0,0,0,0,2,0,0
1980,R,moord001,L,R,3,3,2,3,1,0,0,0,2,0,0,0,0,0,0,0,0
1980,R,moorj101,R,L,52,49,12,13,1,0,0,0,4,2,0,4,3,0,0,1,0
1980,R,moorj101,R,R,78,72,19,27,3,1,1,0,6,5,0,7,2,0,1,0,0
1980,R,moraa101,R,L,6,6,1,1,0,0,0,0,0,0,0,0,0,0,0,0,0
1980,R,moraa101,R,R,12,12,1,1,0,0,0,0,0,0,0,0,0,0,0,0,0
1980,R,moraj001,R,L,212,189,57,92,13,2,6,1,28,19,4,15,7,0,2,2,0
1980,R,moraj001,R,R,57,52,16,26,4,0,2,0,8,3,0,4,4,1,1,0,0
1980,R,moraj101,R,L,104,95,26,36,4,0,2,0,13,6,2,13,1,0,1,2,0
1980,R,moraj101,R,R,112,98,23,31,3,1,1,0,17,7,0,18,1,1,0,6,0
1980,R,morej101,L,R,46,42,8,17,1,1,2,0,7,2,1,10,1,0,1,1,0
1980,R,morej101,R,L,5,4,1,2,1,0,0,0,2,1,1,2,0,0,0,0,0
1980,R,morek001,R,L,56,53,16,21,5,0,0,0,7,2,2,3,2,0,0,1,0
1980,R,morek001,R,R,115,106,34,49,3,0,4,1,22,6,0,11,4,0,1,2,0
1980,R,moreo001,L,L,244,231,55,74,5,7,0,0,10,12,0,49,2,0,0,1,0
1980,R,moreo001,L,R,501,445,113,146,15,6,2,0,26,45,11,52,7,2,3,6,0
1980,R,morgj001,L,L,203,169,40,57,6,1,3,0,18,29,0,27,3,0,3,2,0
1980,R,morgj001,L,R,359,292,72,115,11,4,8,0,31,64,6,20,1,0,0,3,0
1980,R,morrj002,R,L,200,180,49,79,12,0,6,0,19,15,2,25,6,0,3,2,0
1980,R,morrj002,R,R,466,424,122,177,28,0,9,0,38,21,0,49,13,8,9,4,0
1980,R,mosel001,L,L,123,111,26,42,10,0,2,0,15,4,0,25,2,1,6,1,0
1980,R,mosel001,L,R,307,278,63,100,14,1,7,0,31,21,4,60,9,3,4,1,0
1980,R,moskp101,R,L,10,9,3,3,0,0,0,0,1,0,0,1,0,0,1,0,0
1980,R,moskp101,R,R,43,35,4,5,1,0,0,0,0,1,0,9,0,0,7,0,0
1980,R,motam101,R,L,6,6,2,2,0,0,0,0,1,0,0,0,1,0,0,0,0
1980,R,motam101,R,R,1,1,1,1,0,0,0,0,1,0,0,0,0,0,0,0,0
1980,R,mullf001,R,L,15,13,4,6,2,0,0,0,0,2,0,1,0,0,0,0,0
1980,R,mullf001,R,R,57,49,8,10,2,0,0,0,3,7,0,7,3,0,0,1,0
1980,R,mullr001,L,L,4,4,1,1,0,0,0,0,0,0,0,2,0,0,0,0,0
1980,R,mullr001,L,R,58,50,13,16,3,0,0,0,6,7,0,8,2,0,0,1,0
1980,R,mumpj001,L,R,475,429,132,172,22,3,4,0,48,39,4,67,10,0,3,4,0
1980,R,mumpj001,R,L,147,135,36,38,2,0,0,0,11,10,0,23,8,0,2,0,0
1980,R,munns101,R,R,1,1,1,3,0,1,0,0,0,0,0,0,0,0,0,0,0
1980,R,muras001,R,L,16,14,1,2,1,0,0,0,2,2,0,7,0,0,0,0,0
1980,R,muras001,R,R,38,37,6,7,1,0,0,0,6,1,0,14,0,0,0,0,0
1980,R,murcb101,L,L,58,49,10,16,3,0,1,1,11,5,1,6,1,1,1,2,0
1980,R,murcb101,L,R,287,248,70,114,6,1,12,0,46,29,1,22,8,1,2,7,0
1980,R,murpd001,R,L,153,137,38,72,10,0,8,0,20,15,5,35,1,0,1,0,0
1980,R,murpd001,R,R,481,432,122,218,17,2,25,1,69,44,4,98,7,1,1,2,1
1980,R,murpd002,L,L,274,219,55,71,4,0,4,0,23,37,1,43,6,2,14,2,0
1980,R,murpd002,L,R,428,354,102,147,14,2,9,0,45,65,6,53,6,0,8,1,0
1980,R,murrd001,R,R,3,3,0,0,0,0,0,0,0,0,0,1,0,0,0,0,0
1980,R,murre001,L,R,459,411,126,218,21,1,23,0,76,40,8,50,12,2,0,6,0
1980,R,murre001,R,L,224,210,60,104,15,1,9,0,40,14,2,21,6,0,0,0,0
1980,R,murrr101,R,L,52,51,16,29,2,1,3,0,9,1,1,11,0,0,0,0,0
1980,R,murrr101,R,R,154,143,26,37,6,1,1,0,15,10,0,37,8,0,1,0,0
1980,R,nahob001,R,L,43,41,11,21,4,0,2,0,4,1,0,3,2,1,0,0,0
1980,R,nahob001,R,R,124,116,27,44,8,0,3,0,14,7,1,18,3,1,0,0,0
1980,R,narrj001,L,L,2,1,0,0,0,0,0,0,0,1,0,1,0,0,0,0,0
1980,R,narrj001,L,R,121,106,21,36,3,0,4,0,18,12,2,17,2,0,1,2,0
1980,R,nettg001,L,L,155,140,32,47,3,0,4,0,19,15,0,18,4,0,0,0,0
1980,R,nettg001,L,R,214,184,47,94,11,0,12,0,26,27,5,24,4,1,0,2,0
1980,R,newmj001,R,L,226,207,48,80,9,1,7,0,30,13,4,37,6,1,3,2,0
1980,R,newmj001,R,R,248,231,54,88,10,0,8,0,26,12,4,44,4,0,2,3,0
1980,R,nichr001,R,L,18,17,3,3,0,0,0,0,0,1,0,4,0,0,0,0,0
1980,R,nichr001,R,R,21,19,5,7,0,1,0,0,3,2,0,4,0,0,0,0,0
1980,R,nicos001,R,L,155,141,33,43,7,0,1,0,18,10,4,9,5,1,1,2,0
1980,R,nicos001,R,R,46,35,5,6,1,0,0,0,4,9,1,7,1,0,1,1,0
1980,R,niekj001,R,L,38,28,8,11,3,0,0,0,3,3,0,6,1,0,7,0,0
1980,R,niekj001,R,R,64,52,14,16,2,0,0,0,7,1,0,9,1,0,11,0,0
1980,R,niekp001,R,L,29,26,5,8,3,0,0,0,3,0,0,2,1,0,3,0,0
1980,R,niekp001,R,R,67,64,7,9,2,0,0,0,2,1,0,17,1,0,2,0,0
1980,R,niemr001,L,L,4,4,1,1,0,0,0,0,0,0,0,0,1,0,0,0,0
1980,R,niemr001,L,R,2,2,1,1,0,0,0,0,0,0,0,0,0,0,0,0,0
1980,R,nolaj001,L,L,29,26,5,5,0,0,0,0,4,1,0,4,0,0,1,1,0
1980,R,nolaj001,L,R,171,150,49,66,8,0,3,0,22,14,0,8,4,0,2,5,0
1980,R,noled001,R,L,5,5,4,4,0,0,0,0,2,0,0,0,0,0,0,0,0
1980,R,noled001,R,R,10,8,0,0,0,0,0,0,0,0,0,5,0,0,2,0,0
1980,R,nordw101,R,L,194,188,57,101,11,3,9,0,32,5,1,15,3,0,0,1,0
1980,R,nordw101,R,R,234,227,58,89,11,1,6,0,27,5,2,30,10,1,0,1,0
1980,R,normd101,R,L,59,55,14,20,1,1,1,0,6,4,0,8,1,0,0,0,0
1980,R,normd101,R,R,39,37,3,6,0,0,1,0,3,2,0,6,0,0,0,0,0
1980,R,normf101,L,R,17,16,1,1,0,0,0,0,0,0,0,4,0,0,1,0,0
1980,R,normf101,R,L,5,4,0,0,0,0,0,0,0,0,0,0,0,0,1,0,0
1980,R,normn001,L,R,27,26,6,6,0,0,0,0,1,1,0,1,1,0,0,0,0
1980,R,normn001,R,L,7,6,1,1,0,0,0,0,0,0,0,0,1,0,1,0,0
1980,R,norrj101,L,L,24,22,6,7,1,0,0,0,1,2,0,2,1,0,0,0,0
1980,R,norrj101,L,R,181,152,37,41,4,0,0,0,15,21,2,14,10,0,3,5,0
1980,R,nortb101,L,R,367,301,71,82,6,1,1,0,16,62,3,66,1,1,2,1,0
1980,R,nortb101,R,L,133,114,33,39,6,0,0,0,3,19,2,12,3,0,0,0,0
1980,R,norww101,R,L,73,70,12,17,2,0,1,0,8,3,0,13,2,0,0,0,0
1980,R,norww101,R,R,3,3,0,0,0,0,0,0,0,0,0,0,1,0,0,0,0
1980,R,oatej101,L,L,12,12,3,7,1,0,1,0,1,0,0,1,0,0,0,0,0
1980,R,oatej101,L,R,55,52,9,11,2,0,0,0,2,2,0,2,1,1,0,0,0
1980,R,oberk001,L,L,138,120,28,41,5,4,0,0,12,15,1,10,5,0,2,1,0
1980,R,oberk001,L,R,348,302,100,135,22,2,3,0,34,36,7,13,6,1,7,2,0
1980,R,oberm001,R,L,11,9,2,2,0,0,0,0,1,0,0,3,0,0,1,1,0
1980,R,oberm001,R,R,46,39,8,9,1,0,0,0,4,5,0,10,0,0,1,1,0
1980,R,oestr001,L,R,251,224,60,75,13,1,0,0,12,21,5,35,5,1,5,0,0
1980,R,oestr001,R,L,84,79,24,35,3,1,2,0,8,5,2,9,2,0,0,0,0
1980,R,offir101,L,L,35,33,4,4,0,0,0,0,1,2,0,13,1,0,0,0,0
1980,R,offir101,L,R,300,259,74,113,13,4,6,0,29,34,1,26,4,0,3,4,0
1980,R,oglib001,L,L,215,201,62,110,10,1,12,0,41,10,0,32,4,2,0,2,0
1980,R,oglib001,L,R,445,391,118,223,16,1,29,1,77,44,19,39,0,3,0,7,0
1980,R,oliva001,L,L,276,260,70,99,13,2,4,0,45,11,2,30,5,2,1,2,0
1980,R,oliva001,L,R,433,396,139,216,30,1,15,1,72,28,7,17,9,3,0,6,0
1980,R,olmsa101,R,L,3,3,0,0,0,0,0,0,0,0,0,2,0,0,0,0,0
1980,R,olmsa101,R,R,10,8,2,2,0,0,0,0,1,0,0,1,0,0,2,0,0
1980,R,ontis101,L,R,67,57,12,18,3,0,1,0,3,10,0,9,1,0,0,0,0
1980,R,ontis101,R,L,24,20,4,4,0,0,0,0,0,4,1,8,0,0,0,0,0
1980,R,ortaj001,L,L,203,174,55,64,7,1,0,0,17,25,0,18,2,1,1,2,0
1980,R,ortaj001,L,R,361,307,85,130,11,2,10,1,47,46,2,26,6,1,1,6,0
1980,R,otisa001,R,L,173,155,36,50,5,0,3,0,19,14,0,29,3,0,0,4,0
1980,R,otisa001,R,R,275,239,63,101,11,3,7,0,34,25,0,41,6,3,2,6,0
1980,R,ott-e101,L,L,64,60,13,14,1,0,0,0,6,2,0,12,3,0,2,0,0
1980,R,ott-e101,L,R,366,332,89,126,13,0,8,0,35,31,8,35,6,0,2,1,0
1980,R,ottej101,R,R,5,5,1,1,0,0,0,0,0,0,0,1,0,0,0,0,0
1980,R,pacej001,R,L,9,8,0,0,0,0,0,0,0,0,0,2,0,0,1,0,0
1980,R,pacej001,R,R,13,12,2,3,1,0,0,0,1,0,0,5,0,0,1,0,0
1980,R,pacit001,R,L,179,169,46,78,9,1,7,0,25,10,1,28,6,0,0,0,0
1980,R,pacit001,R,R,262,249,68,102,10,0,8,0,34,7,0,39,7,1,3,2,0
1980,R,pagem001,L,L,53,47,11,24,1,0,4,0,6,5,0,15,1,0,1,0,0
1980,R,pagem001,L,R,340,301,74,130,9,4,13,0,45,30,3,72,8,1,3,5,0
1980,R,palmd001,R,L,9,8,1,1,0,0,0,0,2,1,0,2,0,0,0,0,0
1980,R,palmd001,R,R,40,37,8,10,2,0,0,0,1,1,0,13,0,0,2,0,0
1980,R,papis101,R,L,75,69,17,33,3,2,3,0,14,4,0,18,1,0,1,1,0
1980,R,papis101,R,R,47,45,10,14,0,2,0,0,3,1,0,6,2,0,1,0,0
1980,R,parkd001,L,L,196,185,51,80,12,1,5,0,32,8,0,31,1,1,0,2,0
1980,R,parkd001,L,R,354,333,102,157,19,0,12,0,47,17,5,38,7,1,0,3,0
1980,R,parrl001,R,L,266,253,78,153,19,4,16,0,41,12,1,45,11,0,0,1,0
1980,R,parrl001,R,R,326,300,80,123,15,2,8,0,41,19,2,64,13,3,2,2,0
1980,R,parrl002,R,L,104,87,16,30,8,0,2,0,11,12,2,17,2,1,0,4,0
1980,R,parrl002,R,R,397,365,99,163,19,3,13,0,61,24,4,63,10,3,1,4,0
1980,R,pastf001,R,L,15,13,1,1,0,0,0,0,1,0,0,8,1,0,2,0,0
1980,R,pastf001,R,R,58,51,9,9,0,0,0,0,4,3,0,15,1,0,4,0,0
1980,R,pateb101,R,L,39,34,7,8,1,0,0,0,2,2,0,5,0,0,1,2,0
1980,R,pateb101,R,R,6,5,3,4,1,0,0,0,3,1,0,1,0,0,0,0,0
1980,R,patef101,R,L,64,59,17,27,2,1,2,0,3,5,0,2,2,0,0,0,0
1980,R,patef101,R,R,235,214,55,80,8,4,3,0,31,10,1,24,9,1,8,2,0
1980,R,penat001,R,L,9,9,5,6,1,0,0,0,0,0,0,1,0,0,0,0,0
1980,R,penat001,R,R,12,12,4,6,0,1,0,0,1,0,0,3,1,0,0,0,0
1980,R,percj001,L,L,2,2,0,0,0,0,0,0,0,0,0,1,0,0,0,0,0
1980,R,percj001,L,R,19,15,4,4,0,0,0,0,2,2,0,0,1,0,2,0,0
1980,R,perep001,R,R,4,4,1,1,0,0,0,0,0,0,0,2,0,0,0,0,0
1980,R,peret001,R,L,173,156,54,105,15,3,10,0,40,15,5,21,6,0,0,2,0
1980,R,peret001,R,R,462,429,107,168,16,0,15,1,65,26,6,72,19,1,0,6,0
1980,R,perkb001,L,L,26,24,5,6,1,0,0,0,2,2,0,2,0,0,0,0,0
1980,R,perkb001,L,R,85,76,32,46,8,0,2,0,12,9,1,8,0,0,0,0,0
1980,R,peter001,L,R,355,301,91,123,16,5,2,1,28,43,1,31,11,5,5,1,0
1980,R,peter001,R,L,191,176,48,55,3,2,0,0,14,11,1,17,6,1,2,1,0
1980,R,pettj101,R,L,61,50,10,13,0,0,1,0,3,6,0,14,1,0,5,0,0
1980,R,pettj101,R,R,157,140,34,39,3,1,0,0,6,11,1,19,2,0,6,0,0
1980,R,phelk001,L,L,1,1,0,0,0,0,0,0,0,0,0,0,0,0,0,0,0
1980,R,phelk001,L,R,3,3,0,0,0,0,0,0,0,0,0,2,0,0,0,0,0
1980,R,philm101,L,L,13,12,5,5,0,0,0,0,2,1,0,1,0,0,0,0,0
1980,R,philm101,L,R,125,116,25,30,5,0,0,0,5,8,3,16,7,0,0,1,0
1980,R,piccr001,R,L,115,112,27,46,5,1,4,0,10,0,0,19,4,0,3,0,0
1980,R,piccr001,R,R,166,159,38,47,4,1,1,0,8,2,0,44,2,0,5,0,0
1980,R,pinil001,R,L,256,227,65,77,9,0,1,0,19,26,5,13,11,0,1,2,0
1980,R,pinil001,R,R,99,94,27,39,9,0,1,0,8,3,0,7,6,0,1,1,0
1980,R,pladg101,R,R,11,10,0,0,0,0,0,0,0,1,0,5,0,0,0,0,0
1980,R,pocob001,L,R,87,76,20,30,4,0,2,0,7,9,0,11,1,0,1,1,0
1980,R,pocob001,R,L,9,7,2,2,0,0,0,0,1,2,0,0,1,0,0,0,0
1980,R,poffj101,L,L,6,6,1,1,0,0,0,0,0,0,0,1,0,0,0,0,0
1980,R,poffj101,L,R,65,62,16,24,1,2,1,0,7,3,2,6,1,0,0,0,0
1980,R,portd001,L,L,177,148,36,57,4,1,5,0,16,28,1,22,4,1,0,0,0
1980,R,portd001,L,R,318,270,68,86,10,1,2,0,35,41,4,28,6,1,0,6,0
1980,R,poweh101,L,L,120,112,28,36,5,0,1,0,12,6,0,15,2,1,1,0,0
1980,R,poweh101,L,R,403,373,99,136,12,5,5,0,23,26,2,31,12,2,2,0,0
1980,R,pricj001,R,L,11,11,2,2,0,0,0,0,0,0,0,1,1,0,0,0,0
1980,R,pricj001,R,R,31,28,3,3,0,0,0,0,0,0,0,5,0,0,3,0,0
1980,R,pruir101,R,L,74,67,22,30,2,0,2,0,14,5,1,5,2,0,1,1,0
1980,R,pruir101,R,R,47,39,10,11,1,0,0,0,1,7,0,8,3,0,1,0,0
1980,R,pryog001,R,L,129,118,31,45,9,1,1,0,16,2,0,12,2,0,5,4,0
1980,R,pryog001,R,R,238,220,50,65,9,3,0,0,13,10,0,23,9,2,4,2,0
1980,R,puhlt001,L,L,210,183,48,66,5,2,3,0,18,18,0,17,1,3,4,1,1
1980,R,puhlt001,L,R,399,352,103,158,19,3,10,0,37,42,3,35,2,1,2,2,0
1980,R,pujol001,R,L,145,135,31,37,4,1,0,0,11,10,3,14,4,0,0,0,0
1980,R,pujol001,R,R,93,86,13,15,2,0,0,0,9,3,0,15,1,1,1,2,0
1980,R,putnp001,L,L,70,67,17,22,2,0,1,0,7,1,0,13,1,0,2,0,0
1980,R,putnp001,L,R,384,343,91,145,14,2,12,0,48,35,6,36,12,0,1,5,0
1980,R,quirj001,L,L,19,15,6,6,0,0,0,0,2,2,1,2,0,1,1,0,0
1980,R,quirj001,L,R,158,148,39,59,5,0,5,0,19,5,1,22,7,0,2,3,0
1980,R,raded101,L,L,10,9,2,6,1,0,1,0,2,1,0,2,0,0,0,0,0
1980,R,raded101,L,R,142,128,43,59,10,0,2,0,15,13,1,10,4,0,0,1,0
1980,R,raint001,L,R,21,16,1,1,0,0,0,0,0,4,0,3,0,0,1,0,0
1980,R,raint001,R,L,6,4,0,0,0,0,0,0,0,2,0,0,0,0,0,0,0
1980,R,ramim001,R,L,3,2,2,2,0,0,0,0,0,1,0,0,0,0,0,0,0
1980,R,ramim001,R,R,23,22,3,3,0,0,0,0,0,0,0,7,1,0,1,0,0
1980,R,ramir001,R,L,22,22,8,8,0,0,0,0,3,0,0,2,0,0,0,0,0
1980,R,ramir001,R,R,152,143,36,50,6,1,2,0,8,2,0,31,2,4,3,0,0
1980,R,ramod001,R,L,7,7,2,2,0,0,0,0,0,0,0,2,0,0,0,0,0
1980,R,ramod001,R,R,11,9,0,0,0,0,0,0,0,2,0,3,0,0,0,0,0
1980,R,ramor001,R,L,9,7,3,4,1,0,0,0,0,2,0,1,0,0,0,0,0
1980,R,ramor001,R,R,28,25,2,3,1,0,0,0,2,3,0,4,1,0,0,0,0
1980,R,ramsm001,L,R,65,64,15,18,1,1,0,0,1,1,1,12,1,0,0,0,0
1980,R,ramsm001,R,L,64,62,18,25,7,0,0,0,7,2,1,5,1,0,0,0,0
1980,R,randb101,R,L,10,10,2,2,0,0,0,0,0,0,0,0,1,0,0,0,0
1980,R,randb101,R,R,6,5,1,2,1,0,0,0,0,1,0,0,0,0,0,0,0
1980,R,randl101,L,R,405,360,107,138,16,3,3,0,28,39,2,43,11,0,4,2,0
1980,R,randl101,R,L,144,129,28,43,3,3,2,0,11,11,0,12,2,1,3,0,0
1980,R,randw001,R,L,257,207,69,101,8,3,6,0,31,45,3,12,1,0,2,3,0
1980,R,randw001,R,R,385,306,82,108,15,4,1,0,15,74,1,33,5,2,3,0,0
1980,R,rasme101,R,L,10,8,2,4,2,0,0,0,0,0,0,2,0,0,2,0,0
1980,R,rasme101,R,R,17,13,0,0,0,0,0,0,0,0,0,6,0,0,4,0,0
1980,R,ratzs101,R,L,1,1,0,0,0,0,0,0,0,0,0,0,0,0,0,0,0
1980,R,rayff001,R,L,10,10,4,4,0,0,0,0,1,0,0,3,0,0,0,0,0
1980,R,rayff001,R,R,8,8,0,0,0,0,0,0,0,0,0,2,1,0,0,0,0
1980,R,rearj001,R,L,3,3,0,0,0,0,0,0,0,0,0,3,0,0,0,0,0
1980,R,rearj001,R,R,6,5,0,0,0,0,0,0,0,1,0,3,0,0,0,0,0
1980,R,reedr001,R,L,3,3,1,1,0,0,0,0,0,0,0,0,0,0,0,0,0
1980,R,reedr001,R,R,7,7,2,3,1,0,0,0,0,0,0,2,0,0,0,0,0
1980,R,reitk101,R,L,187,171,51,71,14,0,2,0,15,11,5,9,4,1,2,2,0
1980,R,reitk101,R,R,374,352,90,127,19,0,6,0,43,11,0,35,12,2,6,3,0
1980,R,remyj001,L,L,31,27,4,5,1,0,0,0,2,1,0,3,2,0,2,1,0
1980,R,remyj001,L,R,218,203,68,78,6,2,0,0,7,9,0,11,4,0,5,1,0
1980,R,rettm101,R,L,5,4,1,1,0,0,0,0,0,1,0,1,0,0,0,0,0
1980,R,reusj001,L,L,15,15,1,1,0,0,0,0,0,0,0,6,0,0,0,0,0
1980,R,reusj001,L,R,63,53,5,9,1,0,1,0,3,6,0,19,0,0,4,0,0
1980,R,reusr001,R,L,23,22,3,3,0,0,0,0,0,0,0,4,0,0,1,0,0
1980,R,reusr001,R,R,70,60,10,15,3,1,0,0,5,1,0,19,0,0,9,0,0
1980,R,reved101,L,L,92,84,14,22,2,0,2,0,10,6,0,17,0,0,2,0,0
1980,R,reved101,L,R,320,292,95,163,19,5,13,0,52,26,6,20,6,0,0,2,0
1980,R,reync001,L,L,99,91,17,21,2,1,0,0,4,4,0,18,1,0,3,1,0
1980,R,reync001,L,R,319,290,69,95,7,5,3,0,24,16,1,21,3,0,10,3,0
1980,R,rhodr001,R,L,10,9,2,2,0,0,0,0,2,1,0,0,0,0,0,0,0
1980,R,rhodr001,R,R,35,31,13,19,3,0,1,0,9,0,0,2,0,0,4,0,0
1980,R,ricej001,R,L,137,126,39,76,4,0,11,0,24,11,1,25,5,0,0,0,0
1980,R,ricej001,R,R,405,378,109,178,18,6,13,0,62,19,4,62,11,4,1,3,0
1980,R,richg001,L,L,165,146,37,46,5,2,0,0,13,14,0,25,3,2,3,0,0
1980,R,richg001,L,R,547,496,156,201,21,6,4,0,28,47,7,48,6,0,4,0,0
1980,R,richj101,R,L,15,14,1,2,1,0,0,0,0,0,0,4,0,0,1,0,0
1980,R,richj101,R,R,28,25,5,9,1,0,1,0,3,0,0,11,0,0,3,0,0
1980,R,richm001,R,L,21,21,4,5,1,0,0,0,2,0,0,2,0,0,0,0,0
1980,R,richm001,R,R,51,50,12,13,1,0,0,0,6,1,0,5,1,0,0,0,0
1980,R,rileg001,L,R,2,1,0,0,0,0,0,0,0,0,0,0,0,0,1,0,0
1980,R,rinca101,R,L,4,4,1,1,0,0,0,0,1,0,0,0,1,0,0,0,0
1980,R,rinca101,R,R,9,8,2,2,0,0,0,0,0,0,0,5,0,0,1,0,0
1980,R,ripla101,R,L,13,11,2,2,0,0,0,0,0,1,0,4,0,0,1,0,0
1980,R,ripla101,R,R,31,29,4,6,0,1,0,0,2,0,0,10,1,0,2,0,0
1980,R,riveb101,R,L,96,93,23,35,6,0,2,0,9,3,0,16,4,0,0,0,0
1980,R,riveb101,R,R,21,20,2,6,1,0,1,0,1,1,0,4,0,0,0,0,0
1980,R,rivem001,L,L,240,229,73,103,13,4,3,0,21,6,0,10,3,0,2,3,0
1980,R,rivem001,L,R,421,401,137,172,19,2,4,0,39,14,1,24,1,1,4,1,0
1980,R,robeb001,R,L,1,0,0,0,0,0,0,0,0,0,0,0,0,0,1,0,0
1980,R,robeb001,R,R,3,3,0,0,0,0,0,0,0,0,0,2,1,0,0,0,0
1980,R,robed102,R,L,103,103,20,37,2,0,5,0,8,0,0,12,3,0,0,0,0
1980,R,robed102,R,R,148,132,36,53,2,0,5,1,22,13,2,26,2,1,1,1,0
1980,R,robel001,R,L,187,162,40,76,6,3,8,0,19,20,1,26,5,0,1,4,0
1980,R,robel001,R,R,240,212,54,72,12,0,2,0,14,23,0,33,7,1,2,2,0
1980,R,robib101,R,L,177,164,53,90,8,1,9,0,26,8,1,25,6,0,1,4,0
1980,R,robib101,R,R,117,108,25,36,2,0,3,0,10,7,1,20,3,0,2,0,0
1980,R,robib102,L,L,1,1,0,0,0,0,0,0,0,0,0,1,0,0,0,0,0
1980,R,robib102,L,R,4,4,0,0,0,0,0,0,0,0,0,3,0,0,0,0,0
1980,R,robid001,R,L,21,21,8,10,2,0,0,0,0,0,0,6,0,0,0,0,0
1980,R,robid001,R,R,36,36,11,16,2,0,1,0,8,0,0,6,0,0,0,0,0
1980,R,rodra101,R,L,126,117,27,41,5,0,3,0,10,6,1,18,2,0,3,0,0
1980,R,rodra101,R,R,239,222,44,64,8,3,2,0,17,7,0,43,10,0,10,0,0
1980,R,roeng001,R,L,178,151,42,58,7,0,3,0,14,21,2,18,8,3,1,2,0
1980,R,roeng001,R,R,171,146,29,56,6,0,7,0,14,20,3,31,2,3,1,1,0
1980,R,roges001,R,L,16,11,1,1,0,0,0,0,2,3,0,3,0,0,2,0,0
1980,R,roges001,R,R,90,70,12,12,0,0,0,0,5,7,0,25,0,0,13,0,0
1980,R,romee001,R,L,23,19,5,6,1,0,0,0,2,3,0,2,0,0,1,0,0
1980,R,romee001,R,R,92,85,22,31,6,0,1,0,8,6,0,9,3,0,1,0,0
1980,R,romoe101,R,L,5,4,1,1,0,0,0,0,0,0,0,2,0,0,1,0,0
1980,R,romoe101,R,R,10,7,4,7,0,0,1,1,4,2,0,0,0,0,1,0,0
1980,R,rookj101,R,R,8,7,1,4,0,0,1,0,2,0,0,2,0,0,1,0,0
1980,R,rosal101,R,L,4,4,0,0,0,0,0,0,0,0,0,1,1,0,0,0,0
1980,R,rosed101,R,L,64,55,17,19,2,0,0,0,5,5,0,7,2,0,2,2,0
1980,R,rosed101,R,R,67,62,12,19,1,0,2,0,7,4,0,12,0,0,0,1,0
1980,R,rosep001,L,R,592,526,152,191,34,1,1,0,45,52,3,28,13,5,3,2,4
1980,R,rosep001,R,L,147,129,33,41,8,0,0,0,19,14,2,5,0,1,1,2,0
1980,R,roysj001,R,L,90,82,26,36,4,3,0,0,8,7,0,10,0,0,0,1,0
1980,R,roysj001,R,R,345,310,69,89,13,2,1,0,12,30,1,38,6,1,4,0,0
1980,R,rudij101,R,L,116,110,22,40,3,0,5,0,11,5,1,23,3,0,0,1,0
1980,R,rudij101,R,R,283,262,66,115,14,1,11,0,42,12,1,61,6,5,2,2,0
1980,R,ruhlv001,R,L,28,22,3,3,0,0,0,0,0,3,0,8,2,0,3,0,0
1980,R,ruhlv001,R,R,29,27,9,12,3,0,0,0,2,1,0,7,0,0,1,0,0
1980,R,ruizc101,R,L,4,3,2,4,0,1,0,0,1,1,0,1,0,0,0,0,0
1980,R,ruizc101,R,R,25,23,6,8,2,0,0,0,1,2,0,6,0,0,0,0,0
1980,R,russb001,R,L,93,86,27,39,4,1,2,0,7,2,0,4,1,1,4,0,0
1980,R,russb001,R,R,407,380,96,120,19,1,1,0,27,16,0,40,5,2,8,1,0
1980,R,ruthd001,R,L,14,10,3,5,0,1,0,0,2,0,0,4,0,0,4,0,0
1980,R,ruthd001,R,R,68,58,13,18,5,0,0,0,6,2,0,18,1,0,8,0,0
1980,R,ryann001,R,L,31,25,2,2,0,0,0,0,2,3,0,9,0,0,2,1,0
1980,R,ryann001,R,R,52,45,4,7,0,0,1,0,4,4,0,20,0,0,3,0,0
1980,R,sadem101,R,L,88,77,25,32,2,1,1,0,9,9,1,8,1,0,1,1,0
1980,R,sadem101,R,R,95,74,13,15,2,0,0,0,7,18,5,10,2,0,3,0,0
1980,R,sakal001,R,L,43,40,12,21,2,2,1,0,8,2,0,2,3,0,0,1,0
1980,R,sakal001,R,R,47,43,4,5,1,0,0,0,1,4,0,8,0,0,0,0,0
1980,R,salal001,R,L,38,34,11,16,1,2,0,0,5,4,1,6,1,0,0,0,0
1980,R,salal001,R,R,145,135,46,62,3,5,1,0,20,5,0,19,3,1,3,1,0
1980,R,sambj001,L,L,4,4,0,0,0,0,0,0,0,0,0,2,0,0,0,0,0
1980,R,sambj001,L,R,6,5,0,0,0,0,0,0,0,1,0,3,0,0,0,0,0
1980,R,sampb001,R,L,165,146,38,56,6,0,4,0,16,13,1,12,3,3,1,2,0
1980,R,sampb001,R,R,69,58,15,19,4,0,0,0,3,5,1,3,1,3,3,0,0
1980,R,sands001,R,L,18,14,1,2,1,0,0,0,1,0,0,6,0,0,4,0,0
1980,R,sands001,R,R,56,50,4,6,2,0,0,0,0,2,0,27,1,0,4,0,0
1980,R,sangm101,R,L,30,29,6,8,2,0,0,0,1,1,1,0,1,0,0,0,0
1980,R,sangm101,R,R,23,19,6,7,1,0,0,0,1,2,1,1,0,0,2,0,0
1980,R,sauck101,L,L,4,4,0,0,0,0,0,0,0,0,0,2,0,0,0,0,0
1980,R,sauck101,L,R,4,4,0,0,0,0,0,0,0,0,0,2,0,0,0,0,0
1980,R,schmm001,R,L,122,107,35,75,4,3,10,0,28,13,4,15,1,0,0,2,0
1980,R,schmm001,R,R,530,441,122,267,21,5,38,1,93,76,6,104,5,2,0,11,0
1980,R,sciom001,L,L,12,11,5,5,0,0,0,0,1,1,0,0,0,0,0,0,0
1980,R,sciom001,L,R,140,123,29,39,5,1,1,0,7,11,2,9,2,0,5,1,0
1980,R,scotm001,R,L,6,5,1,1,0,0,0,0,1,1,0,4,0,0,0,0,0
1980,R,scotm001,R,R,5,4,0,0,0,0,0,0,0,1,0,1,0,0,0,0,0
1980,R,scotr101,L,R,514,439,90,118,8,10,0,0,26,60,0,66,9,1,9,5,0
1980,R,scotr101,R,L,141,128,37,48,5,3,0,0,20,10,0,9,1,0,2,1,0
1980,R,scott001,L,R,282,254,65,80,9,3,0,0,15,22,7,42,6,1,2,2,1
1980,R,scott001,R,L,179,161,39,49,10,0,0,0,13,13,2,26,2,0,3,2,0
1980,R,scurr001,L,L,1,1,1,1,0,0,0,0,0,0,0,0,0,0,0,0,0
1980,R,scurr001,L,R,3,3,0,0,0,0,0,0,0,0,0,1,0,0,0,0,0
1980,R,seamk101,L,R,1,1,0,0,0,0,0,0,0,0,0,1,0,0,0,0,0
1980,R,seavt001,R,L,18,14,2,3,1,0,0,0,1,2,0,3,0,0,2,0,0
1980,R,seavt001,R,R,42,32,4,6,2,0,0,0,2,5,0,14,0,0,5,0,0
1980,R,seilr101,L,L,1,1,0,0,0,0,0,0,0,0,0,1,0,0,0,0,0
1980,R,seilr101,L,R,56,51,11,19,3,1,1,0,3,4,1,14,0,0,1,0,0
1980,R,sherd101,R,R,4,4,1,1,0,0,0,0,0,0,0,1,1,0,0,0,0
1980,R,shirb001,R,L,8,7,0,0,0,0,0,0,0,0,0,6,0,0,1,0,0
1980,R,shirb001,R,R,29,23,1,1,0,0,0,0,1,3,0,9,0,0,3,0,0
1980,R,simmt001,L,R,335,294,87,155,22,2,14,1,62,38,8,25,6,1,0,2,0
1980,R,simmt001,R,L,227,201,63,95,11,0,7,0,36,21,5,20,7,1,0,4,0
1980,R,simpj101,L,L,31,27,8,13,1,2,0,0,6,2,0,6,0,1,1,0,0
1980,R,simpj101,L,R,378,338,83,108,14,1,3,0,28,26,3,37,6,0,11,3,0
1980,R,singk001,L,R,455,382,117,186,19,1,16,0,75,70,1,58,15,0,0,3,0
1980,R,singk001,R,L,225,201,60,97,9,2,8,0,29,22,0,36,4,1,0,1,0
1980,R,sizet101,R,L,22,22,5,6,1,0,0,0,0,0,0,0,1,0,0,0,0
1980,R,sizet101,R,R,1,1,0,0,0,0,0,0,0,0,0,0,0,0,0,0,0
1980,R,skagd101,R,L,33,27,3,3,0,0,0,0,2,5,0,4,0,0,0,1,0
1980,R,skagd101,R,R,49,44,11,14,0,0,1,0,7,4,0,10,1,0,1,0,0
1980,R,smalr001,L,R,328,277,81,121,13,0,9,0,44,43,2,40,1,1,2,5,0
1980,R,smalr001,R,L,236,209,54,76,11,1,3,0,19,22,2,23,14,1,0,4,0
1980,R,smitd001,R,L,4,3,0,0,0,0,0,0,0,0,0,0,0,0,1,0,0
1980,R,smitd001,R,R,10,9,0,0,0,0,0,0,0,0,0,4,0,0,1,0,0
1980,R,smitk101,R,L,28,26,3,4,1,0,0,0,2,2,1,2,1,0,0,0,0
1980,R,smitk101,R,R,5,5,1,1,0,0,0,0,0,0,0,0,1,0,0,0,0
1980,R,smitl002,R,L,104,93,28,36,5,0,1,0,4,9,1,12,2,0,1,1,0
1980,R,smitl002,R,R,227,205,73,96,9,4,2,0,16,17,1,36,3,4,0,1,0
1980,R,smito001,L,R,539,466,108,129,13,4,0,0,30,48,1,41,6,4,18,3,0
1980,R,smito001,R,L,173,143,32,39,5,1,0,0,5,23,0,8,3,1,5,1,0
1980,R,smitr101,L,R,284,244,78,130,10,0,14,0,42,31,1,54,3,1,0,8,0
1980,R,smitr101,R,L,78,67,22,28,3,0,1,0,13,10,0,9,1,0,0,1,0
1980,R,sodee101,R,L,206,182,58,95,8,1,9,1,30,22,2,12,6,1,1,0,0
1980,R,sodee101,R,R,98,93,21,32,5,0,2,0,5,5,0,13,3,0,0,0,0
1980,R,sofir101,L,L,100,92,22,30,5,0,1,0,4,5,0,25,0,1,1,1,0
1980,R,sofir101,L,R,359,325,81,126,13,4,8,0,45,19,2,67,3,1,8,6,0
1980,R,soloe101,R,L,10,10,3,5,2,0,0,0,1,0,0,3,1,0,0,0,0
1980,R,soloe101,R,R,25,22,4,4,0,0,0,0,0,0,0,8,0,0,3,0,0
1980,R,sosae101,R,L,6,6,1,1,0,0,0,0,0,0,0,4,0,0,0,0,0
1980,R,sosae101,R,R,6,5,0,0,0,0,0,0,1,0,0,2,0,0,1,0,0
1980,R,sotom001,R,L,14,11,0,0,0,0,0,0,0,0,0,5,0,0,3,0,0
1980,R,sotom001,R,R,40,35,2,2,0,0,0,0,0,0,0,11,0,0,5,0,0
1980,R,speic001,R,L,110,92,23,28,5,0,0,0,9,15,7,7,0,0,2,1,0
1980,R,speic001,R,R,337,296,80,100,9,4,1,0,23,37,11,31,10,0,4,0,0
1980,R,spenj101,L,L,42,37,4,8,1,0,1,0,5,4,0,14,0,1,0,0,0
1980,R,spenj101,L,R,253,222,57,101,8,0,12,1,38,26,2,30,7,0,1,4,0
1980,R,spikc101,R,L,31,28,9,10,1,0,0,0,2,3,2,13,0,0,0,0,0
1980,R,spikc101,R,R,9,8,1,1,0,0,0,0,0,0,0,5,0,1,0,0,0
1980,R,spilh001,L,L,17,15,2,2,0,0,0,0,1,2,0,4,0,0,0,0,0
1980,R,spilh001,L,R,97,86,25,41,4,0,4,0,18,7,1,15,2,1,1,2,0
1980,R,squim001,L,L,93,80,21,25,1,0,1,0,5,9,0,7,1,1,3,0,0
1980,R,squim001,L,R,296,263,76,95,10,3,1,0,28,24,1,17,5,0,8,0,1
1980,R,stabg101,R,R,4,3,0,0,0,0,0,0,0,0,0,2,0,1,0,0,0
1980,R,stand101,R,L,2,2,0,0,0,0,0,0,0,0,0,0,0,0,0,0,0
1980,R,stand101,R,R,1,0,0,0,0,0,0,0,0,1,0,0,0,0,0,0,0
1980,R,stanf101,R,L,48,43,12,13,1,0,0,0,4,4,0,2,0,0,1,0,0
1980,R,stanf101,R,R,47,43,6,8,2,0,0,0,1,1,0,3,0,2,0,1,0
1980,R,stapd001,R,L,148,136,41,64,14,0,3,0,15,8,1,6,5,0,3,1,0
1980,R,stapd001,R,R,324,313,103,144,19,5,4,0,30,5,0,26,5,1,2,3,0
1980,R,starw101,L,L,60,52,15,26,3,1,2,0,9,6,2,14,2,1,0,1,0
1980,R,starw101,L,R,171,150,38,72,7,0,9,0,29,20,8,38,0,1,0,0,0
1980,R,staur001,L,L,100,91,22,32,7,0,1,0,9,7,1,6,5,1,0,1,0
1980,R,staur001,L,R,288,249,80,124,16,2,8,1,46,32,2,12,11,1,1,5,0
1980,R,steaj001,R,L,107,94,28,39,9,1,0,0,12,10,0,7,1,0,1,2,0
1980,R,steaj001,R,R,256,225,63,79,16,0,0,0,33,23,1,17,4,1,1,6,0
1980,R,stegd001,R,L,107,94,20,30,4,0,2,0,8,10,0,16,0,0,2,1,0
1980,R,stegd001,R,R,40,36,3,4,1,0,0,0,1,4,0,7,0,0,0,0,0
1980,R,steib001,R,L,76,70,21,34,2,1,3,0,11,5,2,9,1,0,1,0,0
1980,R,steib001,R,R,149,128,32,41,3,0,2,0,16,11,2,16,4,1,6,3,0
1980,R,stemj101,R,R,1,1,0,0,0,0,0,0,0,0,0,1,0,0,0,0,0
1980,R,stenr101,R,L,106,96,25,32,4,0,1,0,12,8,4,9,3,1,1,0,0
1980,R,stenr101,R,R,319,301,72,88,9,2,1,0,25,14,6,22,7,1,1,2,0
1980,R,stied001,R,R,1,1,0,0,0,0,0,0,0,0,0,0,0,0,0,0,0
1980,R,stimc101,R,L,12,10,4,5,1,0,0,0,3,1,0,0,0,0,0,1,0
1980,R,stimc101,R,R,44,40,7,8,1,0,0,0,4,0,0,6,0,0,2,2,0
1980,R,stinb101,L,R,116,102,22,27,2,0,1,0,8,8,0,19,2,1,2,2,1
1980,R,stinb101,R,L,6,5,1,1,0,0,0,0,0,1,0,0,0,0,0,0,0
1980,R,straj101,R,L,65,60,23,25,2,0,0,0,5,2,0,2,1,0,2,1,0
1980,R,straj101,R,R,142,129,31,35,4,0,0,0,11,8,0,8,7,0,5,0,0
1980,R,sulag101,R,L,19,16,4,5,1,0,0,0,2,2,0,3,0,0,1,0,0
1980,R,sulag101,R,R,58,49,12,14,0,1,0,0,1,7,1,3,2,0,1,1,0
1980,R,summc001,L,L,52,45,12,20,2,0,2,1,13,4,0,9,2,1,1,1,0
1980,R,summc001,L,R,356,302,91,155,17,1,15,0,47,48,6,43,8,4,0,2,0
1980,R,sundj001,R,L,180,155,49,74,11,1,4,1,22,23,2,14,6,0,1,1,0
1980,R,sundj001,R,R,401,350,89,120,13,0,6,0,41,41,1,53,9,1,5,4,0
1980,R,sutcr001,L,L,1,1,0,0,0,0,0,0,0,0,0,1,0,0,0,0,0
1980,R,sutcr001,L,R,31,26,4,4,0,0,0,0,3,2,0,4,0,0,3,0,0
1980,R,suthl101,L,L,13,12,4,5,1,0,0,0,0,0,0,0,1,0,1,0,0
1980,R,suthl101,L,R,79,77,19,21,2,0,0,0,5,1,1,11,1,0,0,1,0
1980,R,suttb001,R,L,2,2,0,0,0,0,0,0,0,0,0,1,0,0,0,0,0
1980,R,suttb001,R,R,8,7,1,1,0,0,0,0,1,0,0,5,0,0,1,0,0
1980,R,suttd001,R,L,15,14,1,1,0,0,0,0,0,0,0,4,1,0,1,0,0
1980,R,suttd001,R,R,58,50,4,4,0,0,0,0,1,1,0,15,3,0,7,0,0
1980,R,swanc001,R,L,12,11,2,2,0,0,0,0,1,0,0,4,2,0,1,0,0
1980,R,swanc001,R,R,31,21,5,5,0,0,0,0,4,4,0,9,0,0,6,0,0
1980,R,swiss101,R,L,20,19,4,5,1,0,0,0,1,1,0,6,2,0,0,0,0
1980,R,swiss101,R,R,5,5,2,2,0,0,0,0,1,0,0,1,0,0,0,0,0
1980,R,sykeb101,L,R,33,29,3,3,0,0,0,0,2,1,0,9,1,1,1,1,0
1980,R,sykeb101,R,L,12,10,1,1,0,0,0,0,0,0,0,5,0,0,2,0,0
1980,R,tamaj101,L,R,39,35,11,16,2,0,1,0,9,3,0,2,0,0,0,1,0
1980,R,tamaj101,R,L,19,16,3,4,1,0,0,0,4,3,0,3,0,0,0,0,0
1980,R,tavef101,R,L,175,165,47,54,7,0,0,0,4,8,0,18,4,0,2,0,0
1980,R,tavef101,R,R,423,397,110,130,20,0,0,0,21,15,0,46,11,1,8,2,0
1980,R,tekuk001,R,L,5,5,0,0,0,0,0,0,0,0,0,4,0,0,0,0,0
1980,R,tekuk001,R,R,5,4,0,0,0,0,0,0,0,1,0,3,0,0,0,0,0
1980,R,tellt001,R,L,1,1,0,0,0,0,0,0,0,0,0,1,0,0,0,0,0
1980,R,tellt001,R,R,7,7,1,1,0,0,0,0,1,0,0,4,0,0,0,0,0
1980,R,tempg001,L,R,330,320,102,133,11,7,2,0,23,10,1,33,10,0,0,0,0
1980,R,tempg001,R,L,194,184,59,77,8,2,2,0,20,8,5,10,3,0,1,1,0
1980,R,tenag101,R,L,129,97,24,49,4,0,7,0,15,31,5,19,5,1,0,0,0
1980,R,tenag101,R,R,287,219,46,85,7,1,10,0,35,61,6,44,6,3,0,4,0
1980,R,terrj101,R,L,14,14,1,1,0,0,0,0,0,0,0,0,0,0,0,0,0
1980,R,terrj101,R,R,2,2,0,0,0,0,0,0,0,0,0,0,0,0,0,0,0
1980,R,thomd001,L,R,270,240,72,95,14,3,1,0,20,25,2,38,3,1,3,1,0
1980,R,thomd001,R,L,62,57,7,11,4,0,0,0,2,1,1,10,2,0,4,0,0
1980,R,thomg001,R,L,204,183,46,97,7,1,14,0,38,20,2,44,2,0,0,1,0
1980,R,thomg001,R,R,493,445,104,199,19,2,24,1,67,38,2,126,5,2,3,5,0
1980,R,thomg101,L,L,5,2,0,0,0,0,0,0,0,3,1,0,0,0,0,0,0
1980,R,thomg101,L,R,124,109,24,30,3,0,1,0,12,14,2,26,3,1,0,0,0
1980,R,thomj001,L,L,111,99,19,30,5,0,2,0,17,9,0,26,4,0,1,2,0
1980,R,thomj001,L,R,418,339,107,178,14,0,19,0,73,74,10,60,8,1,1,3,0
1980,R,thomr001,R,L,5,4,0,0,0,0,0,0,0,1,0,0,0,0,0,0,0
1980,R,thomr001,R,R,9,9,2,2,0,0,0,0,0,0,0,4,0,0,0,0,0
1980,R,thoms001,L,L,25,20,6,7,1,0,0,0,3,3,0,2,1,0,1,1,0
1980,R,thoms001,L,R,232,206,42,59,9,1,2,0,10,25,3,29,5,1,0,0,0
1980,R,thond001,R,L,127,118,30,36,6,0,0,0,7,6,0,7,2,1,1,1,0
1980,R,thond001,R,R,158,149,38,48,6,2,0,0,8,4,0,21,3,0,4,1,0
1980,R,tidrd001,R,R,4,4,0,0,0,0,0,0,0,0,0,1,0,0,0,0,0
1980,R,tomld001,L,R,1,0,0,0,0,0,0,0,0,1,0,0,0,0,0,0,0
1980,R,torrr101,L,R,39,36,8,8,0,0,0,0,2,3,0,1,0,0,0,0,0
1980,R,torrr101,R,L,41,36,4,4,0,0,0,0,1,5,0,6,1,0,0,0,0
1980,R,tracj101,L,L,10,10,3,3,0,0,0,0,1,0,0,3,0,0,0,0,0
1980,R,tracj101,L,R,127,112,28,46,3,3,3,0,8,13,1,34,1,0,2,0,0
1980,R,trama001,R,L,289,241,69,93,7,4,3,0,24,39,2,23,3,1,4,4,0
1980,R,trama001,R,R,363,319,99,133,14,1,6,0,41,30,0,40,7,2,9,3,0
1980,R,treva001,R,L,140,130,37,44,5,1,0,0,10,8,0,15,6,0,1,1,0
1980,R,treva001,R,R,236,225,54,62,6,1,0,0,27,5,1,26,5,1,1,4,0
1980,R,trilm001,R,L,118,105,33,48,4,4,1,0,9,10,4,6,3,1,1,1,0
1980,R,trilm001,R,R,455,426,122,171,21,5,6,0,34,22,4,40,13,2,3,2,0
1980,R,turnj101,L,L,25,24,6,6,0,0,0,0,2,0,0,3,0,0,1,0,0
1980,R,turnj101,L,R,143,129,38,52,5,0,3,0,16,10,4,15,1,2,0,2,0
1980,R,tysom101,R,L,90,88,17,24,4,0,1,0,4,2,0,15,4,0,0,0,0
1980,R,tysom101,R,R,273,253,64,91,15,3,2,0,19,13,3,46,1,2,4,1,0
1980,R,unsed101,L,L,10,9,3,3,0,0,0,0,1,0,0,1,1,0,1,0,0
1980,R,unsed101,L,R,113,101,26,40,6,4,0,0,9,10,1,20,1,0,0,2,0
1980,R,upshw001,L,L,8,7,2,3,1,0,0,0,3,1,0,2,0,0,0,0,0
1980,R,upshw001,L,R,60,54,11,18,2,1,1,0,2,5,1,12,0,0,1,0,0
1980,R,urrej101,R,L,4,3,1,1,0,0,0,0,0,0,0,0,0,0,1,0,0
1980,R,urrej101,R,R,11,10,2,2,0,0,0,0,0,0,0,4,0,0,1,0,0
1980,R,vailm001,R,L,95,91,32,46,9,1,1,0,18,4,1,15,2,0,0,0,0
1980,R,vailm001,R,R,233,221,61,86,8,1,5,0,29,10,0,62,6,1,1,0,0
1980,R,valdj101,L,R,14,13,2,3,1,0,0,0,2,0,0,4,0,1,0,0,0
1980,R,valdj101,R,L,7,6,3,6,0,0,1,0,2,0,0,1,0,0,1,0,0
1980,R,valee001,R,L,69,66,20,44,5,2,5,0,19,2,0,13,0,0,0,1,0
1980,R,valee001,R,R,274,245,78,119,17,0,8,0,48,23,0,31,3,3,0,3,0
1980,R,valef001,L,L,1,1,0,0,0,0,0,0,0,0,0,1,0,0,0,0,0
1980,R,vegaj101,R,L,34,30,5,5,0,0,0,0,4,3,0,7,1,0,1,0,0
1980,R,veleo101,R,L,155,137,33,63,3,0,9,0,19,18,5,33,2,0,0,0,0
1980,R,veleo101,R,R,262,220,63,111,9,3,11,1,43,36,3,53,6,2,0,4,0
1980,R,venam001,L,L,9,7,3,3,0,0,0,0,1,2,0,1,0,0,0,0,0
1980,R,venam001,L,R,148,131,34,39,5,0,0,0,9,13,0,21,3,0,1,3,0
1980,R,veryt001,R,L,133,129,37,44,4,0,1,0,8,3,1,9,5,0,0,1,0
1980,R,veryt001,R,R,250,229,60,71,8,0,1,0,20,7,0,16,6,8,4,2,0
1980,R,virgo001,R,R,5,5,1,2,1,0,0,0,0,0,0,1,0,0,0,0,0
1980,R,vuckp001,R,L,34,28,3,3,0,0,0,0,2,1,0,6,0,0,5,0,0
1980,R,vuckp001,R,R,47,43,10,16,6,0,0,0,5,0,0,7,1,0,4,0,0
1980,R,vukog001,L,L,4,3,1,1,0,0,0,0,0,1,0,1,0,0,0,0,0
1980,R,vukog001,L,R,60,55,12,15,1,1,0,0,8,5,0,8,1,0,0,0,0
1980,R,vukoj101,R,L,24,22,2,3,1,0,0,0,2,2,1,2,0,0,0,0,0
1980,R,vukoj101,R,R,42,40,8,10,0,1,0,0,3,0,0,5,2,1,0,1,0
1980,R,wagnm001,R,L,31,27,8,8,0,0,0,0,1,3,0,3,0,0,1,0,0
1980,R,wagnm001,R,R,50,45,9,10,1,0,0,0,2,4,0,8,0,0,1,0,0
1980,R,walkb001,R,L,17,14,2,2,0,0,0,0,0,2,0,4,0,1,0,0,0
1980,R,walkb001,R,R,45,36,5,6,1,0,0,0,2,2,0,16,2,0,7,0,0
1980,R,walkc001,L,R,49,41,11,14,0,0,1,0,5,5,1,7,0,1,1,1,0
1980,R,walkc001,R,L,17,16,1,1,0,0,0,0,0,1,0,3,1,0,0,0,0
1980,R,walld001,L,L,55,53,16,20,0,2,0,0,4,2,0,7,0,0,0,0,0
1980,R,walld001,L,R,266,231,69,90,6,3,3,0,25,33,4,19,2,0,0,2,0
1980,R,wallt001,R,L,11,10,2,5,0,0,1,0,2,1,0,5,0,0,0,0,0
1980,R,wallt001,R,R,1,1,0,0,0,0,0,0,0,0,0,0,0,0,0,0,0
1980,R,wallt002,R,L,3,3,0,0,0,0,0,0,0,0,0,2,0,0,0,0,0
1980,R,wallt002,R,R,10,9,1,1,0,0,0,0,0,1,0,3,0,0,0,0,0
1980,R,waltd101,R,L,5,4,1,1,0,0,0,0,0,1,0,2,0,0,0,0,0
1980,R,waltd101,R,R,8,6,1,1,0,0,0,0,1,2,0,3,0,0,0,0,0
1980,R,waltr101,R,L,55,52,14,21,4,0,1,0,7,2,0,3,1,0,0,1,0
1980,R,waltr101,R,R,33,31,9,14,2,0,1,0,2,1,0,7,0,1,0,0,0
1980,R,wardg001,R,L,35,30,16,26,5,1,1,0,9,3,1,2,0,0,1,1,0
1980,R,wardg001,R,R,11,11,3,6,1,1,0,0,1,0,0,4,0,0,0,0,0
1980,R,washc001,L,L,66,62,14,20,2,2,0,0,11,2,0,16,3,1,1,0,0
1980,R,washc001,L,R,337,312,90,149,18,4,11,0,43,23,5,66,7,1,0,1,0
1980,R,washu001,L,R,347,312,80,101,10,4,1,0,22,29,0,44,7,0,5,1,0
1980,R,washu001,R,L,267,237,70,105,6,7,5,0,31,24,0,34,6,0,5,1,0
1980,R,wathj001,R,L,235,206,65,85,7,5,1,0,25,26,6,18,4,1,1,1,0
1980,R,wathj001,R,R,275,247,73,99,7,2,5,0,33,24,0,24,15,2,2,0,0
1980,R,watsb001,R,L,254,228,77,107,18,0,4,0,29,22,5,20,11,0,0,4,0
1980,R,watsb001,R,R,271,241,67,107,7,3,9,1,39,26,0,36,9,1,1,2,0
1980,R,welcb001,R,L,10,9,1,1,0,0,0,0,0,0,0,4,0,0,1,0,0
1980,R,welcb001,R,R,66,61,16,19,3,0,0,0,3,1,0,9,0,0,4,0,0
1980,R,wernd101,R,L,24,21,8,10,2,0,0,0,3,2,0,1,1,1,0,0,0
1980,R,wernd101,R,R,49,43,3,3,0,0,0,0,2,5,0,9,1,0,0,1,0
1980,R,wertd101,R,L,60,53,16,27,2,0,3,0,10,7,0,16,3,0,0,0,0
1980,R,wertd101,R,R,18,12,4,5,1,0,0,0,2,5,0,3,0,0,1,0,0
1980,R,whitd101,R,L,39,30,6,6,0,0,0,0,0,2,0,9,1,0,7,0,0
1980,R,whitd101,R,R,63,57,15,18,3,0,0,0,7,2,0,12,2,0,2,2,0
1980,R,white001,R,L,14,10,1,1,0,0,0,0,2,0,0,5,0,0,4,0,0
1980,R,white001,R,R,62,56,5,5,0,0,0,0,2,1,0,16,1,0,5,0,0
1980,R,white002,L,L,65,60,17,21,2,1,0,0,5,4,0,10,1,0,1,0,0
1980,R,white002,L,R,260,235,53,83,10,1,6,0,29,18,0,20,10,0,4,3,0
1980,R,whitf001,R,L,228,217,62,95,9,3,6,0,21,4,0,23,3,1,5,1,0
1980,R,whitf001,R,R,366,343,86,105,14,1,1,0,39,15,0,46,8,1,4,3,0
1980,R,whitj001,L,R,176,152,43,70,6,3,5,0,19,21,0,20,1,1,0,2,0
1980,R,whitj001,R,L,73,62,13,22,3,0,2,0,4,9,0,17,0,0,1,1,0
1980,R,whitl001,L,L,198,165,31,35,4,0,0,0,11,23,0,37,3,0,8,2,0
1980,R,whitl001,L,R,370,312,80,100,15,1,1,0,34,50,0,42,6,0,4,4,0
1980,R,whitt001,L,L,26,25,8,10,2,0,0,0,2,0,0,5,0,0,1,0,0
1980,R,whitt001,L,R,322,296,87,117,14,2,4,0,24,20,3,39,6,1,3,2,0
1980,R,wilbt101,L,R,5,5,2,2,0,0,0,0,1,0,0,0,0,0,0,0,0
1980,R,wilbt101,R,L,3,3,0,0,0,0,0,0,0,0,0,1,0,0,0,0,0
1980,R,wilfr001,L,L,99,85,15,24,1,1,2,0,14,7,0,23,2,1,5,1,0
1980,R,wilfr001,L,R,368,331,88,129,15,4,6,1,31,27,3,38,6,2,6,1,1
1980,R,willb101,L,R,411,361,96,127,15,2,4,1,34,38,0,48,6,1,5,5,1
1980,R,willb101,R,L,245,217,56,81,16,3,1,0,24,13,1,23,2,2,10,3,0
1980,R,wilsm001,L,R,93,84,23,31,4,2,0,0,4,8,0,15,0,0,1,0,0
1980,R,wilsm001,R,L,26,21,3,6,1,1,0,0,0,4,0,4,0,0,1,0,0
1980,R,wilsw001,L,R,456,430,131,163,11,9,1,0,28,18,3,47,2,5,2,1,0
1980,R,wilsw001,R,L,289,275,99,134,17,6,2,0,21,10,0,34,2,1,3,0,0
1980,R,winfd001,R,L,156,132,36,67,5,1,8,0,20,24,10,17,4,0,0,0,0
1980,R,winfd001,R,R,487,426,118,184,20,5,12,0,67,55,4,66,9,2,0,4,0
1980,R,wiser101,R,L,9,8,1,1,0,0,0,0,1,0,0,2,0,0,1,0,0
1980,R,wiser101,R,R,53,50,7,9,2,0,0,0,3,2,0,19,0,0,1,0,0
1980,R,wockj001,R,L,266,219,59,114,7,0,16,0,46,45,4,42,3,1,0,1,0
1980,R,wockj001,R,R,178,153,43,53,6,2,0,0,19,23,0,22,4,2,0,0,0
1980,R,wohlj001,R,L,98,90,29,40,5,3,0,0,15,6,0,9,2,1,0,1,0
1980,R,wohlj001,R,R,112,103,25,31,1,1,1,0,9,7,0,14,1,0,0,2,0
1980,R,wolfl101,R,L,13,12,2,6,1,0,1,0,3,0,0,4,1,0,0,1,0
1980,R,wolfl101,R,R,11,11,1,1,0,0,0,0,1,0,0,1,0,0,0,0,0
1980,R,wooda001,L,L,107,93,31,51,5,0,5,0,14,9,0,5,0,0,4,1,0
1980,R,wooda001,L,R,310,280,81,128,13,2,10,0,33,28,3,30,4,1,1,0,0
1980,R,woodg001,R,L,46,45,19,30,5,0,2,0,14,1,0,7,1,0,0,0,0
1980,R,woodg001,R,R,9,8,1,1,0,0,0,0,1,1,0,2,0,0,0,0,0
1980,R,wyneb001,L,R,362,321,83,112,11,3,4,0,47,31,1,17,5,1,4,5,0
1980,R,wyneb001,R,L,202,165,41,51,7,0,1,0,10,32,5,19,4,1,3,1,0
1980,R,yastc101,L,L,63,57,11,20,3,0,2,0,13,4,0,9,3,0,1,1,0
1980,R,yastc101,L,R,349,307,89,148,18,1,13,0,37,40,5,29,6,0,0,2,0
1980,R,yeags001,R,L,58,49,10,15,2,0,1,0,6,9,5,10,1,0,0,0,0
1980,R,yeags001,R,R,190,178,38,47,6,0,1,0,14,11,1,44,6,0,0,1,0
1980,R,yoste001,R,L,10,10,2,2,0,0,0,0,0,0,0,0,1,0,0,0,0
1980,R,yoste001,R,R,21,21,3,3,0,0,0,0,0,0,0,6,0,0,0,0,0
1980,R,younj001,R,L,174,155,48,72,7,1,5,0,26,17,3,12,4,1,0,1,0
1980,R,younj001,R,R,403,359,94,124,19,1,3,0,43,35,7,57,6,1,0,8,0
1980,R,younr001,R,L,202,188,52,91,16,1,7,1,31,9,1,15,3,0,3,2,0
1980,R,younr001,R,R,445,423,127,226,33,9,16,1,56,17,0,52,5,1,3,1,0
1980,R,zachp001,R,L,18,16,1,1,0,0,0,0,0,1,0,8,0,0,1,0,0
1980,R,zachp001,R,R,36,30,1,1,0,0,0,0,1,1,0,13,3,0,4,1,0
1980,R,ziskr101,R,L,213,186,55,99,9,1,11,0,35,26,4,27,8,0,0,1,0
1980,R,ziskr101,R,R,279,262,75,107,8,0,8,0,42,13,1,45,10,0,1,3,0
1980,W,aikew001,L,L,12,7,2,2,0,0,0,0,1,5,0,3,0,0,0,0,0
1980,W,aikew001,L,R,14,13,6,20,0,1,4,0,7,1,0,5,0,0,0,0,0
1980,W,boonb001,R,L,5,4,2,2,0,0,0,0,1,1,0,0,0,0,0,0,0
1980,W,boonb001,R,R,17,13,5,7,2,0,0,0,3,3,0,0,0,0,0,1,0
1980,W,bowal001,L,R,19,19,6,6,0,0,0,0,1,0,0,0,0,0,0,0,0
1980,W,bowal001,R,L,5,5,3,4,1,0,0,0,1,0,0,0,0,0,0,0,0
1980,W,bretg001,L,L,11,9,4,4,0,0,0,0,0,2,1,2,1,0,0,0,0
1980,W,bretg001,L,R,15,15,5,12,2,1,1,0,3,0,0,2,0,0,0,0,0
1980,W,cardj101,R,L,10,10,2,2,0,0,0,0,0,0,0,3,1,0,0,0,0
1980,W,chald101,R,L,1,0,0,0,0,0,0,0,0,1,0,0,0,0,0,0,0
1980,W,grosg001,L,R,3,2,0,0,0,0,0,0,0,0,0,0,1,0,1,0,0
1980,W,hurdc001,L,R,14,12,5,6,1,0,0,0,0,2,0,1,0,0,0,0,0
1980,W,luzig001,R,L,4,3,0,0,0,0,0,0,0,1,0,1,0,0,0,0,0
1980,W,luzig001,R,R,7,6,0,0,0,0,0,0,0,0,0,4,0,1,0,0,0
1980,W,maddg001,R,L,5,5,2,3,1,0,0,0,0,0,0,2,0,0,0,0,0
1980,W,maddg001,R,R,19,17,3,4,1,0,0,0,1,1,1,1,0,0,0,1,0
1980,W,mcbrb101,L,L,7,6,0,0,0,0,0,0,1,1,0,0,0,0,0,0,0
1980,W,mcbrb101,L,R,18,17,7,11,1,0,1,0,4,1,0,1,0,0,0,0,0
1980,W,mcrah001,R,L,10,9,3,4,1,0,0,0,0,1,0,1,0,0,0,0,0
1980,W,mcrah001,R,R,16,15,6,8,2,0,0,0,1,1,0,1,0,0,0,0,0
1980,W,morek001,R,L,6,6,2,2,0,0,0,0,0,0,0,0,1,0,0,0,0
1980,W,morek001,R,R,7,6,2,2,0,0,0,0,1,0,0,1,0,0,1,0,0
1980,W,otisa001,R,L,11,8,3,4,1,0,0,0,2,3,1,2,1,0,0,0,0
1980,W,otisa001,R,R,15,15,8,18,1,0,3,0,5,0,0,1,1,0,0,0,0
1980,W,portd001,L,L,2,2,0,0,0,0,0,0,0,0,0,0,0,0,0,0,0
1980,W,portd001,L,R,15,12,2,2,0,0,0,0,0,3,0,4,0,0,0,0,0
1980,W,rosep001,L,R,19,16,5,6,1,0,0,0,1,2,1,2,0,1,0,0,0
1980,W,rosep001,R,L,7,7,1,1,0,0,0,0,0,0,0,0,0,0,0,0,0
1980,W,schmm001,R,L,6,6,2,5,0,0,1,0,2,0,0,0,0,0,0,0,0
1980,W,schmm001,R,R,20,15,6,10,1,0,1,0,5,4,0,3,0,0,0,1,0
1980,W,smitl002,R,L,4,4,0,0,0,0,0,0,0,0,0,1,0,0,0,0,0
1980,W,smitl002,R,R,16,15,5,6,1,0,0,0,1,1,0,0,1,0,0,0,0
1980,W,trilm001,R,L,5,4,0,0,0,0,0,0,1,0,0,0,1,0,0,1,0
1980,W,trilm001,R,R,19,19,5,7,2,0,0,0,1,0,0,0,1,0,0,0,0
1980,W,unsed101,L,R,6,6,3,5,2,0,0,0,2,0,0,1,0,0,0,0,0
1980,W,washu001,L,R,13,12,3,3,0,0,0,0,1,0,0,0,0,0,0,1,0
1980,W,washu001,R,L,12,10,3,3,0,0,0,0,1,0,0,6,0,0,1,1,0
1980,W,wathj001,R,L,9,6,2,2,0,0,0,0,1,2,0,0,2,0,0,1,0
1980,W,wathj001,R,R,1,1,0,0,0,0,0,0,0,0,0,1,0,0,0,0,0
1980,W,whitf001,R,L,12,11,1,1,0,0,0,0,0,1,0,3,1,0,0,0,0
1980,W,whitf001,R,R,15,14,1,1,0,0,0,0,0,0,0,2,0,0,1,0,0
1980,W,wilsw001,L,R,16,16,3,4,1,0,0,0,0,0,0,5,0,0,0,0,0
1980,W,wilsw001,R,L,14,10,1,1,0,0,0,0,0,4,0,7,0,0,0,0,0
