YEAR,PHASE,RESP_PIT_ID,SITUATION,B_PA,B_AB,B_H,B_TB,B_2B,B_3B,B_HR,B_HR4,B_RBI,B_BB,B_IBB,B_SO,B_GDP,B_HP,B_SH,B_SF,B_XI
1975,L,abbog001,empty,3,3,0,0,0,0,0,0,0,0,0,0,0,0,0,0,0
1975,R,abbog001,empty,277,257,66,107,13,2,8,0,8,19,0,36,0,1,0,0,0
1975,R,abbog001,loaded,9,7,3,4,1,0,0,0,8,1,0,1,0,0,0,1,0
1975,R,abbog001,menon,218,174,43,64,7,1,4,0,41,31,7,15,10,1,7,5,0
1975,R,abbog001,scoring,143,113,23,33,4,0,2,0,35,23,7,10,4,0,2,5,0
1975,R,acosc101,empty,25,23,6,14,2,0,2,0,2,2,0,0,0,0,0,0,0
1975,R,acosc101,loaded,1,1,1,2,1,0,0,0,2,0,0,0,0,0,0,0,0
1975,R,acosc101,menon,11,10,3,5,2,0,0,0,3,1,0,2,0,0,0,0,0
1975,R,acosc101,scoring,5,4,1,2,1,0,0,0,2,1,0,0,0,0,0,0,0
1975,R,albuv101,empty,317,250,56,90,12,2,6,0,6,64,0,40,0,3,0,0,0
1975,R,albuv101,loaded,18,15,6,13,1,0,2,2,16,1,0,4,1,0,0,2,0
1975,R,albuv101,menon,289,236,59,101,12,0,10,2,66,33,1,32,7,1,12,7,0
1975,R,albuv101,scoring,165,130,33,61,4,0,8,2,58,22,1,23,1,1,5,7,0
1975,R,alexd001,empty,319,292,75,107,10,2,6,0,6,26,0,29,0,1,0,0,0
1975,R,alexd001,loaded,9,9,3,6,1,1,0,0,7,0,0,1,1,0,0,0,0
1975,R,alexd001,menon,242,213,52,72,7,5,1,0,41,21,7,17,9,0,7,1,0
1975,R,alexd001,scoring,146,126,26,40,3,4,1,0,38,18,7,12,2,0,1,1,0
1975,R,allel101,empty,13,10,3,3,0,0,0,0,0,3,0,1,0,0,0,0,0
1975,R,allel101,menon,18,13,5,11,0,0,2,0,7,3,0,1,0,0,1,1,0
1975,R,allel101,scoring,11,7,2,5,0,0,1,0,5,3,0,1,0,0,0,1,0
1975,R,andel001,empty,12,12,1,1,0,0,0,0,0,0,0,4,0,0,0,0,0
1975,R,andel001,menon,11,8,3,6,1,1,0,0,4,2,0,0,1,0,0,1,0
1975,R,andel001,scoring,9,6,2,3,1,0,0,0,3,2,0,0,1,0,0,1,0
1975,R,andel101,empty,73,70,20,30,2,1,2,0,2,3,0,7,0,0,0,0,0
1975,R,andel101,loaded,1,1,0,0,0,0,0,0,0,0,0,1,0,0,0,0,0
1975,R,andel101,menon,55,51,16,19,0,0,1,0,11,3,0,6,5,0,0,1,0
1975,R,andel101,scoring,33,29,6,9,0,0,1,0,11,3,0,5,3,0,0,1,0
1975,R,apodb101,empty,182,172,35,49,4,2,2,0,2,10,0,23,0,0,0,0,0
1975,R,apodb101,loaded,21,19,6,11,0,1,1,1,15,1,0,5,2,0,0,1,0
1975,R,apodb101,menon,157,125,31,40,1,1,2,1,26,18,9,22,7,0,10,4,0
1975,R,apodb101,scoring,99,78,19,27,0,1,2,1,25,15,9,16,5,0,2,4,0
1975,R,arrof001,empty,114,107,34,44,4,0,2,0,2,7,0,14,0,0,0,0,0
1975,R,arrof001,loaded,7,7,3,5,0,1,0,0,7,0,0,1,1,0,0,0,0
1975,R,arrof001,menon,118,99,22,39,2,3,3,0,27,15,2,11,7,1,2,1,0
1975,R,arrof001,scoring,65,54,15,26,1,2,2,0,23,8,2,7,3,1,1,1,0
1975,R,auguj001,empty,62,53,12,20,2,0,2,0,2,8,0,4,0,1,0,0,0
1975,R,auguj001,loaded,1,1,0,0,0,0,0,0,0,0,0,0,0,0,0,0,0
1975,R,auguj001,menon,49,42,14,17,1,1,0,0,7,4,1,4,2,0,1,2,0
1975,R,auguj001,scoring,27,23,5,5,0,0,0,0,6,2,1,4,1,0,0,2,0
1975,R,austr101,empty,66,52,13,17,1,0,1,0,1,13,0,8,0,1,0,0,0
1975,R,austr101,loaded,20,18,7,10,0,0,1,1,16,2,0,3,1,0,0,0,0
1975,R,austr101,menon,114,93,19,27,2,0,2,1,27,19,5,22,2,0,2,0,0
1975,R,austr101,scoring,70,54,15,19,1,0,1,1,25,16,5,12,1,0,0,0,0
1975,R,bacsm101,empty,59,53,13,20,2,1,1,0,1,5,0,5,0,1,0,0,0
1975,R,bacsm101,loaded,1,1,0,0,0,0,0,0,0,0,0,0,0,0,0,0,0
1975,R,bacsm101,menon,57,49,15,24,7,1,0,0,11,4,1,8,1,0,3,1,0
1975,R,bacsm101,scoring,37,33,10,17,5,1,0,0,10,3,1,5,0,0,0,1,0
1975,R,bahns101,empty,416,364,91,125,16,3,4,0,4,48,0,44,0,4,0,0,0
1975,R,bahns101,loaded,19,17,5,6,1,0,0,0,13,2,0,0,2,0,0,0,0
1975,R,bahns101,menon,318,273,75,115,11,4,7,0,67,29,1,36,15,2,10,4,0
1975,R,bahns101,scoring,159,133,38,56,5,2,3,0,53,16,1,13,5,1,5,4,0
1975,R,baldr101,empty,212,196,49,65,7,0,3,0,3,16,0,27,0,0,0,0,0
1975,R,baldr101,loaded,26,22,10,10,0,0,0,0,23,2,0,3,0,1,0,1,0
1975,R,baldr101,menon,206,173,48,61,8,1,1,0,50,18,4,27,10,4,8,3,0
1975,R,baldr101,scoring,129,106,30,36,3,0,1,0,46,16,4,18,1,2,2,3,0
1975,R,banee101,empty,66,58,19,29,2,1,2,0,2,8,0,7,0,0,0,0,0
1975,R,banee101,loaded,4,3,0,0,0,0,0,0,1,0,0,1,0,0,0,1,0
1975,R,banee101,menon,60,49,9,10,1,0,0,0,4,7,0,7,3,1,2,1,0
1975,R,banee101,scoring,31,23,3,3,0,0,0,0,4,6,0,4,0,0,1,1,0
1975,R,barer101,empty,340,314,92,123,12,2,5,0,5,25,0,42,0,1,0,0,0
1975,R,barer101,loaded,15,11,5,6,1,0,0,0,14,0,0,2,1,0,0,4,0
1975,R,barer101,menon,314,279,82,114,11,3,5,0,68,22,5,29,19,0,6,7,0
1975,R,barer101,scoring,163,141,39,50,7,2,0,0,54,15,5,12,7,0,0,7,0
1975,R,barlm101,empty,16,13,4,4,0,0,0,0,0,2,0,1,0,1,0,0,0
1975,R,barlm101,loaded,1,0,0,0,0,0,0,0,1,0,0,0,0,0,0,1,0
1975,R,barlm101,menon,21,18,7,8,1,0,0,0,6,1,1,1,0,0,0,2,0
1975,R,barlm101,scoring,11,8,3,4,1,0,0,0,6,1,1,0,0,0,0,2,0
1975,R,barrj101,empty,573,543,156,228,28,7,10,0,10,29,0,44,0,1,0,0,0
1975,R,barrj101,loaded,14,13,1,4,0,0,1,1,6,0,0,2,3,0,0,1,0
1975,R,barrj101,menon,431,380,88,142,19,7,7,1,70,29,10,33,24,2,16,4,0
1975,R,barrj101,scoring,220,187,44,72,7,3,5,1,55,23,10,18,6,1,5,4,0
1975,R,barrs103,empty,16,13,7,8,1,0,0,0,0,3,0,0,0,0,0,0,0
1975,R,barrs103,loaded,2,2,1,4,0,0,1,1,4,0,0,0,0,0,0,0,0
1975,R,barrs103,menon,22,17,4,9,2,0,1,1,9,4,0,2,2,0,0,1,0
1975,R,barrs103,scoring,14,10,3,7,1,0,1,1,9,3,0,1,0,0,0,1,0
1975,R,bearm101,empty,145,135,39,53,5,0,3,0,3,10,0,12,0,0,0,0,0
1975,R,bearm101,loaded,16,12,3,8,0,1,1,1,14,1,0,4,0,1,0,2,0
1975,R,bearm101,menon,163,132,32,46,7,2,1,1,36,18,5,15,5,2,6,5,0
1975,R,bearm101,scoring,107,86,20,27,2,1,1,1,33,12,5,14,3,1,3,5,0
1975,R,beenf101,empty,92,82,26,38,5,2,1,0,1,10,0,7,0,0,0,0,0
1975,R,beenf101,loaded,11,10,4,4,0,0,0,0,9,1,0,0,1,0,0,0,0
1975,R,beenf101,menon,135,113,37,55,7,1,3,0,40,15,3,13,3,3,3,1,0
1975,R,beenf101,scoring,99,80,22,30,3,1,1,0,34,13,3,10,2,3,2,1,0
1975,R,bibbj001,empty,435,388,95,143,15,6,7,0,7,45,0,55,0,2,0,0,0
1975,R,bibbj001,loaded,9,7,3,5,0,1,0,0,8,1,0,1,0,0,0,1,0
1975,R,bibbj001,menon,346,299,77,96,9,2,2,0,61,33,3,38,14,0,4,10,0
1975,R,bibbj001,scoring,205,169,38,51,6,2,1,0,59,22,3,26,6,0,4,10,0
1975,R,billj101,empty,524,490,135,201,23,2,13,0,13,31,0,51,0,3,0,0,0
1975,W,billj101,empty,20,17,3,5,2,0,0,0,0,2,0,4,0,1,0,0,0
1975,R,billj101,loaded,27,24,4,5,1,0,0,0,15,1,0,3,6,0,0,2,0
1975,W,billj101,loaded,2,2,0,0,0,0,0,0,0,0,0,1,0,0,0,0,0
1975,R,billj101,menon,368,305,87,128,14,0,9,0,76,45,12,28,32,6,7,5,0
1975,W,billj101,menon,20,16,5,5,0,0,0,0,2,3,0,3,0,0,1,0,0
1975,R,billj101,scoring,208,159,44,61,5,0,4,0,64,35,12,18,12,4,5,5,0
1975,W,billj101,scoring,15,11,3,3,0,0,0,0,2,3,0,2,0,0,1,0,0
1975,R,birdd101,empty,222,200,50,72,12,2,2,0,2,20,0,47,0,2,0,0,0
1975,R,birdd101,loaded,15,11,3,6,0,0,1,1,11,1,0,1,0,0,0,3,0
1975,R,birdd101,menon,221,186,50,80,9,3,5,1,55,20,10,34,7,0,9,6,0
1975,R,birdd101,scoring,136,108,32,48,6,2,2,1,46,16,10,16,3,0,6,6,0
1975,R,blaid101,empty,380,320,87,134,12,7,7,0,7,57,0,44,0,3,0,0,0
1975,R,blaid101,loaded,24,20,2,5,0,0,1,1,11,2,0,5,4,0,0,2,0
1975,R,blaid101,menon,338,278,63,94,4,3,7,1,55,49,3,38,27,0,3,8,0
1975,R,blaid101,scoring,191,148,29,46,1,2,4,1,46,35,3,23,10,0,0,8,0
1975,R,blats101,empty,8,8,3,3,0,0,0,0,0,0,0,4,0,0,0,0,0
1975,R,blats101,loaded,2,1,1,2,1,0,0,0,3,0,0,0,0,0,1,0,0
1975,R,blats101,menon,16,13,6,8,2,0,0,0,7,1,0,1,1,0,1,1,0
1975,R,blats101,scoring,13,10,5,7,2,0,0,0,7,1,0,1,1,0,1,1,0
1975,L,bluev001,empty,10,10,3,5,2,0,0,0,0,0,0,2,0,0,0,0,0
1975,R,bluev001,empty,659,592,141,209,18,7,12,0,12,63,0,107,0,4,0,0,0
1975,R,bluev001,loaded,12,11,0,0,0,0,0,0,2,0,0,2,0,0,0,1,0
1975,L,bluev001,menon,4,4,3,6,0,0,1,0,2,0,0,0,1,0,0,0,0
1975,R,bluev001,menon,494,436,102,152,17,3,9,0,80,36,4,82,26,1,15,6,0
1975,L,bluev001,scoring,3,3,2,2,0,0,0,0,0,0,0,0,1,0,0,0,0
1975,R,bluev001,scoring,253,220,51,74,8,3,3,0,63,20,4,36,7,0,7,6,0
1975,R,blylb001,empty,681,627,131,201,20,4,14,0,14,53,0,152,0,1,0,0,0
1975,R,blylb001,loaded,21,19,3,3,0,0,0,0,9,1,0,7,0,0,0,1,0
1975,R,blylb001,menon,423,371,88,132,10,2,10,0,78,31,2,81,17,3,10,8,0
1975,R,blylb001,scoring,246,213,51,80,7,2,6,0,68,20,2,54,3,1,4,8,0
1975,R,bonhb101,empty,544,482,121,180,21,4,10,0,10,59,0,89,0,3,0,0,0
1975,R,bonhb101,loaded,13,10,2,2,0,0,0,0,9,3,0,1,1,0,0,0,0
1975,R,bonhb101,menon,491,421,133,172,18,3,5,0,99,50,6,76,24,2,11,6,1
1975,R,bonhb101,scoring,299,253,73,104,10,3,5,0,97,34,6,47,13,0,5,6,1
1975,L,borbp101,empty,3,3,0,0,0,0,0,0,0,0,0,1,0,0,0,0,0
1975,R,borbp101,empty,254,242,83,106,12,1,3,0,3,10,0,14,0,2,0,0,0
1975,W,borbp101,empty,6,5,1,1,0,0,0,0,0,1,0,0,0,0,0,0,0
1975,R,borbp101,loaded,13,12,3,5,2,0,0,0,6,0,0,1,1,0,0,1,0
1975,W,borbp101,loaded,1,1,0,0,0,0,0,0,0,0,0,0,0,0,0,0,0
1975,R,borbp101,menon,270,241,62,84,11,1,3,0,43,11,6,15,19,1,16,1,0
1975,W,borbp101,menon,9,8,2,2,0,0,0,0,2,1,0,1,0,0,0,0,0
1975,R,borbp101,scoring,160,144,35,49,9,1,1,0,39,9,6,10,8,0,6,1,0
1975,W,borbp101,scoring,6,6,2,2,0,0,0,0,2,0,0,0,0,0,0,0,0
1975,R,bosmd101,empty,381,359,83,123,10,3,8,0,8,19,0,37,0,3,0,0,0
1975,R,bosmd101,loaded,7,5,2,2,0,0,0,0,6,0,0,0,0,0,0,2,0
1975,L,bosmd101,menon,1,1,0,0,0,0,0,0,0,0,0,0,0,0,0,0,0
1975,R,bosmd101,menon,246,221,62,94,7,2,7,0,53,13,4,16,6,3,4,5,0
1975,L,bosmd101,scoring,1,1,0,0,0,0,0,0,0,0,0,0,0,0,0,0,0
1975,R,bosmd101,scoring,134,117,31,42,4,2,1,0,39,11,4,13,3,1,0,5,0
1975,R,bradt102,empty,93,83,27,40,7,0,2,0,2,10,0,7,0,0,0,0,0
1975,R,bradt102,loaded,6,6,3,4,1,0,0,0,7,0,0,1,0,0,0,0,0
1975,R,bradt102,menon,106,92,30,48,6,0,4,0,28,8,4,6,3,1,4,1,0
1975,R,bradt102,scoring,69,59,17,24,4,0,1,0,20,7,4,5,2,1,1,1,0
1975,L,bretk101,empty,2,2,1,1,0,0,0,0,0,0,0,0,0,0,0,0,0
1975,R,bretk101,empty,295,273,70,108,10,5,6,0,6,21,0,27,0,1,0,0,0
1975,R,bretk101,loaded,10,9,2,2,0,0,0,0,6,0,0,1,2,1,0,0,0
1975,L,bretk101,menon,5,5,0,0,0,0,0,0,0,0,0,1,0,0,0,0,0
1975,R,bretk101,menon,197,167,40,58,4,1,4,0,35,22,5,20,9,1,4,3,0
1975,L,bretk101,scoring,5,5,0,0,0,0,0,0,0,0,0,1,0,0,0,0,0
1975,R,bretk101,scoring,108,89,22,32,1,0,3,0,30,14,5,13,4,1,1,3,0
1975,R,brewj102,empty,132,125,36,45,1,1,2,0,2,7,0,23,0,0,0,0,0
1975,R,brewj102,loaded,18,16,7,11,1,0,1,1,18,1,0,2,0,0,0,1,0
1975,R,brewj102,menon,171,143,46,55,3,0,2,1,44,16,3,20,6,1,2,9,0
1975,R,brewj102,scoring,109,87,29,34,2,0,1,1,42,11,3,17,0,1,1,9,0
1975,R,briln101,empty,283,264,74,116,16,1,8,0,8,15,0,42,0,4,0,0,0
1975,R,briln101,loaded,2,2,1,1,0,0,0,0,2,0,0,0,0,0,0,0,0
1975,R,briln101,menon,195,182,53,96,8,1,11,0,44,10,1,31,13,1,1,1,0
1975,R,briln101,scoring,102,95,22,49,4,1,7,0,34,5,1,19,4,1,0,1,0
1975,R,brobp101,empty,531,457,125,179,21,0,11,0,11,65,0,59,0,9,0,0,0
1975,R,brobp101,loaded,19,14,4,7,0,0,1,1,16,3,0,2,2,0,0,2,0
1975,R,brobp101,menon,436,375,94,130,11,2,7,1,83,41,2,41,19,7,8,5,0
1975,R,brobp101,scoring,225,185,54,74,7,2,3,1,73,30,2,18,7,2,3,5,0
1975,R,brooi101,empty,22,18,7,13,0,0,2,0,2,4,0,3,0,0,0,0,0
1975,R,brooi101,menon,24,21,4,7,0,0,1,0,5,1,0,5,1,1,1,0,0
1975,R,brooi101,scoring,16,15,3,6,0,0,1,0,5,0,0,4,1,1,0,0,0
1975,R,browj109,empty,320,290,79,117,12,1,8,0,8,29,0,37,0,1,0,0,0
1975,R,browj109,loaded,17,13,4,8,1,0,1,1,16,1,0,1,1,1,0,2,0
1975,R,browj109,menon,283,234,63,106,11,4,8,1,64,35,8,39,14,1,7,6,0
1975,R,browj109,scoring,173,138,36,64,6,2,6,1,55,27,8,26,5,1,1,6,0
1975,R,bryar101,empty,14,12,8,10,2,0,0,0,0,2,0,0,0,0,0,0,0
1975,R,bryar101,loaded,1,1,1,1,0,0,0,0,2,0,0,0,0,0,0,0,0
1975,R,bryar101,menon,41,33,12,21,3,0,2,0,14,5,1,7,0,0,3,0,0
1975,R,bryar101,scoring,31,25,8,13,2,0,1,0,12,4,1,6,0,0,2,0,0
1975,R,burgt001,empty,142,134,36,51,3,0,4,0,4,8,0,17,0,0,0,0,0
1975,R,burgt001,loaded,12,12,1,1,0,0,0,0,3,0,0,4,1,0,0,0,0
1975,R,burgt001,menon,176,153,40,59,8,1,3,0,41,15,2,24,9,1,4,3,0
1975,R,burgt001,scoring,97,84,25,36,5,0,2,0,36,9,2,14,2,0,1,3,0
1975,R,burrr001,empty,585,543,152,242,36,3,16,0,16,40,0,65,0,2,0,0,0
1975,R,burrr001,loaded,13,10,4,5,1,0,0,0,10,0,0,1,0,0,0,3,0
1975,R,burrr001,menon,435,378,107,152,14,2,9,0,89,33,6,43,19,2,13,9,0
1975,R,burrr001,scoring,268,231,65,83,7,1,3,0,74,21,6,32,7,2,5,9,0
1975,R,burtj101,empty,127,117,30,53,8,0,5,0,5,10,0,19,0,0,0,0,0
1975,W,burtj101,empty,1,0,0,0,0,0,0,0,0,1,0,0,0,0,0,0,0
1975,R,burtj101,loaded,3,3,1,1,0,0,0,0,3,0,0,0,0,0,0,0,0
1975,R,burtj101,menon,105,93,28,38,7,0,1,0,24,9,2,20,3,0,1,2,0
1975,W,burtj101,menon,6,2,1,1,0,0,0,0,2,2,0,0,0,0,1,1,0
1975,R,burtj101,scoring,69,61,21,30,6,0,1,0,24,6,2,14,1,0,0,2,0
1975,W,burtj101,scoring,5,2,1,1,0,0,0,0,2,2,0,0,0,0,0,1,0
1975,R,busbs101,empty,607,553,138,198,21,3,11,0,11,52,0,81,0,2,0,0,0
1975,R,busbs101,loaded,13,12,3,4,1,0,0,0,9,0,0,4,0,0,0,1,0
1975,R,busbs101,menon,457,410,95,132,16,0,7,0,76,29,4,79,22,1,13,4,0
1975,R,busbs101,scoring,249,220,49,73,9,0,5,0,69,20,4,47,7,1,4,4,0
1975,R,buskt101,empty,144,132,32,49,5,0,4,0,4,11,0,8,0,1,0,0,0
1975,R,buskt101,loaded,12,10,3,3,0,0,0,0,9,1,0,1,1,0,0,1,0
1975,R,buskt101,menon,172,142,37,50,2,1,3,0,40,18,10,21,8,0,10,2,0
1975,R,buskt101,scoring,120,99,26,31,2,0,1,0,35,16,10,14,4,0,3,2,0
1975,R,butlb101,empty,188,167,48,79,6,2,7,0,7,21,0,30,0,0,0,0,0
1975,R,butlb101,loaded,10,9,2,3,1,0,0,0,5,1,0,2,0,0,0,0,0
1975,R,butlb101,menon,189,165,52,83,12,2,5,0,58,14,0,25,3,0,5,5,0
1975,R,butlb101,scoring,107,92,30,53,8,0,5,0,54,8,0,14,2,0,2,5,0
1975,R,caldm001,empty,378,354,107,160,18,4,9,0,9,20,0,33,0,4,0,0,0
1975,R,caldm001,loaded,9,9,1,1,0,0,0,0,4,0,0,0,2,0,0,0,0
1975,R,caldm001,menon,345,302,87,135,19,4,7,0,83,28,7,24,19,1,10,4,0
1975,R,caldm001,scoring,202,179,49,81,13,2,5,0,72,14,7,17,4,1,4,4,0
1975,R,campb001,empty,265,245,62,102,9,2,9,0,9,18,0,50,0,2,0,0,0
1975,R,campb001,loaded,26,22,5,8,3,0,0,0,14,0,0,1,2,0,0,4,0
1975,R,campb001,menon,247,209,57,87,18,0,4,0,53,28,2,26,10,0,6,4,0
1975,R,campb001,scoring,161,131,33,49,10,0,2,0,47,24,2,17,4,0,2,4,0
1975,L,candj001,empty,25,24,2,6,1,0,1,0,1,1,0,13,0,0,0,0,0
1975,R,candj001,empty,302,280,56,87,13,3,4,0,4,21,0,64,0,1,0,0,0
1975,R,candj001,loaded,12,10,1,1,0,0,0,0,5,0,0,3,0,1,0,1,0
1975,L,candj001,menon,4,3,1,4,0,0,1,0,2,1,0,1,0,0,0,0,0
1975,R,candj001,menon,195,169,39,60,5,2,4,0,37,15,9,31,7,1,6,4,0
1975,L,candj001,scoring,3,2,0,0,0,0,0,0,0,1,0,1,0,0,0,0,0
1975,R,candj001,scoring,107,87,18,23,2,0,1,0,27,14,9,21,1,1,1,4,0
1975,R,caprb101,empty,180,162,44,69,10,3,3,0,3,18,0,18,0,0,0,0,0
1975,R,caprb101,loaded,2,2,0,0,0,0,0,0,0,0,0,0,0,0,0,0,0
1975,R,caprb101,menon,157,139,33,61,9,2,5,0,35,10,1,17,6,1,5,2,0
1975,R,caprb101,scoring,93,82,19,34,5,2,2,0,26,6,1,10,2,0,3,2,0
1975,R,carls001,empty,596,537,128,204,28,6,12,0,12,58,0,117,0,1,0,0,0
1975,R,carls001,loaded,27,22,4,5,1,0,0,0,15,1,0,9,0,0,0,4,0
1975,R,carls001,menon,467,393,89,149,18,3,12,0,95,46,5,75,25,1,15,12,0
1975,R,carls001,scoring,258,205,48,75,8,2,5,0,78,34,5,48,6,0,7,12,0
1975,L,carrc103,empty,1,0,0,0,0,0,0,0,0,1,0,0,0,0,0,0,0
1975,R,carrc103,empty,213,199,47,56,7,1,0,0,0,13,0,24,0,1,0,0,0
1975,W,carrc103,empty,13,12,4,7,0,0,1,0,1,1,0,3,0,0,0,0,0
1975,R,carrc103,loaded,20,15,4,4,0,0,0,0,11,2,0,1,2,1,0,2,0
1975,W,carrc103,loaded,1,0,0,0,0,0,0,0,1,1,0,0,0,0,0,0,0
1975,L,carrc103,menon,3,3,0,0,0,0,0,0,0,0,0,1,0,0,0,0,0
1975,R,carrc103,menon,196,168,46,59,7,0,2,0,37,19,8,20,12,2,1,6,0
1975,W,carrc103,menon,8,7,0,0,0,0,0,0,1,1,0,0,2,0,0,0,0
1975,L,carrc103,scoring,2,2,0,0,0,0,0,0,0,0,0,1,0,0,0,0,0
1975,R,carrc103,scoring,124,97,23,28,2,0,1,0,32,18,8,12,6,2,1,6,0
1975,W,carrc103,scoring,1,0,0,0,0,0,0,0,1,1,0,0,0,0,0,0,0
1975,R,carrd104,empty,236,214,56,76,8,0,4,0,4,20,0,23,0,2,0,0,0
1975,R,carrd104,loaded,8,8,1,1,0,0,0,0,1,0,0,2,2,0,0,0,0
1975,R,carrd104,menon,188,161,34,52,7,1,3,0,29,18,1,14,9,2,6,1,0
1975,R,carrd104,scoring,101,87,19,32,2,1,3,0,29,9,1,8,4,2,2,1,0
1975,R,carrt101,empty,104,88,24,27,3,0,0,0,0,15,0,6,0,1,0,0,0
1975,R,carrt101,loaded,5,4,1,1,0,0,0,0,2,1,0,0,0,0,0,0,0
1975,R,carrt101,menon,107,94,28,41,8,1,1,0,23,11,0,8,8,1,1,0,0
1975,R,carrt101,scoring,61,55,16,23,2,1,1,0,22,6,0,5,2,0,0,0,0
1975,R,castb101,empty,170,162,46,54,5,0,1,0,1,7,0,13,0,1,0,0,0
1975,R,castb101,loaded,7,7,1,1,0,0,0,0,3,0,0,0,2,0,0,0,0
1975,R,castb101,menon,145,125,32,42,4,0,2,0,25,10,5,12,10,1,5,3,1
1975,R,castb101,scoring,92,78,20,30,4,0,2,0,25,8,5,9,4,0,2,3,1
1975,R,chamb101,empty,264,237,63,84,6,0,5,0,5,27,0,20,0,0,0,0,0
1975,R,chamb101,loaded,12,11,4,7,0,0,1,1,12,1,0,2,0,0,0,0,0
1975,R,chamb101,menon,232,194,62,88,9,1,5,1,66,28,8,20,9,0,5,5,0
1975,R,chamb101,scoring,134,104,39,52,7,0,2,1,58,24,8,12,2,0,1,5,0
1975,R,chril101,empty,432,396,81,116,17,3,4,0,4,34,0,56,0,1,0,0,1
1975,R,chril101,loaded,7,6,2,3,1,0,0,0,5,1,0,1,0,0,0,0,0
1975,R,chril101,menon,257,234,68,107,11,2,8,0,61,11,2,32,12,0,7,5,0
1975,R,chril101,scoring,129,113,33,61,6,2,6,0,55,9,2,16,2,0,2,5,0
1975,L,clevr101,empty,16,15,4,6,2,0,0,0,0,1,0,2,0,0,0,0,0
1975,R,clevr101,empty,424,389,94,135,14,3,7,0,7,34,0,47,0,1,0,0,0
1975,W,clevr101,empty,18,16,3,6,0,0,1,0,1,2,0,3,0,0,0,0,0
1975,R,clevr101,loaded,5,5,1,1,0,0,0,0,4,0,0,0,0,0,0,0,0
1975,W,clevr101,loaded,1,1,0,0,0,0,0,0,0,0,0,0,0,0,0,0,0
1975,L,clevr101,menon,5,5,3,7,1,0,1,0,3,0,0,0,1,0,0,0,0
1975,R,clevr101,menon,300,268,79,131,16,0,12,0,83,18,1,31,11,2,4,8,0
1975,W,clevr101,menon,11,10,4,8,1,0,1,0,4,1,0,2,0,0,0,0,0
1975,L,clevr101,scoring,3,3,2,6,1,0,1,0,3,0,0,0,0,0,0,0,0
1975,R,clevr101,scoring,152,128,42,75,9,0,8,0,72,14,1,14,3,1,1,8,0
1975,W,clevr101,scoring,6,5,1,4,0,0,1,0,3,1,0,1,0,0,0,0,0
1975,R,clydd101,empty,16,12,3,3,0,0,0,0,0,4,0,2,0,0,0,0,0
1975,R,clydd101,menon,13,10,3,3,0,0,0,0,1,2,0,0,2,0,1,0,0
1975,R,clydd101,scoring,6,5,2,2,0,0,0,0,1,0,0,0,1,0,1,0,0
1975,R,colbj101,empty,496,455,119,169,20,3,8,0,8,37,0,51,0,4,0,0,0
1975,R,colbj101,loaded,14,13,5,6,1,0,0,0,11,0,0,2,1,0,0,1,0
1975,R,colbj101,menon,383,341,96,146,18,1,10,0,91,28,5,28,19,1,8,5,0
1975,R,colbj101,scoring,222,190,55,83,14,1,4,0,78,22,5,18,5,0,5,5,0
1975,R,colej102,empty,489,430,115,179,27,2,11,0,11,56,0,65,0,3,0,0,0
1975,R,colej102,loaded,22,20,5,6,1,0,0,0,13,0,0,2,2,0,0,2,0
1975,R,colej102,menon,426,372,119,194,19,4,16,0,109,29,6,60,15,6,11,7,1
1975,R,colej102,scoring,255,218,67,118,9,3,12,0,95,21,6,41,6,4,5,7,0
1975,R,corbr101,empty,213,198,62,97,9,1,8,0,8,15,0,29,0,0,0,0,0
1975,R,corbr101,loaded,17,14,4,4,0,0,0,0,10,2,0,3,0,0,0,1,0
1975,R,corbr101,menon,193,158,43,68,8,1,5,0,42,23,5,20,7,2,6,4,0
1975,R,corbr101,scoring,121,94,23,33,2,1,2,0,36,19,5,14,1,2,2,4,0
1975,R,cosgm101,empty,150,129,35,48,7,0,2,0,2,21,0,15,0,0,0,0,0
1975,R,cosgm101,loaded,4,3,1,1,0,0,0,0,2,0,0,1,0,0,1,0,0
1975,R,cosgm101,menon,150,124,27,32,5,0,0,0,23,16,1,17,7,0,7,3,0
1975,R,cosgm101,scoring,85,69,13,15,2,0,0,0,22,10,1,12,3,0,3,3,0
1975,R,cramg101,empty,11,9,4,7,0,0,1,0,1,2,0,1,0,0,0,0,0
1975,R,cramg101,menon,12,12,3,6,0,0,1,0,2,0,0,1,0,0,0,0,0
1975,R,cramg101,scoring,5,5,1,4,0,0,1,0,2,0,0,1,0,0,0,0,0
1975,R,crawj102,empty,177,158,42,51,7,1,0,0,0,18,0,19,0,1,0,0,0
1975,R,crawj102,loaded,17,16,6,10,2,1,0,0,15,1,0,4,1,0,0,0,0
1975,R,crawj102,menon,203,174,50,67,13,2,0,0,46,19,4,18,11,1,7,2,0
1975,R,crawj102,scoring,134,117,34,45,9,1,0,0,42,13,4,12,2,1,1,2,0
1975,R,crosk101,empty,17,17,5,6,1,0,0,0,0,0,0,3,0,0,0,0,0
1975,R,crosk101,loaded,4,4,1,1,0,0,0,0,2,0,0,1,0,0,0,0,0
1975,R,crosk101,menon,25,17,5,5,0,0,0,0,4,7,0,3,0,0,1,0,0
1975,R,crosk101,scoring,17,11,4,4,0,0,0,0,4,6,0,2,0,0,0,0,0
1975,R,cuelm101,empty,623,567,128,191,18,3,13,0,13,56,0,73,0,0,0,0,0
1975,R,cuelm101,loaded,18,15,4,5,1,0,0,0,11,1,0,2,0,0,0,2,0
1975,R,cuelm101,menon,411,352,101,136,17,3,4,0,83,28,5,32,28,1,20,10,0
1975,R,cuelm101,scoring,214,180,54,73,8,1,3,0,76,19,5,14,4,0,5,10,0
1975,R,currl101,empty,42,37,10,19,0,0,3,0,3,5,0,2,0,0,0,0,0
1975,R,currl101,loaded,3,3,1,2,1,0,0,0,2,0,0,0,0,0,0,0,0
1975,R,currl101,menon,52,42,15,23,2,0,2,0,16,9,1,5,2,0,0,1,0
1975,R,currl101,scoring,32,27,8,16,2,0,2,0,16,4,1,4,0,0,0,1,0
1975,R,curtj001,empty,348,315,85,114,14,0,5,0,5,32,0,33,0,1,0,0,0
1975,R,curtj001,loaded,15,12,1,1,0,0,0,0,5,1,0,1,2,0,0,2,0
1975,R,curtj001,menon,297,248,66,97,5,1,8,0,51,33,6,34,14,1,8,7,0
1975,R,curtj001,scoring,178,143,31,41,1,0,3,0,38,25,6,23,4,0,3,7,0
1975,R,dacqj101,empty,67,45,8,16,2,0,2,0,2,21,0,10,0,1,0,0,0
1975,R,dacqj101,loaded,7,6,2,2,0,0,0,0,6,1,0,1,0,0,0,0,0
1975,R,dacqj101,menon,81,65,21,32,2,0,3,0,24,13,0,12,3,1,2,0,0
1975,R,dacqj101,scoring,49,40,14,20,0,0,2,0,21,8,0,8,1,0,1,0,0
1975,R,dalcb101,empty,162,145,38,44,6,0,0,0,0,13,0,21,0,4,0,0,0
1975,R,dalcb101,loaded,8,7,2,2,0,0,0,0,5,0,0,1,1,0,0,1,0
1975,R,dalcb101,menon,191,158,48,60,6,0,2,0,42,17,1,22,6,3,7,6,0
1975,R,dalcb101,scoring,138,114,26,34,2,0,2,0,38,12,1,19,5,2,4,6,0
1975,R,darcp101,empty,290,255,72,88,11,1,1,0,1,35,0,22,0,0,0,0,0
1975,W,darcp101,empty,12,11,3,6,0,0,1,0,1,1,0,1,0,0,0,0,0
1975,R,darcp101,loaded,15,14,2,5,0,0,1,1,9,0,0,3,0,0,0,1,0
1975,R,darcp101,menon,282,243,62,86,13,1,3,1,46,24,9,24,13,0,11,4,0
1975,W,darcp101,menon,5,3,0,0,0,0,0,0,1,1,0,0,0,0,0,1,0
1975,R,darcp101,scoring,161,136,31,45,6,1,2,1,43,16,9,16,3,0,5,4,0
1975,W,darcp101,scoring,2,1,0,0,0,0,0,0,1,0,0,0,0,0,0,1,0
1975,R,deckj101,empty,63,47,12,16,2,1,0,0,0,16,0,3,0,0,0,0,0
1975,R,deckj101,loaded,5,3,1,4,0,0,1,1,7,2,0,0,1,0,0,0,0
1975,R,deckj101,menon,72,49,13,22,3,0,2,1,17,20,0,5,3,0,3,0,0
1975,R,deckj101,scoring,47,29,5,9,1,0,1,1,14,15,0,4,1,0,3,0,0
1975,L,demel101,empty,5,4,1,1,0,0,0,0,0,1,0,1,0,0,0,0,0
1975,R,demel101,empty,261,234,53,70,3,1,4,0,4,25,0,33,0,2,0,0,0
1975,L,demel101,loaded,1,1,0,0,0,0,0,0,1,0,0,0,0,0,0,0,0
1975,R,demel101,loaded,8,5,2,2,0,0,0,0,7,0,0,1,0,0,0,3,0
1975,L,demel101,menon,6,5,3,6,0,0,1,0,4,0,0,0,0,0,0,1,0
1975,R,demel101,menon,207,179,42,59,6,1,3,0,38,18,6,26,12,1,5,4,0
1975,L,demel101,scoring,3,2,1,1,0,0,0,0,2,0,0,0,0,0,0,1,0
1975,R,demel101,scoring,113,97,24,35,3,1,2,0,34,11,6,20,4,0,1,4,0
1975,R,demod101,empty,230,203,48,69,4,1,5,0,5,23,0,40,0,4,0,0,0
1975,R,demod101,loaded,9,7,4,4,0,0,0,0,8,2,0,0,0,0,0,0,0
1975,R,demod101,menon,194,162,44,61,6,1,3,0,38,19,4,23,12,0,10,2,1
1975,R,demod101,scoring,106,88,24,30,3,0,1,0,31,16,4,13,4,0,0,2,0
1975,R,dennj001,empty,320,291,80,113,14,5,3,0,3,26,0,39,0,3,0,0,0
1975,R,dennj001,loaded,11,9,1,1,0,0,0,0,6,1,0,2,2,0,0,1,0
1975,R,dennj001,menon,271,242,69,98,15,4,2,0,52,25,6,33,13,0,1,3,0
1975,R,dennj001,scoring,168,145,41,63,10,3,2,0,49,19,6,24,6,0,1,3,0
1975,R,dettt101,empty,194,170,39,55,10,0,2,0,2,19,0,24,0,5,0,0,0
1975,R,dettt101,loaded,7,7,1,2,1,0,0,0,4,0,0,1,1,0,0,0,0
1975,R,dettt101,menon,179,156,49,77,8,1,6,0,50,12,4,22,12,4,5,2,0
1975,R,dettt101,scoring,118,102,31,48,6,1,3,0,43,10,4,14,6,2,2,2,0
1975,R,devia101,empty,38,32,10,11,1,0,0,0,0,5,0,5,0,1,0,0,0
1975,R,devia101,loaded,2,2,1,1,0,0,0,0,2,0,0,1,0,0,0,0,0
1975,R,devia101,menon,38,35,9,17,2,0,2,0,7,2,1,3,2,0,1,0,0
1975,R,devia101,scoring,16,14,3,6,0,0,1,0,5,2,1,2,1,0,0,0,0
1975,R,dierl101,empty,584,534,130,220,26,2,20,0,20,45,0,79,0,5,0,0,0
1975,R,dierl101,loaded,13,10,4,5,1,0,0,0,12,0,0,0,2,0,0,3,0
1975,R,dierl101,menon,398,333,95,126,17,1,4,0,74,46,6,48,26,2,7,10,0
1975,R,dierl101,scoring,240,194,50,67,8,0,3,0,69,32,6,29,9,1,3,10,0
1975,R,dobsc101,empty,68,61,16,24,2,0,2,0,2,6,0,6,0,1,0,0,0
1975,R,dobsc101,loaded,5,4,2,5,0,0,1,1,6,0,0,1,0,0,0,1,0
1975,R,dobsc101,menon,61,48,14,26,3,0,3,1,26,7,1,8,2,1,0,5,0
1975,R,dobsc101,scoring,42,30,9,14,2,0,1,1,22,7,1,7,1,0,0,5,0
1975,R,dobsp101,empty,526,481,115,178,11,5,14,0,14,45,0,73,0,0,0,0,0
1975,R,dobsp101,loaded,16,13,3,6,0,0,1,1,10,1,0,4,1,0,0,2,0
1975,R,dobsp101,menon,360,302,90,130,17,1,7,1,77,38,10,56,18,1,10,8,1
1975,R,dobsp101,scoring,210,168,49,81,9,1,7,1,72,29,10,41,3,1,4,8,0
1975,R,downa101,empty,180,163,26,41,3,0,4,0,4,16,0,22,0,1,0,0,0
1975,R,downa101,loaded,6,5,0,0,0,0,0,0,1,0,0,1,2,0,1,0,0
1975,R,downa101,menon,131,111,33,43,4,0,2,0,26,12,1,17,7,1,6,1,0
1975,R,downa101,scoring,84,72,21,25,4,0,0,0,22,8,1,12,3,1,2,1,0
1975,L,dragd101,empty,7,6,2,3,1,0,0,0,0,1,0,0,0,0,0,0,0
1975,R,dragd101,empty,152,135,28,40,6,0,2,0,2,17,0,22,0,0,0,0,0
1975,W,dragd101,empty,6,5,1,1,0,0,0,0,0,0,0,0,0,1,0,0,0
1975,R,dragd101,loaded,7,7,1,1,0,0,0,0,2,0,0,0,1,0,0,0,0
1975,L,dragd101,menon,8,8,0,0,0,0,0,0,0,0,0,2,1,0,0,0,0
1975,R,dragd101,menon,161,144,41,61,9,1,3,0,35,14,3,21,6,0,1,2,0
1975,W,dragd101,menon,10,9,2,3,1,0,0,0,2,1,1,1,0,0,0,0,0
1975,L,dragd101,scoring,3,3,0,0,0,0,0,0,0,0,0,1,1,0,0,0,0
1975,R,dragd101,scoring,106,96,23,31,5,0,1,0,29,8,3,14,1,0,0,2,0
1975,W,dragd101,scoring,8,7,2,3,1,0,0,0,2,1,1,1,0,0,0,0,0
1975,R,dresr101,empty,39,38,13,14,1,0,0,0,0,1,0,4,0,0,0,0,0
1975,R,dresr101,loaded,1,1,0,0,0,0,0,0,0,0,0,0,0,0,0,0,0
1975,R,dresr101,menon,28,24,4,4,0,0,0,0,2,3,2,2,2,0,1,0,0
1975,R,dresr101,scoring,19,16,2,2,0,0,0,0,2,3,2,1,0,0,0,0,0
1975,R,eastj001,empty,151,123,36,48,7,1,1,0,1,27,0,15,0,1,0,0,0
1975,R,eastj001,loaded,7,6,2,3,1,0,0,0,6,0,0,0,0,0,0,1,0
1975,R,eastj001,menon,168,142,37,55,6,0,4,0,35,15,2,19,9,1,7,3,0
1975,R,eastj001,scoring,100,83,19,28,3,0,2,0,30,12,2,13,2,0,2,3,0
1975,L,eastr101,empty,7,7,1,2,1,0,0,0,0,0,0,1,0,0,0,0,0
1975,R,eastr101,empty,203,189,41,54,7,0,2,0,2,13,0,35,0,1,0,0,0
1975,W,eastr101,empty,18,15,2,2,0,0,0,0,0,3,0,1,0,0,0,0,0
1975,L,eastr101,loaded,2,1,0,0,0,0,0,0,1,1,0,0,0,0,0,0,0
1975,R,eastr101,loaded,20,20,3,3,0,0,0,0,4,0,0,4,1,0,0,0,0
1975,L,eastr101,menon,8,6,1,1,0,0,0,0,1,2,0,0,0,0,0,0,0
1975,R,eastr101,menon,164,147,36,51,3,0,4,0,25,12,4,26,5,1,4,0,0
1975,W,eastr101,menon,14,13,4,10,0,0,2,0,5,0,0,3,1,0,1,0,0
1975,L,eastr101,scoring,7,5,0,0,0,0,0,0,1,2,0,0,0,0,0,0,0
1975,R,eastr101,scoring,95,83,18,25,1,0,2,0,21,11,4,15,1,0,1,0,0
1975,W,eastr101,scoring,6,6,1,4,0,0,1,0,3,0,0,3,0,0,0,0,0
1975,R,ecked001,empty,460,407,94,137,9,2,10,0,10,48,0,94,0,5,0,0,0
1975,R,ecked001,loaded,14,11,0,0,0,0,0,0,3,1,0,5,0,1,0,1,0
1975,R,ecked001,menon,334,277,53,83,12,0,6,0,49,42,8,58,6,2,6,7,0
1975,R,ecked001,scoring,178,141,25,37,6,0,2,0,38,27,8,33,2,2,1,7,0
1975,L,ellid101,empty,5,5,1,1,0,0,0,0,0,0,0,2,0,0,0,0,0
1975,R,ellid101,empty,324,300,92,137,16,1,9,0,9,22,0,33,0,2,0,0,0
1975,R,ellid101,loaded,12,12,4,4,0,0,0,0,7,0,0,2,0,0,0,0,0
1975,L,ellid101,menon,3,3,1,1,0,0,0,0,0,0,0,0,0,0,0,0,0
1975,R,ellid101,menon,297,259,71,89,16,1,0,0,54,21,9,36,10,1,9,7,0
1975,L,ellid101,scoring,1,1,0,0,0,0,0,0,0,0,0,0,0,0,0,0,0
1975,R,ellid101,scoring,176,151,43,54,11,0,0,0,52,16,9,20,2,0,2,7,0
1975,R,espin101,empty,7,7,2,4,0,1,0,0,0,0,0,1,0,0,0,0,0
1975,R,espin101,loaded,2,2,1,1,0,0,0,0,2,0,0,0,0,0,0,0,0
1975,R,espin101,menon,11,10,6,6,0,0,0,0,6,1,0,1,0,0,0,0,0
1975,R,espin101,scoring,8,7,5,5,0,0,0,0,6,1,0,1,0,0,0,0,0
1975,R,falcp001,empty,450,397,97,140,15,5,6,0,6,50,0,76,0,3,0,0,0
1975,R,falcp001,loaded,19,18,8,12,1,0,1,1,19,0,0,2,1,0,0,1,0
1975,R,falcp001,menon,386,305,74,122,14,2,10,1,77,61,7,55,14,1,13,6,0
1975,R,falcp001,scoring,224,171,42,64,9,2,3,1,61,41,7,33,7,0,6,6,0
1975,R,figue101,empty,602,561,126,174,22,1,8,0,8,39,0,80,0,2,0,0,0
1975,R,figue101,loaded,29,28,2,2,0,0,0,0,7,0,0,7,1,0,0,1,0
1975,R,figue101,menon,412,353,87,124,15,2,6,0,64,45,6,59,23,3,4,6,1
1975,R,figue101,scoring,258,211,45,69,8,2,4,0,59,37,6,41,11,2,1,6,1
1975,L,fingr001,empty,7,7,3,7,1,0,1,0,1,0,0,1,0,0,0,0,0
1975,R,fingr001,empty,261,249,54,94,10,0,10,0,10,9,0,57,0,3,0,0,0
1975,R,fingr001,loaded,13,8,4,5,1,0,0,0,12,0,0,3,1,2,0,3,0
1975,L,fingr001,menon,9,6,2,2,0,0,0,0,2,1,1,2,1,0,2,0,0
1975,R,fingr001,menon,232,197,41,61,9,1,3,0,45,24,5,58,10,3,4,4,0
1975,L,fingr001,scoring,7,5,2,2,0,0,0,0,2,1,1,2,0,0,1,0,0
1975,R,fingr001,scoring,158,128,26,37,6,1,1,0,39,21,5,40,2,3,2,4,0
1975,R,fitza101,empty,594,554,141,213,34,4,10,0,10,36,0,55,0,4,0,0,0
1975,R,fitza101,loaded,10,10,3,4,1,0,0,0,5,0,0,1,2,0,0,0,0
1975,R,fitza101,menon,420,362,98,136,12,4,6,0,79,40,6,23,28,1,10,7,0
1975,R,fitza101,scoring,252,212,52,67,7,1,2,0,63,26,5,16,9,1,6,7,0
1975,R,flanm001,empty,27,23,5,6,1,0,0,0,0,4,0,3,0,0,0,0,0
1975,R,flanm001,menon,15,13,4,5,1,0,0,0,1,2,1,4,1,0,0,0,0
1975,R,flanm001,scoring,7,5,1,2,1,0,0,0,1,2,1,1,0,0,0,0,0
1975,R,folkr101,empty,315,297,81,116,19,2,4,0,4,18,0,40,0,0,0,0,0
1975,R,folkr101,loaded,17,16,3,4,1,0,0,0,7,1,0,6,0,0,0,0,0
1975,R,folkr101,menon,299,260,74,105,13,3,4,0,60,21,3,47,13,1,11,6,0
1975,R,folkr101,scoring,195,167,36,46,5,1,1,0,48,18,3,33,5,0,4,6,0
1975,R,forsb001,empty,543,500,123,175,20,1,10,0,10,40,0,62,0,3,0,0,0
1975,R,forsb001,loaded,11,10,2,2,0,0,0,0,6,0,0,1,1,0,0,1,0
1975,R,forsb001,menon,415,370,90,116,8,3,4,0,71,30,8,46,26,0,6,7,2
1975,R,forsb001,scoring,215,185,47,61,4,2,2,0,65,22,8,17,7,0,1,7,0
1975,R,forsk001,empty,250,236,63,89,8,0,6,0,6,14,0,28,0,0,0,0,0
1975,R,forsk001,loaded,17,12,5,9,1,0,1,1,15,2,0,2,2,0,0,3,0
1975,R,forsk001,menon,201,175,51,69,9,0,3,1,43,16,3,26,12,2,2,6,0
1975,R,forsk001,scoring,119,98,24,36,6,0,2,1,40,13,3,16,6,2,0,6,0
1975,R,forst001,empty,73,63,16,18,2,0,0,0,0,10,0,18,0,0,0,0,0
1975,R,forst001,loaded,6,6,2,4,0,1,0,0,6,0,0,1,1,0,0,0,0
1975,R,forst001,menon,82,64,14,18,0,2,0,0,14,14,4,14,5,0,4,0,0
1975,R,forst001,scoring,58,43,11,13,0,1,0,0,13,13,4,8,2,0,2,0,0
1975,R,fosta101,empty,97,88,25,33,4,2,0,0,0,9,0,7,0,0,0,0,0
1975,R,fosta101,loaded,8,8,2,5,0,0,1,1,8,0,0,2,0,0,0,0,0
1975,R,fosta101,menon,96,80,16,25,2,2,1,1,15,12,5,13,3,0,3,1,0
1975,R,fosta101,scoring,60,49,9,13,1,0,1,1,13,10,5,11,0,0,0,1,0
1975,R,foucs101,empty,200,177,41,62,6,3,3,0,3,20,0,34,0,3,0,0,0
1975,R,foucs101,loaded,20,15,4,7,1,1,0,0,15,1,0,1,1,0,0,4,0
1975,R,foucs101,menon,263,208,55,88,10,1,7,0,71,35,15,22,9,1,12,7,0
1975,R,foucs101,scoring,186,147,35,53,4,1,4,0,59,30,15,14,7,1,1,7,0
1975,R,fraik101,empty,109,94,29,44,1,4,2,0,2,14,0,14,0,1,0,0,0
1975,R,fraik101,loaded,9,8,2,2,0,0,0,0,4,1,0,2,0,0,0,0,0
1975,R,fraik101,menon,135,114,32,50,6,0,4,0,38,12,2,25,3,1,6,2,0
1975,R,fraik101,scoring,80,70,19,30,2,0,3,0,34,7,2,15,1,0,1,2,0
1975,R,freid101,empty,408,367,113,149,13,1,7,0,7,38,0,37,0,3,0,0,0
1975,R,freid101,loaded,19,17,5,5,0,0,0,0,13,2,0,2,1,0,0,0,0
1975,R,freid101,menon,417,346,93,125,12,4,4,0,73,44,9,40,17,4,18,5,0
1975,R,freid101,scoring,251,200,48,63,5,2,2,0,65,37,9,29,4,2,7,5,0
1975,R,frisd101,empty,201,181,49,71,8,1,4,0,4,19,0,29,0,1,0,0,0
1975,R,frisd101,loaded,14,11,2,2,0,0,0,0,8,1,0,3,0,0,0,2,0
1975,R,frisd101,menon,221,176,37,54,6,1,3,0,39,32,16,38,6,1,6,6,0
1975,R,frisd101,scoring,159,126,23,32,3,0,2,0,33,26,16,29,3,1,0,6,0
1975,R,frymw101,empty,372,337,76,113,6,5,7,0,7,32,0,70,0,2,0,0,1
1975,R,frymw101,loaded,21,21,5,6,1,0,0,0,10,0,0,4,2,0,0,0,0
1975,R,frymw101,menon,299,251,65,90,8,4,3,0,51,36,7,48,13,3,8,1,0
1975,R,frymw101,scoring,163,128,32,42,3,2,1,0,41,27,7,20,8,2,5,1,0
1975,R,garbg001,empty,237,225,55,82,7,1,6,0,6,11,0,35,0,1,0,0,0
1975,R,garbg001,loaded,17,17,6,6,0,0,0,0,12,0,0,2,2,0,0,0,0
1975,R,garbg001,menon,211,184,49,77,7,0,7,0,56,16,11,34,9,1,8,2,0
1975,R,garbg001,scoring,130,110,31,41,4,0,2,0,45,15,11,16,4,1,2,2,0
1975,R,garlw101,empty,196,182,46,69,6,1,5,0,5,14,0,21,0,0,0,0,0
1975,R,garlw101,loaded,8,4,1,2,1,0,0,0,7,1,0,1,0,0,0,3,0
1975,R,garlw101,menon,163,135,34,48,6,1,2,0,34,17,6,25,9,1,5,5,0
1975,R,garlw101,scoring,103,86,22,27,2,0,1,0,30,10,6,21,4,1,1,5,0
1975,R,garmm101,empty,149,134,30,37,1,0,2,0,2,14,0,25,0,1,0,0,0
1975,R,garmm101,loaded,29,24,7,10,0,0,1,1,23,1,0,6,0,0,1,3,0
1975,R,garmm101,menon,206,161,43,54,4,2,1,1,54,34,23,23,8,0,6,4,1
1975,R,garmm101,scoring,148,111,31,41,3,2,1,1,54,31,23,15,3,0,2,4,0
1975,R,gentg101,empty,52,45,8,16,2,0,2,0,2,7,0,7,0,0,0,0,0
1975,R,gentg101,loaded,3,3,1,1,0,0,0,0,2,0,0,1,1,0,0,0,0
1975,R,gentg101,menon,38,35,17,23,1,1,1,0,10,1,1,3,3,0,1,1,0
1975,R,gentg101,scoring,24,22,9,11,0,1,0,0,8,1,1,3,1,0,0,1,0
1975,R,gibsb101,empty,249,217,61,86,8,1,5,0,5,30,0,36,0,2,0,0,0
1975,R,gibsb101,loaded,21,21,6,14,2,0,2,2,15,0,0,2,2,0,0,0,0
1975,R,gibsb101,menon,250,201,59,88,10,2,5,2,53,32,6,24,8,2,12,3,0
1975,R,gibsb101,scoring,164,127,32,47,7,1,2,2,44,28,6,16,5,2,4,3,0
1975,R,gidej101,empty,12,10,4,7,0,0,1,0,1,2,0,2,0,0,0,0,0
1975,R,gidej101,loaded,1,1,0,0,0,0,0,0,1,0,0,0,0,0,0,0,0
1975,R,gidej101,menon,17,14,3,3,0,0,0,0,4,3,0,0,1,0,0,0,0
1975,R,gidej101,scoring,11,10,3,3,0,0,0,0,4,1,0,0,0,0,0,0,0
1975,L,giusd101,empty,3,3,0,0,0,0,0,0,0,0,0,1,0,0,0,0,0
1975,R,giusd101,empty,185,169,41,59,10,1,2,0,2,16,0,17,0,0,0,0,0
1975,R,giusd101,loaded,15,13,5,6,1,0,0,0,11,1,0,0,1,0,1,0,0
1975,L,giusd101,menon,1,1,0,0,0,0,0,0,0,0,0,0,0,0,0,0,0
1975,R,giusd101,menon,204,165,38,50,3,3,1,0,39,26,17,21,8,0,11,2,0
1975,L,giusd101,scoring,1,1,0,0,0,0,0,0,0,0,0,0,0,0,0,0,0
1975,R,giusd101,scoring,141,110,26,35,2,2,1,0,37,22,17,16,3,0,7,2,0
1975,R,glyne001,empty,32,24,4,5,1,0,0,0,0,8,0,5,0,0,0,0,0
1975,R,glyne001,loaded,1,1,0,0,0,0,0,0,1,0,0,0,0,0,0,0,0
1975,R,glyne001,menon,27,26,7,12,0,1,1,0,9,0,0,3,2,0,0,1,0
1975,R,glyne001,scoring,17,16,4,6,0,1,0,0,7,0,0,3,0,0,0,1,0
1975,R,gogob101,empty,116,105,32,50,7,1,3,0,3,11,0,22,0,0,0,0,0
1975,R,gogob101,loaded,10,10,3,6,0,0,1,1,8,0,0,2,0,0,0,0,0
1975,R,gogob101,menon,129,104,29,43,6,1,2,1,28,17,3,15,6,1,6,1,0
1975,R,gogob101,scoring,87,69,19,26,4,0,1,1,23,14,3,12,1,0,3,1,0
1975,R,goltd101,empty,605,564,138,202,21,5,11,0,11,38,0,86,0,3,0,0,0
1975,R,goltd101,loaded,8,7,2,5,0,0,1,1,7,1,0,2,1,0,0,0,0
1975,R,goltd101,menon,410,358,97,141,13,5,7,1,82,34,2,42,31,3,12,3,0
1975,R,goltd101,scoring,248,214,49,72,5,3,4,1,69,23,2,29,11,2,6,3,0
1975,R,gossr001,empty,254,229,49,57,5,0,1,0,1,23,0,67,0,2,0,0,0
1975,R,gossr001,loaded,28,25,5,7,2,0,0,0,12,3,0,10,0,0,0,0,0
1975,R,gossr001,menon,329,264,50,67,5,3,2,0,51,47,15,63,11,3,15,0,0
1975,R,gossr001,scoring,226,186,38,51,5,1,2,0,49,32,15,51,7,2,6,0,0
1975,R,granw101,empty,150,143,39,60,7,1,4,0,4,6,0,18,0,1,0,0,0
1975,R,granw101,loaded,18,15,5,8,1,1,0,0,13,2,0,1,3,0,0,1,0
1975,R,granw101,menon,171,142,37,54,4,2,3,0,38,17,7,12,8,3,6,3,0
1975,R,granw101,scoring,117,96,21,29,3,1,1,0,33,14,7,10,7,2,2,3,0
1975,R,greib101,empty,143,132,33,50,8,0,3,0,3,9,0,19,0,2,0,0,0
1975,R,greib101,loaded,30,26,7,9,0,1,0,0,18,3,0,4,1,0,0,1,0
1975,R,greib101,menon,188,143,41,60,3,2,4,0,44,29,17,24,5,3,11,2,0
1975,R,greib101,scoring,145,112,25,34,1,1,2,0,39,26,17,23,3,2,3,2,0
1975,R,grift101,empty,176,155,49,76,4,1,7,0,7,20,0,26,0,0,0,0,1
1975,R,grift101,loaded,8,8,2,5,0,0,1,1,5,0,0,1,0,0,0,0,0
1975,R,grift101,menon,187,153,40,61,7,1,4,1,37,26,5,30,11,2,6,0,0
1975,R,grift101,scoring,115,97,31,51,6,1,4,1,36,16,5,22,1,1,1,0,0
1975,R,grils101,empty,10,8,2,2,0,0,0,0,0,2,0,3,0,0,0,0,0
1975,R,grils101,loaded,6,5,0,0,0,0,0,0,1,0,0,2,1,0,0,1,0
1975,R,grils101,menon,19,14,1,1,0,0,0,0,2,4,1,2,1,0,0,1,0
1975,R,grils101,scoring,12,8,1,1,0,0,0,0,2,3,1,2,1,0,0,1,0
1975,R,grimr101,empty,517,488,132,225,30,3,19,0,19,28,0,51,0,1,0,0,0
1975,R,grimr101,loaded,4,4,1,2,1,0,0,0,4,0,0,0,1,0,0,0,0
1975,R,grimr101,menon,305,273,78,123,13,1,10,0,67,19,1,38,23,0,9,4,0
1975,R,grimr101,scoring,177,153,43,59,4,0,4,0,50,15,1,23,8,0,5,4,0
1975,R,guidr001,empty,33,27,7,8,1,0,0,0,0,5,0,7,0,1,0,0,0
1975,R,guidr001,loaded,2,1,0,0,0,0,0,0,1,1,0,0,0,0,0,0,0
1975,R,guidr001,menon,36,31,8,10,2,0,0,0,5,4,0,8,0,0,0,1,0
1975,R,guidr001,scoring,15,12,3,4,1,0,0,0,4,2,0,3,0,0,0,1,0
1975,L,gulld101,empty,23,20,3,3,0,0,0,0,0,2,0,3,0,1,0,0,0
1975,R,gulld101,empty,399,363,74,102,9,2,5,0,5,35,0,61,0,1,0,0,0
1975,W,gulld101,empty,44,39,9,12,1,1,0,0,0,5,0,9,0,0,0,0,0
1975,R,gulld101,loaded,15,13,3,3,0,0,0,0,8,0,0,2,3,0,0,2,0
1975,W,gulld101,loaded,6,4,1,1,0,0,0,0,3,2,0,2,0,0,0,0,0
1975,L,gulld101,menon,14,14,5,6,1,0,0,0,3,0,0,2,0,0,0,0,0
1975,R,gulld101,menon,249,219,53,79,8,0,6,0,38,21,4,37,11,1,4,4,0
1975,W,gulld101,menon,39,31,10,12,2,0,0,0,6,5,2,6,0,0,2,1,0
1975,L,gulld101,scoring,7,7,2,2,0,0,0,0,2,0,0,1,0,0,0,0,0
1975,R,gulld101,scoring,118,100,22,32,4,0,2,0,28,13,4,15,4,1,0,4,0
1975,W,gulld101,scoring,25,19,5,6,1,0,0,0,6,5,2,5,0,0,0,1,0
1975,R,gural001,empty,371,344,95,136,10,2,9,0,9,26,0,38,0,1,0,0,0
1975,R,gural001,loaded,11,10,3,4,1,0,0,0,8,0,0,0,0,0,0,1,0
1975,R,gural001,menon,269,243,78,101,9,1,4,0,50,15,1,28,18,2,5,4,0
1975,R,gural001,scoring,141,125,36,49,4,0,3,0,45,10,1,20,8,1,1,4,0
1975,R,halie101,empty,371,342,78,113,18,4,3,0,3,27,0,80,0,2,0,0,0
1975,R,halie101,loaded,13,9,1,1,0,0,0,0,8,1,0,2,1,0,0,3,0
1975,R,halie101,menon,308,254,65,86,10,1,3,0,58,32,7,73,7,1,11,10,0
1975,R,halie101,scoring,202,166,44,59,7,1,2,0,53,22,7,49,4,1,3,10,0
1975,R,hallt101,empty,145,128,30,56,2,0,8,0,8,14,0,29,0,3,0,0,0
1975,R,hallt101,loaded,10,5,0,0,0,0,0,0,5,3,0,3,0,0,0,2,0
1975,R,hallt101,menon,136,108,30,43,5,1,2,0,22,19,3,22,5,0,7,2,0
1975,R,hallt101,scoring,79,62,13,22,1,1,2,0,19,13,3,15,4,0,2,2,0
1975,R,hamid101,empty,207,184,53,76,9,1,4,0,4,23,0,30,0,0,0,0,0
1975,R,hamid101,loaded,13,13,1,1,0,0,0,0,2,0,0,2,1,0,0,0,0
1975,R,hamid101,menon,251,217,52,73,5,2,4,0,48,24,3,41,8,0,8,2,0
1975,R,hamid101,scoring,151,131,32,49,3,1,4,0,45,14,3,24,5,0,4,2,0
1975,R,handb101,empty,284,268,73,121,17,2,9,0,9,14,0,44,0,2,0,0,0
1975,R,handb101,loaded,0,0,0,0,0,0,0,0,0,0,0,0,0,0,0,0,0
1975,R,handb101,menon,185,168,45,65,7,2,3,0,37,14,1,23,12,1,0,2,0
1975,R,handb101,scoring,117,102,27,37,5,1,1,0,30,12,1,20,5,1,0,2,0
1975,R,hannp101,empty,11,9,3,3,0,0,0,0,0,1,0,1,0,1,0,0,0
1975,R,hannp101,loaded,1,1,0,0,0,0,0,0,0,0,0,0,0,0,0,0,0
1975,R,hannp101,menon,19,14,4,5,1,0,0,0,2,4,0,1,0,1,0,0,0
1975,R,hannp101,scoring,10,7,2,2,0,0,0,0,2,3,0,0,0,0,0,0,0
1975,R,hardl101,empty,9,7,4,10,0,0,2,0,2,2,0,3,0,0,0,0,0
1975,R,hardl101,menon,9,9,4,7,0,0,1,0,6,0,0,0,1,0,0,0,0
1975,R,hardl101,scoring,5,5,4,7,0,0,1,0,6,0,0,0,0,0,0,0,0
1975,R,hargs101,empty,451,418,114,155,18,1,7,0,7,32,0,57,0,1,0,0,0
1975,R,hargs101,loaded,10,8,1,1,0,0,0,0,6,0,0,1,1,0,0,2,0
1975,R,hargs101,menon,371,320,89,143,16,4,10,0,81,30,7,36,16,5,11,5,0
1975,R,hargs101,scoring,224,189,50,74,9,3,3,0,63,26,7,24,8,3,1,5,0
1975,R,harrr102,empty,445,407,112,178,24,3,12,0,12,36,0,44,0,2,0,0,0
1975,R,harrr102,loaded,7,6,1,1,0,0,0,0,5,0,0,1,0,0,0,1,0
1975,R,harrr102,menon,353,310,83,122,19,4,4,0,77,29,5,30,13,2,7,5,0
1975,R,harrr102,scoring,214,185,51,74,13,2,2,0,66,22,5,22,2,1,1,5,0
1975,R,hassa001,empty,290,255,72,91,11,1,2,0,2,32,0,44,0,3,0,0,0
1975,R,hassa001,loaded,14,12,4,5,1,0,0,0,12,1,0,3,0,0,0,1,0
1975,R,hassa001,menon,307,267,86,135,15,2,10,0,88,21,0,38,21,3,9,7,0
1975,R,hassa001,scoring,189,164,53,87,11,1,7,0,80,14,0,28,10,2,2,7,0
1975,R,haust101,empty,237,214,65,93,11,1,5,0,5,20,0,20,0,3,0,0,0
1975,R,haust101,loaded,19,15,2,2,0,0,0,0,10,3,0,1,1,0,0,1,0
1975,R,haust101,menon,254,212,45,63,12,0,2,0,41,27,7,26,9,3,10,2,0
1975,R,haust101,scoring,167,133,21,31,4,0,2,0,37,26,7,22,6,2,4,2,0
1975,R,heavd101,empty,128,109,29,42,5,1,2,0,2,18,0,21,0,1,0,0,0
1975,R,heavd101,loaded,6,6,3,5,0,1,0,0,7,0,0,0,1,0,0,0,0
1975,R,heavd101,menon,147,128,33,41,4,2,0,0,23,13,4,14,8,0,5,1,0
1975,R,heavd101,scoring,89,77,18,23,3,1,0,0,21,10,4,7,4,0,1,1,0
1975,L,hernr102,empty,2,2,2,2,0,0,0,0,0,0,0,0,0,0,0,0,0
1975,R,hernr102,empty,129,121,26,35,7,1,0,0,0,8,0,15,0,0,0,0,0
1975,R,hernr102,loaded,18,16,3,5,2,0,0,0,8,1,0,2,1,0,0,1,0
1975,L,hernr102,menon,3,2,1,2,1,0,0,0,2,0,0,0,0,0,0,1,0
1975,R,hernr102,menon,151,125,36,50,10,2,0,0,30,20,14,28,2,0,3,3,0
1975,L,hernr102,scoring,2,1,0,0,0,0,0,0,1,0,0,0,0,0,0,1,0
1975,R,hernr102,scoring,106,84,19,26,5,1,0,0,28,19,14,21,2,0,0,3,0
1975,R,hilgt101,empty,208,192,49,72,7,2,4,0,4,15,0,28,0,1,0,0,0
1975,R,hilgt101,loaded,19,16,2,4,2,0,0,0,8,1,0,2,1,0,0,2,0
1975,R,hilgt101,menon,196,161,33,45,6,0,2,0,24,23,3,24,7,0,7,5,0
1975,R,hilgt101,scoring,126,101,15,20,5,0,0,0,19,18,3,18,2,0,2,5,0
1975,R,hillj101,empty,132,119,30,46,4,0,4,0,4,13,0,39,0,0,0,0,0
1975,R,hillj101,loaded,18,15,3,3,0,0,0,0,7,1,0,6,2,0,0,2,0
1975,R,hillj101,menon,163,135,22,32,4,0,2,0,24,23,4,48,4,0,2,3,0
1975,R,hillj101,scoring,112,95,16,22,3,0,1,0,22,12,4,36,2,0,2,3,0
1975,R,hintr101,empty,84,75,16,24,2,0,2,0,2,9,0,16,0,0,0,0,0
1975,R,hintr101,loaded,1,1,0,0,0,0,0,0,0,0,0,0,0,0,0,0,0
1975,R,hintr101,menon,86,77,25,30,1,2,0,0,22,6,1,14,1,0,1,2,0
1975,R,hintr101,scoring,56,50,17,22,1,2,0,0,22,4,1,8,0,0,0,2,0
1975,R,hockc101,empty,95,84,25,36,4,2,1,0,1,10,0,7,0,1,0,0,0
1975,R,hockc101,loaded,4,4,1,1,0,0,0,0,2,0,0,1,0,0,0,0,0
1975,R,hockc101,menon,90,78,23,39,8,1,2,0,25,9,2,8,10,2,0,1,0
1975,R,hockc101,scoring,56,47,15,26,6,1,1,0,22,6,2,7,1,2,0,1,0
1975,R,hoerj101,empty,33,33,13,21,2,0,2,0,2,0,0,9,0,0,0,0,0
1975,R,hoerj101,loaded,5,5,1,1,0,0,0,0,2,0,0,1,0,0,0,0,0
1975,R,hoerj101,menon,63,51,12,18,3,0,1,0,11,8,2,11,1,1,1,2,0
1975,R,hoerj101,scoring,46,37,7,9,2,0,0,0,8,6,2,9,1,1,0,2,0
1975,L,holtk101,empty,30,29,6,8,2,0,0,0,0,1,0,5,0,0,0,0,0
1975,R,holtk101,empty,667,587,119,171,26,1,8,0,8,77,0,69,0,3,0,0,0
1975,R,holtk101,loaded,15,13,4,7,0,0,1,1,12,1,0,2,1,0,0,1,0
1975,L,holtk101,menon,18,17,6,8,2,0,0,0,3,0,0,2,0,0,1,0,0
1975,R,holtk101,menon,443,392,98,141,13,3,8,1,81,31,1,53,14,4,8,8,0
1975,L,holtk101,scoring,8,7,3,4,1,0,0,0,3,0,0,1,0,0,1,0,0
1975,R,holtk101,scoring,246,213,53,82,8,3,5,1,72,18,1,37,5,3,4,8,0
1975,R,hoodd101,empty,337,300,78,114,13,1,7,0,7,37,0,36,0,0,0,0,0
1975,R,hoodd101,loaded,2,1,1,1,0,0,0,0,2,0,0,0,0,0,0,1,0
1975,R,hoodd101,menon,235,207,58,93,6,1,9,0,57,20,6,15,16,0,5,3,0
1975,R,hoodd101,scoring,123,107,36,68,6,1,8,0,55,12,6,7,4,0,1,3,0
1975,R,hootb001,empty,586,547,114,175,23,1,12,0,12,39,0,102,0,0,0,0,0
1975,R,hootb001,loaded,13,11,3,3,0,0,0,0,7,2,0,3,1,0,0,0,0
1975,R,hootb001,menon,363,321,76,110,14,1,6,0,65,29,2,51,13,0,8,5,0
1975,R,hootb001,scoring,193,168,40,58,7,1,3,0,56,18,2,31,3,0,2,5,0
1975,R,hougc001,empty,133,116,20,31,3,1,2,0,2,13,0,17,0,4,0,0,0
1975,R,hougc001,loaded,8,7,2,2,0,0,0,0,3,1,0,2,0,0,0,0,0
1975,R,hougc001,menon,131,104,23,30,4,0,1,0,18,20,0,17,3,4,3,0,0
1975,R,hougc001,scoring,98,77,15,22,4,0,1,0,18,16,0,17,2,3,2,0,0
1975,R,houst101,empty,163,148,36,44,2,0,2,0,2,15,0,21,0,0,0,0,0
1975,R,houst101,loaded,13,11,1,1,0,0,0,0,5,1,0,2,2,0,0,1,0
1975,R,houst101,menon,188,154,43,54,11,0,0,0,35,21,10,15,8,2,9,2,0
1975,R,houst101,scoring,123,98,24,30,6,0,0,0,34,18,10,11,4,0,5,2,0
1975,R,hraba101,empty,191,181,37,53,10,0,2,0,2,9,0,44,0,1,0,0,0
1975,R,hraba101,loaded,15,12,2,2,0,0,0,0,5,2,0,3,1,0,0,1,0
1975,R,hraba101,menon,203,170,35,44,2,2,1,0,33,24,8,38,6,0,5,4,0
1975,R,hraba101,scoring,128,105,23,29,1,1,1,0,31,18,8,24,3,0,1,4,0
1975,R,hudsc101,empty,11,8,1,1,0,0,0,0,0,3,0,0,0,0,0,0,0
1975,R,hudsc101,loaded,3,3,2,3,1,0,0,0,5,0,0,0,0,0,0,0,0
1975,R,hudsc101,menon,18,15,6,7,1,0,0,0,7,1,0,0,0,0,2,0,0
1975,R,hudsc101,scoring,14,12,5,6,1,0,0,0,7,1,0,0,0,0,1,0,0
1975,R,hughj104,empty,590,519,126,185,20,6,9,0,9,59,0,75,0,12,0,0,0
1975,R,hughj104,loaded,28,25,6,7,1,0,0,0,17,3,0,4,4,0,0,0,0
1975,R,hughj104,menon,510,427,115,154,9,3,8,0,88,68,3,55,22,1,11,3,0
1975,R,hughj104,scoring,313,259,61,76,4,1,3,0,73,44,3,33,12,0,7,3,0
1975,R,huntj101,empty,827,773,157,240,26,3,17,0,17,52,0,113,0,2,0,0,0
1975,R,huntj101,loaded,12,8,3,3,0,0,0,0,9,1,0,2,0,0,0,3,0
1975,R,huntj101,menon,467,418,91,131,12,2,8,0,73,31,4,64,17,3,7,8,0
1975,R,huntj101,scoring,241,210,46,70,6,0,6,0,63,20,4,35,2,2,1,8,0
1975,R,jackg101,empty,78,72,21,29,3,1,1,0,1,5,0,14,0,1,0,0,0
1975,R,jackg101,loaded,10,8,1,1,0,0,0,0,5,2,0,3,0,0,0,0,0
1975,R,jackg101,menon,124,102,21,31,4,0,2,0,25,16,6,25,3,0,3,3,0
1975,R,jackg101,scoring,80,63,13,19,3,0,1,0,23,13,6,20,1,0,1,3,0
1975,R,jeffj101,empty,277,215,59,107,11,5,9,0,9,61,0,32,0,1,0,0,0
1975,R,jeffj101,loaded,10,9,5,5,0,0,0,0,10,1,0,3,0,0,0,0,0
1975,R,jeffj101,menon,261,208,46,60,6,1,2,0,47,41,3,39,7,1,7,4,0
1975,R,jeffj101,scoring,162,129,31,41,5,1,1,0,45,27,3,25,3,0,2,4,0
1975,R,jenkf101,empty,698,668,165,279,22,4,28,0,28,24,0,100,0,6,0,0,0
1975,R,jenkf101,loaded,17,15,6,10,1,0,1,1,17,0,0,1,0,1,0,1,0
1975,R,jenkf101,menon,421,373,96,149,20,3,9,1,91,32,7,57,17,3,9,4,0
1975,R,jenkf101,scoring,244,212,58,93,14,3,5,1,81,22,7,31,1,3,3,4,0
1975,R,johnd104,empty,17,13,3,3,0,0,0,0,0,4,0,1,0,0,0,0,0
1975,R,johnd104,loaded,3,3,2,2,0,0,0,0,4,0,0,1,0,0,0,0,0
1975,R,johnd104,menon,24,19,5,6,1,0,0,0,8,3,1,3,0,0,2,0,0
1975,R,johnd104,scoring,19,15,5,6,1,0,0,0,8,2,1,3,0,0,2,0,0
1975,R,johnj104,empty,126,108,27,38,3,1,2,0,2,18,0,11,0,0,0,0,0
1975,R,johnj104,loaded,4,3,0,0,0,0,0,0,1,1,0,1,1,0,0,0,0
1975,R,johnj104,menon,124,105,33,45,3,3,1,0,28,13,3,7,6,0,3,3,0
1975,R,johnj104,scoring,73,59,18,24,2,2,0,0,24,10,3,5,3,0,1,3,0
1975,R,johnt103,empty,71,63,17,25,2,0,2,0,2,8,0,5,0,0,0,0,0
1975,R,johnt103,loaded,12,10,4,5,1,0,0,0,11,1,0,1,1,0,0,1,0
1975,R,johnt103,menon,108,89,23,34,3,1,2,0,31,13,4,12,2,2,2,2,0
1975,R,johnt103,scoring,68,55,17,21,1,0,1,0,28,10,4,4,2,1,0,2,0
1975,R,joneo001,empty,9,9,1,1,0,0,0,0,0,0,0,1,0,0,0,0,0
1975,R,joneo001,menon,1,1,0,0,0,0,0,0,0,0,0,1,0,0,0,0,0
1975,R,joner101,empty,697,662,150,201,20,2,9,0,9,35,0,66,0,0,0,0,0
1975,R,joner101,loaded,12,10,1,1,0,0,0,0,5,0,0,3,2,0,0,2,0
1975,R,joner101,menon,427,383,92,132,12,2,8,0,75,21,9,37,35,0,15,8,0
1975,R,joner101,scoring,246,217,49,72,9,1,4,0,66,17,9,24,11,0,4,8,0
1975,R,kaatj101,empty,737,683,188,256,26,3,12,0,12,48,0,86,0,6,0,0,0
1975,R,kaatj101,loaded,15,11,4,7,0,0,1,1,14,2,0,0,1,0,0,2,0
1975,R,kaatj101,menon,542,489,133,188,25,3,8,1,93,29,0,56,31,3,11,10,0
1975,R,kaatj101,scoring,264,233,59,83,12,0,4,1,75,15,0,28,9,2,4,10,0
1975,R,kekim101,empty,59,48,10,10,0,0,0,0,0,11,0,11,0,0,0,0,0
1975,R,kekim101,loaded,6,5,2,2,0,0,0,0,5,1,0,1,1,0,0,0,0
1975,R,kekim101,menon,83,69,23,32,1,1,2,0,24,10,2,8,7,0,3,1,0
1975,R,kekim101,scoring,47,40,13,19,0,0,2,0,22,5,2,2,3,0,1,1,0
1975,R,kernj001,empty,170,145,34,51,5,0,4,0,4,22,0,30,0,3,0,0,0
1975,R,kernj001,loaded,6,6,1,1,0,0,0,0,2,0,0,0,1,0,0,0,0
1975,R,kernj001,menon,141,113,26,31,2,0,1,0,20,23,3,25,9,2,2,1,0
1975,R,kernj001,scoring,84,66,14,14,0,0,0,0,17,16,3,19,6,1,0,1,0
1975,R,kirbc101,empty,267,238,64,115,12,6,9,0,9,26,0,24,0,3,0,0,0
1975,R,kirbc101,loaded,10,7,2,4,0,1,0,0,9,3,0,0,0,0,0,0,0
1975,R,kirbc101,menon,231,190,49,71,8,1,4,0,45,28,3,24,9,2,9,2,0
1975,R,kirbc101,scoring,150,122,29,38,4,1,1,0,37,20,3,15,7,2,4,2,0
1975,R,kirkd101,empty,165,153,41,58,5,0,4,0,4,12,0,26,0,0,0,0,0
1975,R,kirkd101,loaded,16,13,3,3,0,0,0,0,10,1,0,2,1,0,0,2,0
1975,R,kirkd101,menon,191,162,44,59,5,2,2,0,47,16,2,23,7,0,6,7,0
1975,R,kirkd101,scoring,137,114,27,39,5,2,1,0,45,14,2,20,3,0,2,7,0
1975,L,kisob001,empty,3,2,1,1,0,0,0,0,0,1,0,1,0,0,0,0,0
1975,R,kisob001,empty,453,397,91,145,21,3,9,0,9,53,0,56,0,3,0,0,0
1975,R,kisob001,loaded,14,10,4,4,0,0,0,0,13,2,0,0,1,0,0,2,0
1975,L,kisob001,menon,4,4,1,1,0,0,0,0,1,0,0,0,2,0,0,0,0
1975,R,kisob001,menon,366,308,69,87,11,2,1,0,62,39,9,33,19,1,11,7,0
1975,L,kisob001,scoring,2,2,1,1,0,0,0,0,1,0,0,0,0,0,0,0,0
1975,R,kisob001,scoring,210,173,42,52,5,1,1,0,59,25,9,23,8,0,5,7,0
1975,R,knapc101,empty,2,1,1,1,0,0,0,0,0,1,0,0,0,0,0,0,0
1975,R,knapc101,loaded,1,1,0,0,0,0,0,0,0,0,0,1,0,0,0,0,0
1975,R,knapc101,menon,10,7,1,1,0,0,0,0,1,3,0,3,0,0,0,0,0
1975,R,knapc101,scoring,6,5,1,1,0,0,0,0,1,1,0,3,0,0,0,0,0
1975,R,knowd101,empty,167,157,36,44,8,0,0,0,0,9,0,32,0,1,0,0,0
1975,R,knowd101,loaded,31,29,7,7,0,0,0,0,15,1,0,8,1,0,0,1,0
1975,R,knowd101,menon,242,201,71,95,11,2,3,0,63,27,9,31,3,2,9,3,0
1975,R,knowd101,scoring,171,142,49,59,8,1,0,0,55,23,9,26,2,2,1,3,0
1975,R,konid101,empty,412,372,110,163,15,4,10,0,10,38,0,59,0,1,0,0,1
1975,R,konid101,loaded,22,16,5,5,0,0,0,0,16,4,0,2,1,0,0,2,0
1975,R,konid101,menon,349,285,74,106,11,3,5,0,67,49,1,30,15,0,7,8,0
1975,R,konid101,scoring,214,174,43,63,8,0,4,0,61,29,1,24,4,0,3,8,0
1975,R,koosj001,empty,567,503,135,197,23,3,11,0,11,62,0,104,0,2,0,0,0
1975,R,koosj001,loaded,17,15,3,3,0,0,0,0,7,0,0,3,1,0,0,2,0
1975,R,koosj001,menon,451,392,99,150,15,6,8,0,79,36,6,69,21,2,14,7,0
1975,R,koosj001,scoring,244,202,46,66,7,2,3,0,61,27,6,36,6,2,6,7,0
1975,R,kravk101,empty,10,7,1,1,0,0,0,0,0,3,0,0,0,0,0,0,0
1975,R,kravk101,loaded,1,1,0,0,0,0,0,0,0,0,0,0,0,0,0,0,0
1975,R,kravk101,menon,12,7,0,0,0,0,0,0,0,5,0,1,0,0,0,0,0
1975,R,kravk101,scoring,7,4,0,0,0,0,0,0,0,3,0,0,0,0,0,0,0
1975,R,kreur101,empty,11,10,1,1,0,0,0,0,0,1,0,0,0,0,0,0,0
1975,R,kreur101,menon,5,5,2,3,1,0,0,0,2,0,0,1,0,0,0,0,0
1975,R,kreur101,scoring,3,3,1,1,0,0,0,0,2,0,0,1,0,0,0,0,0
1975,R,kucej101,empty,5,4,3,5,2,0,0,0,0,1,0,1,0,0,0,0,0
1975,R,kucej101,loaded,1,1,1,2,1,0,0,0,2,0,0,0,0,0,0,0,0
1975,R,kucej101,menon,17,14,6,7,1,0,0,0,6,3,0,1,0,0,0,0,0
1975,R,kucej101,scoring,10,8,4,5,1,0,0,0,6,2,0,1,0,0,0,0,0
1975,R,kuror101,empty,27,25,8,16,0,1,2,0,2,2,0,1,0,0,0,0,0
1975,R,kuror101,loaded,5,4,2,2,0,0,0,0,5,0,0,0,0,0,0,1,0
1975,R,kuror101,menon,34,28,7,12,2,0,1,0,12,5,1,5,0,0,0,1,0
1975,R,kuror101,scoring,22,18,6,11,2,0,1,0,12,3,1,2,0,0,0,1,0
1975,R,lacof001,empty,38,36,6,10,1,0,1,0,1,2,0,8,0,0,0,0,0
1975,R,lacof001,loaded,1,1,1,2,1,0,0,0,3,0,0,0,0,0,0,0,0
1975,R,lacof001,menon,21,17,7,8,1,0,0,0,6,4,0,2,1,0,0,0,0
1975,R,lacof001,scoring,18,15,5,6,1,0,0,0,6,3,0,2,1,0,0,0,0
1975,R,lagrl101,empty,405,372,101,148,13,2,10,0,10,32,0,45,0,1,0,0,0
1975,R,lagrl101,loaded,18,13,6,7,1,0,0,0,17,1,0,2,0,0,0,4,0
1975,R,lagrl101,menon,331,281,82,116,13,3,5,0,75,34,5,30,17,1,6,9,0
1975,R,lagrl101,scoring,188,153,48,69,6,3,3,0,70,23,5,17,5,0,3,9,0
1975,R,langc101,empty,2,0,0,0,0,0,0,0,0,2,0,0,0,0,0,0,0
1975,R,langc101,menon,7,6,2,3,1,0,0,0,2,1,0,2,1,0,0,0,0
1975,R,langc101,scoring,5,4,1,1,0,0,0,0,1,1,0,2,1,0,0,0,0
1975,R,langd101,empty,225,205,62,106,7,5,9,0,9,19,0,21,0,1,0,0,0
1975,R,langd101,loaded,15,13,1,1,0,0,0,0,4,1,0,1,3,0,0,1,0
1975,R,langd101,menon,243,203,57,74,8,0,3,0,47,34,3,24,14,0,2,4,0
1975,R,langd101,scoring,151,127,34,45,5,0,2,0,44,20,3,17,4,0,0,4,0
1975,R,larod101,empty,141,118,26,40,3,1,3,0,3,22,0,33,0,1,0,0,0
1975,R,larod101,loaded,30,24,2,2,0,0,0,0,11,6,0,11,1,0,0,0,0
1975,R,larod101,menon,218,172,35,46,3,1,2,0,36,35,8,61,4,1,10,0,0
1975,R,larod101,scoring,145,111,24,31,2,1,1,0,34,31,8,40,2,0,3,0,0
1975,R,laveg001,empty,155,141,42,50,5,0,1,0,1,14,0,26,0,0,0,0,0
1975,R,laveg001,loaded,28,25,8,9,1,0,0,0,19,3,0,3,2,0,0,0,0
1975,R,laveg001,menon,215,167,38,51,5,1,2,0,43,34,12,25,12,3,10,1,0
1975,R,laveg001,scoring,153,119,26,35,4,1,1,0,41,29,12,18,8,2,2,1,0
1975,R,lee-b101,empty,628,584,145,217,28,4,12,0,12,42,0,42,0,2,0,0,0
1975,W,lee-b101,empty,35,32,9,10,1,0,0,0,0,3,0,5,0,0,0,0,0
1975,R,lee-b101,loaded,20,20,5,7,2,0,0,0,9,0,0,3,5,0,0,0,0
1975,R,lee-b101,menon,465,420,129,173,14,3,8,0,95,27,1,36,29,1,10,7,0
1975,W,lee-b101,menon,20,20,3,6,0,0,1,0,3,0,0,2,2,0,0,0,0
1975,R,lee-b101,scoring,256,231,71,99,7,3,5,0,86,17,1,24,11,0,1,7,0
1975,W,lee-b101,scoring,7,7,1,4,0,0,1,0,3,0,0,1,1,0,0,0,0
1975,R,lemad101,empty,243,218,59,88,10,2,5,0,5,24,0,38,0,1,0,0,0
1975,R,lemad101,loaded,16,12,2,2,0,0,0,0,10,3,0,3,1,0,0,1,0
1975,R,lemad101,menon,244,209,61,83,7,3,3,0,61,22,5,29,6,2,7,4,0
1975,R,lemad101,scoring,170,142,37,51,6,1,2,0,57,21,5,18,5,2,1,4,0
1975,R,leond001,empty,481,417,110,160,19,5,7,0,7,56,0,65,0,8,0,0,0
1975,R,leond001,loaded,9,9,0,0,0,0,0,0,0,0,0,4,1,0,0,0,0
1975,R,leond001,menon,435,389,102,149,12,1,11,0,76,34,4,81,20,1,7,4,0
1975,R,leond001,scoring,236,212,48,69,7,1,4,0,61,17,4,58,9,0,3,4,0
1975,R,leonm101,empty,170,153,40,50,5,1,1,0,1,15,0,29,0,2,0,0,0
1975,R,leonm101,loaded,13,12,2,2,0,0,0,0,4,0,0,2,0,0,0,1,0
1975,R,leonm101,menon,211,176,50,69,7,0,4,0,49,18,8,24,8,5,8,4,0
1975,R,leonm101,scoring,131,106,32,45,4,0,3,0,46,14,8,11,4,4,3,4,0
1975,R,lercr001,empty,19,19,3,3,0,0,0,0,0,0,0,6,0,0,0,0,0
1975,R,lercr001,loaded,1,1,1,4,0,0,1,1,4,0,0,0,0,0,0,0,0
1975,R,lercr001,menon,8,7,3,6,0,0,1,1,5,1,0,2,0,0,0,0,0
1975,R,lercr001,scoring,5,4,2,5,0,0,1,1,5,1,0,0,0,0,0,0,0
1975,R,lewad101,empty,9,9,1,1,0,0,0,0,0,0,0,0,0,0,0,0,0
1975,R,lewad101,menon,1,1,0,0,0,0,0,0,0,0,0,0,0,0,0,0,0
1975,L,lindp101,empty,8,8,2,2,0,0,0,0,0,0,0,0,0,0,0,0,0
1975,R,lindp101,empty,260,243,58,83,13,0,4,0,4,17,0,24,0,0,0,0,0
1975,R,lindp101,loaded,19,16,6,8,2,0,0,0,13,1,0,2,1,0,0,2,0
1975,L,lindp101,menon,12,8,3,4,1,0,0,0,4,1,1,0,0,0,2,1,0
1975,R,lindp101,menon,239,200,47,67,10,2,2,0,48,26,10,34,14,0,6,7,0
1975,L,lindp101,scoring,8,6,2,3,1,0,0,0,4,1,1,0,0,0,0,1,0
1975,R,lindp101,scoring,149,120,31,40,5,2,0,0,43,20,10,24,9,0,2,7,0
1975,R,littm101,empty,56,45,8,13,0,1,1,0,1,11,0,12,0,0,0,0,0
1975,R,littm101,loaded,1,1,1,1,0,0,0,0,1,0,0,0,0,0,0,0,0
1975,R,littm101,menon,46,38,11,12,1,0,0,0,6,4,0,7,1,0,4,0,0
1975,R,littm101,scoring,30,27,6,7,1,0,0,0,6,2,0,6,0,0,1,0,0
1975,R,lockb102,empty,68,62,20,25,2,0,1,0,1,5,0,8,0,1,0,0,0
1975,R,lockb102,loaded,9,6,1,3,0,1,0,0,6,3,0,2,1,0,0,0,0
1975,R,lockb102,menon,80,61,18,29,3,1,2,0,22,11,2,6,6,1,5,1,1
1975,R,lockb102,scoring,57,44,9,13,2,1,0,0,18,9,2,5,4,1,2,1,0
1975,R,locks101,empty,107,95,17,27,1,0,3,0,3,11,0,36,0,1,0,0,0
1975,R,locks101,loaded,3,2,0,0,0,0,0,0,1,1,0,0,0,0,0,0,0
1975,R,locks101,menon,85,66,11,12,1,0,0,0,8,14,6,25,2,0,4,1,0
1975,R,locks101,scoring,51,36,5,6,1,0,0,0,8,12,6,15,0,0,2,1,0
1975,R,lolim101,empty,577,544,145,206,27,5,8,0,8,33,0,87,0,0,0,0,0
1975,R,lolim101,loaded,17,15,4,5,1,0,0,0,11,0,0,2,0,0,0,2,0
1975,R,lolim101,menon,439,389,115,175,21,3,11,0,101,31,5,52,19,0,11,8,0
1975,R,lolim101,scoring,265,231,67,97,10,1,6,0,85,21,5,31,4,0,5,8,0
1975,R,lonbj101,empty,397,373,85,121,18,3,4,0,4,20,0,38,0,4,0,0,0
1975,R,lonbj101,loaded,8,7,2,3,1,0,0,0,6,0,0,2,2,0,0,1,0
1975,R,lonbj101,menon,286,254,76,127,19,4,8,0,74,25,7,34,11,1,3,3,0
1975,R,lonbj101,scoring,173,148,46,74,15,2,3,0,61,21,7,18,6,1,0,3,0
1975,R,lyles101,empty,157,139,39,52,8,1,1,0,1,18,1,32,0,0,0,0,0
1975,R,lyles101,loaded,22,19,7,8,1,0,0,0,16,1,0,2,3,1,0,1,0
1975,R,lyles101,menon,230,203,55,61,6,0,0,0,47,18,4,33,5,2,4,3,0
1975,R,lyles101,scoring,143,125,39,43,4,0,0,0,47,12,4,19,4,2,1,3,0
1975,R,makot101,empty,21,16,4,5,1,0,0,0,0,5,0,2,0,0,0,0,0
1975,R,makot101,loaded,1,0,0,0,0,0,0,0,1,0,0,0,0,0,0,1,0
1975,R,makot101,menon,27,20,6,12,0,0,2,0,10,4,0,1,0,0,1,2,0
1975,R,makot101,scoring,19,13,5,8,0,0,1,0,8,3,0,0,0,0,1,2,0
1975,R,marij101,empty,18,14,3,4,1,0,0,0,0,4,0,0,0,0,0,0,0
1975,R,marij101,loaded,2,2,0,0,0,0,0,0,0,0,0,0,0,0,0,0,0
1975,R,marij101,menon,16,13,8,15,1,0,2,0,7,1,1,1,0,0,2,0,0
1975,R,marij101,scoring,12,9,4,8,1,0,1,0,5,1,1,1,0,0,2,0,0
1975,R,marsm101,empty,227,206,48,65,5,3,2,0,2,19,0,35,0,2,0,0,0
1975,R,marsm101,loaded,16,15,2,2,0,0,0,0,5,0,0,1,2,0,0,1,0
1975,R,marsm101,menon,242,199,50,75,5,1,6,0,46,20,4,29,7,2,16,5,0
1975,R,marsm101,scoring,152,126,31,46,1,1,4,0,40,17,4,14,4,2,2,5,0
1975,R,martt001,empty,66,51,10,17,1,0,2,0,2,14,0,7,0,1,0,0,0
1975,R,martt001,loaded,5,5,0,0,0,0,0,0,0,0,0,1,0,0,0,0,0
1975,R,martt001,menon,101,79,17,22,5,0,0,0,11,18,3,13,4,0,2,2,0
1975,R,martt001,scoring,67,49,8,9,1,0,0,0,9,14,3,10,3,0,2,2,0
1975,R,matlj101,empty,557,525,119,162,19,0,8,0,8,31,0,96,0,1,0,0,0
1975,R,matlj101,loaded,11,10,5,8,0,0,1,1,12,1,0,1,0,0,0,0,0
1975,R,matlj101,menon,397,358,105,146,16,2,7,1,87,27,6,58,22,0,7,5,0
1975,R,matlj101,scoring,228,201,58,91,11,2,6,1,83,19,6,41,3,0,3,5,0
1975,R,may-r101,empty,492,428,94,128,14,4,4,0,4,63,0,78,0,1,0,0,0
1975,R,may-r101,loaded,18,14,5,8,0,0,1,1,16,1,0,3,3,0,0,3,0
1975,R,may-r101,menon,402,346,85,117,17,0,5,1,69,36,2,67,17,1,11,8,0
1975,R,may-r101,scoring,220,188,40,58,9,0,3,1,63,19,2,40,8,1,4,8,0
1975,R,mcclb001,empty,31,24,2,2,0,0,0,0,0,7,0,7,0,0,0,0,0
1975,R,mcclb001,loaded,1,1,1,1,0,0,0,0,2,0,0,0,0,0,0,0,0
1975,R,mcclb001,menon,35,28,2,2,0,0,0,0,4,7,2,8,0,0,0,0,0
1975,R,mcclb001,scoring,23,16,2,2,0,0,0,0,4,7,2,4,0,0,0,0,0
1975,R,mcdal101,empty,148,138,36,48,5,2,1,0,1,10,0,17,0,0,0,0,0
1975,R,mcdal101,loaded,16,16,0,0,0,0,0,0,2,0,0,4,2,0,0,0,0
1975,R,mcdal101,menon,181,155,45,64,7,3,2,0,41,14,5,23,9,0,8,4,0
1975,R,mcdal101,scoring,118,96,26,40,4,2,2,0,39,14,5,14,6,0,4,4,0
1975,R,mcdos101,empty,70,58,15,20,3,1,0,0,0,12,0,14,0,0,0,0,0
1975,R,mcdos101,loaded,9,9,1,1,0,0,0,0,2,0,0,4,0,0,0,0,0
1975,R,mcdos101,menon,79,66,15,18,3,0,0,0,13,8,3,15,3,0,4,1,0
1975,R,mcdos101,scoring,54,46,12,15,3,0,0,0,12,6,3,11,0,0,1,1,0
1975,L,mcenw101,empty,4,4,1,1,0,0,0,0,0,0,0,0,0,0,0,0,0
1975,R,mcenw101,empty,163,152,45,61,7,0,3,0,3,10,0,15,0,1,0,0,0
1975,W,mcenw101,empty,14,13,1,1,0,0,0,0,0,1,0,4,0,0,0,0,0
1975,R,mcenw101,loaded,23,21,4,5,1,0,0,0,10,0,0,5,0,1,1,0,0
1975,W,mcenw101,loaded,3,3,1,1,0,0,0,0,2,0,0,1,0,0,0,0,0
1975,L,mcenw101,menon,1,1,0,0,0,0,0,0,0,0,0,1,0,0,0,0,0
1975,R,mcenw101,menon,217,196,47,65,9,0,3,0,42,13,7,33,9,1,3,4,0
1975,W,mcenw101,menon,9,7,2,2,0,0,0,0,4,1,1,1,0,0,0,1,0
1975,R,mcenw101,scoring,136,117,30,45,6,0,3,0,42,11,7,26,2,1,3,4,0
1975,W,mcenw101,scoring,8,6,2,2,0,0,0,0,4,1,1,1,0,0,0,1,0
1975,R,mcgll101,empty,571,513,139,215,29,4,13,0,13,55,0,81,0,3,0,0,0
1975,R,mcgll101,loaded,25,21,5,5,0,0,0,0,14,2,0,6,1,0,0,2,0
1975,R,mcgll101,menon,459,397,92,132,12,2,8,0,72,42,11,65,17,1,9,10,0
1975,R,mcgll101,scoring,251,204,44,69,5,1,6,0,64,32,11,42,6,1,4,10,0
1975,R,mcgrt001,empty,219,200,46,61,6,0,3,0,3,18,0,32,0,1,0,0,0
1975,R,mcgrt001,loaded,7,7,1,1,0,0,0,0,2,0,0,1,0,0,0,0,0
1975,R,mcgrt001,menon,200,172,38,58,7,2,3,0,36,18,6,23,9,2,7,1,0
1975,R,mcgrt001,scoring,119,104,28,41,3,2,2,0,30,14,6,13,2,0,0,1,0
1975,R,mcinj101,empty,428,397,114,147,13,1,6,0,6,29,0,46,0,2,0,0,0
1975,R,mcinj101,loaded,14,13,3,4,1,0,0,0,8,1,0,1,1,0,0,0,0
1975,R,mcinj101,menon,361,316,81,122,15,1,8,0,73,31,9,25,21,0,10,4,0
1975,R,mcinj101,scoring,188,163,42,59,5,0,4,0,58,19,9,11,4,0,2,4,0
1975,R,mcnad102,empty,184,166,49,83,10,3,6,0,6,17,0,12,0,1,0,0,0
1975,R,mcnad102,loaded,11,11,5,6,1,0,0,0,10,0,0,1,1,0,0,0,0
1975,R,mcnad102,menon,174,148,39,57,8,2,2,0,37,19,4,24,3,3,4,0,0
1975,R,mcnad102,scoring,105,89,26,39,6,2,1,0,34,13,4,17,2,1,2,0,0
1975,R,medid101,empty,685,638,169,263,28,9,16,0,16,46,0,86,0,1,0,0,0
1975,R,medid101,loaded,11,11,3,4,1,0,0,0,6,0,0,0,1,0,0,0,0
1975,R,medid101,menon,436,388,102,149,16,2,9,0,87,26,5,46,21,0,6,15,1
1975,R,medid101,scoring,232,196,52,80,9,2,5,0,76,20,5,20,4,0,1,15,0
1975,R,merrj102,empty,4,3,0,0,0,0,0,0,0,0,0,0,0,1,0,0,0
1975,R,merrj102,loaded,1,1,1,1,0,0,0,0,2,0,0,0,0,0,0,0,0
1975,R,merrj102,menon,11,11,3,3,0,0,0,0,4,0,0,0,0,0,0,0,0
1975,R,merrj102,scoring,7,7,3,3,0,0,0,0,4,0,0,0,0,0,0,0,0
1975,R,messa101,empty,778,713,142,216,19,2,17,0,17,61,0,137,0,4,0,0,0
1975,R,messa101,loaded,11,9,2,5,0,0,1,1,8,0,0,2,1,0,0,2,0
1975,R,messa101,menon,498,435,102,129,10,1,5,1,65,35,2,76,24,1,20,7,0
1975,R,messa101,scoring,272,237,48,60,6,0,2,1,55,20,2,45,7,1,7,7,0
1975,R,metzb101,empty,13,10,2,2,0,0,0,0,0,3,0,4,0,0,0,0,0
1975,R,metzb101,loaded,3,2,0,0,0,0,0,0,1,0,0,1,0,0,0,1,0
1975,R,metzb101,menon,11,9,4,8,1,0,1,0,4,1,1,2,0,0,0,1,0
1975,R,metzb101,scoring,6,4,2,5,0,0,1,0,4,1,1,1,0,0,0,1,0
1975,R,milld101,empty,92,84,15,22,1,0,2,0,2,8,0,14,0,0,0,0,0
1975,R,milld101,loaded,5,3,1,1,0,0,0,0,4,1,0,2,0,0,0,1,0
1975,R,milld101,menon,92,77,17,23,3,0,1,0,20,8,4,19,2,0,4,3,0
1975,R,milld101,scoring,62,52,11,12,1,0,0,0,17,6,4,14,1,0,1,3,0
1975,R,mings101,empty,97,92,24,32,5,0,1,0,1,5,0,10,0,0,0,0,0
1975,R,mings101,loaded,6,5,2,2,0,0,0,0,5,0,0,1,0,1,0,0,0
1975,R,mings101,menon,115,94,18,25,2,1,1,0,24,15,4,15,5,1,2,3,0
1975,R,mings101,scoring,74,59,13,17,1,0,1,0,23,10,4,11,3,1,1,3,0
1975,R,minsj101,empty,1,0,0,0,0,0,0,0,0,1,0,0,0,0,0,0,0
1975,R,minsj101,menon,4,3,0,0,0,0,0,0,0,1,0,2,0,0,0,0,0
1975,R,minsj101,scoring,3,3,0,0,0,0,0,0,0,0,0,2,0,0,0,0,0
1975,R,mintg001,empty,38,33,10,11,1,0,0,0,0,4,0,2,0,1,0,0,0
1975,R,mintg001,loaded,3,2,0,0,0,0,0,0,1,1,0,0,0,0,0,0,0
1975,R,mintg001,menon,41,33,9,13,1,0,1,0,10,7,3,4,3,0,1,0,0
1975,R,mintg001,scoring,25,18,7,11,1,0,1,0,10,7,3,2,0,0,0,0,0
1975,R,mitcc101,empty,7,7,3,4,1,0,0,0,0,0,0,1,0,0,0,0,0
1975,R,mitcc101,menon,11,9,3,3,0,0,0,0,2,2,0,1,1,0,0,0,0
1975,R,mitcc101,scoring,5,4,2,2,0,0,0,0,2,1,0,1,0,0,0,0,0
1975,R,mitcp101,empty,131,117,25,47,7,0,5,0,5,14,0,18,0,0,0,0,0
1975,R,mitcp101,loaded,8,7,3,3,0,0,0,0,7,0,0,1,0,0,0,1,0
1975,R,mitcp101,menon,93,84,16,28,1,1,3,0,20,5,4,13,7,0,3,1,0
1975,R,mitcp101,scoring,51,45,10,16,1,1,1,0,16,5,4,7,1,0,0,1,0
1975,R,moffr101,empty,161,149,34,48,3,1,3,0,3,11,0,18,0,1,0,0,0
1975,R,moffr101,loaded,21,21,4,8,1,0,1,1,9,0,0,4,0,0,0,0,0
1975,R,moffr101,menon,166,135,39,52,4,0,3,1,35,21,6,21,4,2,6,2,0
1975,R,moffr101,scoring,116,92,24,33,3,0,2,1,32,19,6,17,0,2,1,2,0
1975,R,mongs001,empty,53,46,13,21,3,1,1,0,1,6,0,7,0,1,0,0,0
1975,R,mongs001,menon,50,45,9,16,1,0,2,0,10,4,0,10,0,0,1,0,0
1975,R,mongs001,scoring,29,28,6,10,1,0,1,0,8,1,0,7,0,0,0,0,0
1975,R,montj001,empty,567,516,131,200,35,8,6,0,6,48,0,118,0,3,0,0,0
1975,R,montj001,loaded,10,9,2,2,0,0,0,0,5,0,0,3,1,0,0,1,0
1975,R,montj001,menon,451,387,79,121,19,4,5,0,64,38,12,97,13,5,15,6,0
1975,R,montj001,scoring,262,222,44,75,15,2,4,0,60,25,12,60,4,3,6,6,0
1975,R,montj101,empty,48,46,19,28,3,0,2,0,2,2,0,3,0,0,0,0,0
1975,R,montj101,loaded,4,3,1,4,0,0,1,1,5,0,0,0,1,0,0,1,0
1975,R,montj101,menon,58,45,12,22,1,0,3,1,14,8,2,7,5,2,1,2,0
1975,R,montj101,scoring,37,26,5,9,1,0,1,1,10,7,2,6,3,1,1,2,0
1975,R,moord001,empty,21,19,7,10,1,1,0,0,0,2,0,2,0,0,0,0,0
1975,R,moord001,loaded,1,1,0,0,0,0,0,0,0,0,0,1,0,0,0,0,0
1975,R,moord001,menon,21,19,5,8,0,0,1,0,4,2,0,6,0,0,0,0,0
1975,R,moord001,scoring,14,13,2,2,0,0,0,0,2,1,0,4,0,0,0,0,0
1975,R,moort101,empty,82,72,21,29,0,1,2,0,2,10,0,7,0,0,0,0,0
1975,R,moort101,loaded,12,10,4,9,0,1,1,1,13,1,0,1,0,1,0,0,0
1975,R,moort101,menon,107,90,25,32,2,1,1,1,25,14,5,14,5,1,2,0,0
1975,R,moort101,scoring,75,62,16,22,1,1,1,1,24,12,5,13,1,1,0,0,0
1975,R,moosb101,empty,162,150,31,42,8,0,1,0,1,12,0,22,0,0,0,0,0
1975,R,moosb101,loaded,10,10,2,4,0,1,0,0,5,0,0,2,1,0,0,0,0
1975,R,moosb101,menon,125,106,32,49,4,2,3,0,27,13,3,12,6,2,4,0,0
1975,R,moosb101,scoring,79,65,19,29,0,2,2,0,22,11,3,8,3,1,2,0,0
1975,L,morer101,empty,1,0,0,0,0,0,0,0,0,1,0,0,0,0,0,0,0
1975,R,morer101,empty,322,277,71,101,10,1,6,0,6,43,0,38,0,2,0,0,0
1975,W,morer101,empty,3,3,0,0,0,0,0,0,0,0,0,0,0,0,0,0,0
1975,R,morer101,loaded,14,11,4,5,1,0,0,0,9,3,0,2,0,0,0,0,0
1975,W,morer101,loaded,2,2,1,1,0,0,0,0,1,0,0,1,0,0,0,0,0
1975,L,morer101,menon,4,4,1,2,1,0,0,0,0,0,0,0,0,0,0,0,0
1975,R,morer101,menon,302,256,61,83,14,1,2,0,55,33,6,42,12,0,8,5,0
1975,W,morer101,menon,7,4,2,2,0,0,0,0,2,3,1,1,0,0,0,0,0
1975,L,morer101,scoring,1,1,0,0,0,0,0,0,0,0,0,0,0,0,0,0,0
1975,R,morer101,scoring,168,136,34,51,9,1,2,0,51,23,6,27,3,0,4,5,0
1975,W,morer101,scoring,6,3,2,2,0,0,0,0,2,3,1,1,0,0,0,0,0
1975,R,mortc102,empty,645,606,174,247,24,8,11,0,11,38,0,40,0,1,0,0,0
1975,R,mortc102,loaded,29,27,3,4,1,0,0,0,11,1,0,3,3,0,0,1,0
1975,R,mortc102,menon,554,481,128,170,14,2,8,0,95,44,3,38,18,2,19,8,0
1975,R,mortc102,scoring,323,273,62,88,8,0,6,0,86,34,3,23,7,2,6,8,0
1975,R,murpt101,empty,115,102,27,36,4,1,1,0,1,10,0,10,0,3,0,0,0
1975,R,murpt101,loaded,24,20,6,6,0,0,0,0,13,1,0,1,2,0,0,3,0
1975,R,murpt101,menon,212,186,58,78,6,1,4,0,57,17,5,22,7,2,4,3,0
1975,R,murpt101,scoring,137,116,39,58,5,1,4,0,56,14,5,16,4,2,2,3,0
1975,R,murrd001,empty,236,216,53,63,8,1,0,0,0,20,0,28,0,0,0,0,0
1975,R,murrd001,loaded,12,8,3,4,1,0,0,0,12,2,0,0,0,0,0,2,0
1975,R,murrd001,menon,263,224,81,99,14,2,0,0,64,19,10,15,10,3,12,5,0
1975,R,murrd001,scoring,171,143,50,60,8,1,0,0,61,17,10,8,4,3,3,5,0
1975,R,niekj001,empty,192,173,40,53,10,0,1,0,1,18,0,27,0,1,0,0,0
1975,R,niekj001,loaded,12,8,3,3,0,0,0,0,10,2,0,0,0,0,0,2,0
1975,R,niekj001,menon,186,156,39,50,5,0,2,0,34,21,4,27,4,1,3,5,0
1975,R,niekj001,scoring,125,101,24,33,3,0,2,0,34,17,4,21,2,1,1,5,0
1975,R,niekp001,empty,679,639,177,274,29,4,20,0,20,36,0,88,0,4,0,0,0
1975,R,niekp001,loaded,18,17,5,11,1,1,1,1,15,0,0,1,2,0,0,1,0
1975,R,niekp001,menon,481,420,108,156,17,2,9,1,89,36,3,56,26,7,14,3,1
1975,R,niekp001,scoring,293,252,62,96,12,2,6,1,81,25,3,40,9,7,6,3,0
1975,L,nolag101,empty,17,17,3,3,0,0,0,0,0,0,0,3,0,0,0,0,0
1975,R,nolag101,empty,534,516,127,200,24,5,13,0,13,18,0,53,0,0,0,0,0
1975,W,nolag101,empty,18,17,3,6,0,0,1,0,1,1,0,2,0,0,0,0,0
1975,R,nolag101,loaded,8,8,3,6,0,0,1,1,7,0,0,1,0,0,0,0,0
1975,L,nolag101,menon,6,6,2,5,0,0,1,0,2,0,0,2,0,0,0,0,0
1975,R,nolag101,menon,318,290,75,107,11,3,5,1,60,11,5,21,6,1,9,7,0
1975,W,nolag101,menon,6,6,3,6,0,0,1,0,3,0,0,0,0,0,0,0,0
1975,L,nolag101,scoring,2,2,0,0,0,0,0,0,0,0,0,1,0,0,0,0,0
1975,R,nolag101,scoring,165,142,36,43,4,0,1,1,47,11,5,13,1,1,4,7,0
1975,W,nolag101,scoring,2,2,1,4,0,0,1,0,3,0,0,0,0,0,0,0,0
1975,L,normf101,empty,12,10,4,5,1,0,0,0,0,2,0,1,0,0,0,0,0
1975,R,normf101,empty,460,413,94,157,19,1,14,0,14,47,0,65,0,0,0,0,0
1975,W,normf101,empty,9,8,4,5,1,0,0,0,0,1,0,1,0,0,0,0,0
1975,R,normf101,loaded,14,13,5,6,1,0,0,0,12,0,0,2,0,0,0,1,0
1975,L,normf101,menon,13,10,0,0,0,0,0,0,1,3,0,3,2,0,0,0,0
1975,R,normf101,menon,335,280,69,109,13,0,9,0,61,37,5,54,14,0,14,4,0
1975,W,normf101,menon,13,11,4,7,1,1,0,0,3,2,1,1,1,0,0,0,0
1975,L,normf101,scoring,6,5,0,0,0,0,0,0,1,1,0,2,0,0,0,0,0
1975,R,normf101,scoring,209,177,35,58,8,0,5,0,51,24,5,37,6,0,4,4,0
1975,W,normf101,scoring,8,6,2,5,1,1,0,0,3,2,1,0,1,0,0,0,0
1975,R,norrm101,empty,45,40,5,6,1,0,0,0,0,5,0,2,0,0,0,0,0
1975,R,norrm101,loaded,2,1,1,1,0,0,0,0,3,1,0,0,0,0,0,0,0
1975,R,norrm101,menon,20,16,1,1,0,0,0,0,4,3,0,3,0,0,0,1,0
1975,R,norrm101,scoring,12,9,1,1,0,0,0,0,4,2,0,3,0,0,0,1,0
1975,R,odomj101,empty,174,148,39,56,6,1,3,0,3,25,0,22,0,1,0,0,0
1975,R,odomj101,loaded,13,10,0,0,0,0,0,0,4,2,0,2,1,0,0,1,0
1975,R,odomj101,menon,190,159,62,86,10,1,4,0,57,22,1,22,9,0,6,3,0
1975,R,odomj101,scoring,123,101,42,59,9,1,2,0,51,16,1,18,1,0,3,3,0
1975,R,osboo101,empty,109,91,24,33,6,0,1,0,1,18,0,18,0,0,0,0,0
1975,R,osboo101,loaded,12,11,5,6,1,0,0,0,12,0,0,2,1,0,0,1,0
1975,R,osboo101,menon,149,124,33,45,7,1,1,0,38,19,1,20,5,2,2,2,0
1975,R,osboo101,scoring,96,78,27,38,6,1,1,0,38,14,1,12,3,1,1,2,0
1975,R,osbop101,empty,22,16,7,9,2,0,0,0,0,6,0,1,0,0,0,0,0
1975,R,osbop101,loaded,5,3,0,0,0,0,0,0,2,1,0,0,0,0,0,1,0
1975,R,osbop101,menon,39,31,12,21,3,0,2,0,15,3,0,0,3,2,0,3,0
1975,R,osbop101,scoring,24,16,6,11,2,0,1,0,13,3,0,0,0,2,0,3,0
1975,R,ostec103,empty,476,423,136,189,19,5,8,0,8,52,0,30,0,1,0,0,0
1975,R,ostec103,loaded,15,12,3,3,0,0,0,0,10,1,0,1,1,0,0,2,0
1975,R,ostec103,menon,443,384,101,144,13,3,8,0,85,40,2,33,21,1,11,7,0
1975,R,ostec103,scoring,241,207,54,77,6,1,5,0,73,25,2,17,12,0,2,7,0
1975,R,ottej101,empty,12,9,2,5,0,0,1,0,1,3,0,2,0,0,0,0,0
1975,R,ottej101,loaded,3,2,0,0,0,0,0,0,1,0,0,0,1,0,0,1,0
1975,R,ottej101,menon,14,8,2,3,1,0,0,0,2,4,0,1,1,0,1,1,0
1975,R,ottej101,scoring,9,4,0,0,0,0,0,0,2,3,0,1,1,0,1,1,0
1975,R,pactj101,empty,41,36,11,12,1,0,0,0,0,5,0,2,0,0,0,0,0
1975,R,pactj101,loaded,2,1,0,0,0,0,0,0,1,0,0,0,1,0,0,1,0
1975,R,pactj101,menon,38,31,12,14,2,0,0,0,5,5,0,1,2,0,1,1,0
1975,R,pactj101,scoring,22,16,3,3,0,0,0,0,5,5,0,0,2,0,0,1,0
1975,R,pagad101,empty,58,51,13,22,4,1,1,0,1,5,0,7,0,2,0,0,0
1975,R,pagad101,loaded,5,4,1,1,0,0,0,0,3,1,0,1,1,0,0,0,0
1975,R,pagad101,menon,77,66,17,23,3,0,1,0,18,8,5,11,2,0,1,2,0
1975,R,pagad101,scoring,57,48,11,16,2,0,1,0,18,7,5,9,1,0,0,2,0
1975,R,palmj001,empty,814,764,170,258,21,8,17,0,17,48,0,117,0,2,0,0,0
1975,R,palmj001,loaded,15,14,3,4,1,0,0,0,10,1,0,2,2,0,0,0,0
1975,R,palmj001,menon,454,408,83,112,16,2,3,0,65,32,4,76,32,0,10,4,0
1975,R,palmj001,scoring,233,208,42,56,9,1,1,0,57,19,4,45,5,0,2,4,0
1975,R,parkh101,empty,112,103,28,41,4,0,3,0,3,9,0,22,0,0,0,0,0
1975,R,parkh101,loaded,15,14,1,1,0,0,0,0,3,0,0,1,1,0,0,1,0
1975,R,parkh101,menon,134,106,30,42,6,0,2,0,18,20,7,13,1,0,6,2,0
1975,R,parkh101,scoring,94,71,12,20,2,0,2,0,17,19,7,7,1,0,2,2,0
1975,R,pattm101,empty,426,396,92,131,15,0,8,0,8,29,0,50,0,1,0,0,0
1975,R,pattm101,loaded,5,4,1,2,1,0,0,0,4,0,0,0,0,0,0,1,0
1975,R,pattm101,menon,313,288,81,110,10,2,5,0,61,16,6,39,9,2,2,5,0
1975,R,pattm101,scoring,173,152,40,54,9,1,1,0,52,13,6,25,4,1,2,5,0
1975,R,pazim101,empty,56,49,13,23,4,0,2,0,2,7,0,3,0,0,0,0,0
1975,R,pazim101,loaded,3,3,1,2,1,0,0,0,2,0,0,0,0,0,0,0,0
1975,R,pazim101,menon,40,36,15,27,3,0,3,0,16,3,0,5,0,0,1,0,0
1975,R,pazim101,scoring,25,21,8,13,2,0,1,0,11,3,0,2,0,0,1,0,0
1975,R,penao101,empty,27,23,6,6,0,0,0,0,0,4,0,1,0,0,0,0,0
1975,R,penao101,loaded,3,1,0,0,0,0,0,0,2,1,0,0,0,0,0,1,0
1975,R,penao101,menon,28,23,7,8,1,0,0,0,8,4,1,3,1,0,0,1,0
1975,R,penao101,scoring,21,16,4,4,0,0,0,0,7,4,1,3,0,0,0,1,0
1975,R,pentg101,empty,56,48,11,13,2,0,0,0,0,8,0,13,0,0,0,0,0
1975,R,pentg101,loaded,7,7,3,4,1,0,0,0,5,0,0,0,0,0,0,0,0
1975,R,pentg101,menon,62,44,16,17,1,0,0,0,13,12,4,8,0,0,4,2,0
1975,R,pentg101,scoring,44,28,10,11,1,0,0,0,13,12,4,6,0,0,2,2,0
1975,R,perrg101,empty,777,730,156,238,27,5,15,0,15,45,0,150,0,2,0,0,0
1975,R,perrg101,loaded,14,13,1,1,0,0,0,0,2,0,0,4,1,0,0,1,0
1975,R,perrg101,menon,471,429,121,182,18,2,13,0,99,25,6,83,15,2,11,3,1
1975,R,perrg101,scoring,254,227,65,101,13,1,7,0,85,19,6,47,3,2,3,3,0
1975,R,perrj102,empty,257,229,61,108,12,1,11,0,11,25,0,26,0,3,0,0,0
1975,R,perrj102,loaded,9,5,2,5,0,0,1,1,11,0,0,0,0,1,0,3,0
1975,R,perrj102,menon,209,177,46,69,9,1,4,1,49,19,6,18,7,4,4,5,0
1975,R,perrj102,scoring,122,96,26,44,6,0,4,1,46,17,6,8,1,3,1,5,0
1975,R,perzs101,empty,146,128,37,48,4,2,1,0,1,15,0,16,0,3,0,0,0
1975,R,perzs101,loaded,3,3,1,2,1,0,0,0,3,0,0,0,1,0,0,0,0
1975,R,perzs101,menon,128,112,22,28,6,0,0,0,18,10,2,10,10,2,2,2,0
1975,R,perzs101,scoring,72,60,8,11,3,0,0,0,16,9,2,6,4,1,0,2,0
1975,R,petef101,empty,358,330,91,140,19,0,10,0,10,26,0,28,0,2,0,0,0
1975,R,petef101,loaded,8,8,5,8,3,0,0,0,10,0,0,1,2,0,0,0,0
1975,R,petef101,menon,251,229,63,98,18,1,5,0,50,14,4,19,18,4,3,1,0
1975,R,petef101,scoring,128,114,35,58,12,1,3,0,43,10,4,7,5,2,1,1,0
1975,R,pitls101,menon,1,1,1,1,0,0,0,0,1,0,0,0,0,0,0,0,0
1975,R,pitls101,scoring,1,1,1,1,0,0,0,0,1,0,0,0,0,0,0,0,0
1975,R,poled101,empty,218,202,59,87,8,1,6,0,6,15,0,26,0,1,0,0,0
1975,W,poled101,empty,1,0,0,0,0,0,0,0,0,1,0,0,0,0,0,0,0
1975,R,poled101,loaded,11,9,2,6,1,0,1,1,8,1,0,0,2,0,0,1,0
1975,R,poled101,menon,176,150,43,63,5,0,5,1,29,17,4,16,9,1,4,4,0
1975,W,poled101,menon,1,0,0,0,0,0,0,0,0,1,0,0,0,0,0,0,0
1975,R,poled101,scoring,93,75,19,29,1,0,3,1,25,11,4,6,4,1,2,4,0
1975,R,pralw101,empty,38,35,11,15,2,1,0,0,0,3,0,4,0,0,0,0,0
1975,R,pralw101,loaded,1,1,0,0,0,0,0,0,0,0,0,0,1,0,0,0,0
1975,R,pralw101,menon,33,27,10,15,2,0,1,0,9,5,0,3,2,0,0,1,0
1975,R,pralw101,scoring,18,14,4,5,1,0,0,0,6,3,0,1,1,0,0,1,0
1975,R,quinl101,empty,16,15,7,12,2,0,1,0,1,1,0,4,0,0,0,0,0
1975,R,quinl101,loaded,4,4,3,6,0,0,1,1,8,0,0,0,0,0,0,0,0
1975,R,quinl101,menon,23,18,6,9,0,0,1,1,9,5,1,1,0,0,0,0,0
1975,R,quinl101,scoring,21,17,6,9,0,0,1,1,9,4,1,1,0,0,0,0,0
1975,R,raice101,empty,243,227,67,113,13,3,9,0,9,15,0,23,0,1,0,0,0
1975,R,raice101,loaded,10,6,1,1,0,0,0,0,6,1,0,1,0,0,0,3,0
1975,R,raice101,menon,172,142,51,68,8,0,3,0,40,16,6,11,4,0,7,7,0
1975,R,raice101,scoring,111,88,30,40,4,0,2,0,38,14,6,7,2,0,2,7,0
1975,R,rasme101,empty,200,189,44,63,8,1,3,0,3,11,0,40,0,0,0,0,0
1975,R,rasme101,loaded,2,2,0,0,0,0,0,0,0,0,0,1,0,0,0,0,0
1975,R,rasme101,menon,148,136,42,72,9,3,5,0,32,9,2,19,3,0,2,0,1
1975,R,rasme101,scoring,86,76,22,35,6,2,1,0,22,8,2,13,1,0,1,0,1
1975,R,rau-d101,empty,655,620,137,195,22,0,12,0,12,33,0,113,0,2,0,0,0
1975,R,rau-d101,loaded,10,9,5,7,2,0,0,0,11,0,0,1,0,0,0,1,0
1975,R,rau-d101,menon,392,344,90,132,22,1,6,0,72,28,1,38,17,1,15,4,0
1975,R,rau-d101,scoring,208,182,51,70,13,0,2,0,59,17,1,22,7,1,4,4,0
1975,R,reedr001,empty,580,557,150,195,31,4,2,0,2,22,0,71,0,1,0,0,0
1975,R,reedr001,loaded,13,13,4,4,0,0,0,0,9,0,0,1,3,0,0,0,0
1975,R,reedr001,menon,487,435,124,162,21,4,3,0,96,31,7,68,17,3,11,6,1
1975,R,reedr001,scoring,313,273,70,94,12,3,2,0,88,27,7,51,4,3,4,6,0
1975,R,renks101,empty,408,366,100,156,17,3,11,0,11,42,0,49,0,0,0,0,0
1975,R,renks101,loaded,17,13,2,6,1,0,1,1,11,3,0,6,0,0,0,1,0
1975,R,renks101,menon,343,295,75,121,15,2,9,1,64,34,7,50,10,1,9,4,0
1975,R,renks101,scoring,211,179,41,66,8,1,5,1,53,24,7,36,2,0,4,4,0
1975,L,reusj001,empty,4,2,1,1,0,0,0,0,0,2,0,0,0,0,0,0,0
1975,R,reusj001,empty,544,499,132,173,17,3,6,0,6,45,0,71,0,0,0,0,0
1975,R,reusj001,loaded,14,12,3,4,1,0,0,0,8,2,0,2,2,0,0,0,0
1975,L,reusj001,menon,12,10,3,4,1,0,0,0,4,2,0,1,0,0,0,0,0
1975,R,reusj001,menon,440,386,92,121,13,2,4,0,57,33,8,60,29,0,18,3,0
1975,L,reusj001,scoring,12,10,3,4,1,0,0,0,4,2,0,1,0,0,0,0,0
1975,R,reusj001,scoring,237,202,44,58,7,2,1,0,47,26,8,35,10,0,6,3,0
1975,R,reusp101,empty,80,76,21,27,4,1,0,0,0,4,0,7,0,0,0,0,0
1975,R,reusp101,loaded,9,8,4,4,0,0,0,0,8,0,0,1,0,0,0,1,0
1975,R,reusp101,menon,80,65,23,27,1,0,1,0,18,9,2,5,4,1,4,1,0
1975,R,reusp101,scoring,51,40,13,17,1,0,1,0,18,8,2,4,1,0,2,1,0
1975,R,reusr001,empty,548,510,131,179,23,5,5,0,5,33,0,90,0,5,0,0,0
1975,R,reusr001,loaded,25,25,9,12,0,0,1,1,16,0,0,2,2,0,0,0,0
1975,R,reusr001,menon,459,399,113,170,11,5,12,1,95,34,8,65,28,2,20,4,0
1975,R,reusr001,scoring,259,225,65,95,7,1,7,1,79,22,8,43,6,1,7,4,0
1975,R,reynb102,empty,91,84,27,44,6,1,3,0,3,6,0,14,0,1,0,0,0
1975,R,reynb102,loaded,12,11,4,8,1,0,1,1,11,1,0,1,0,0,0,0,0
1975,R,reynb102,menon,136,119,35,61,6,1,6,1,48,12,2,18,3,0,3,2,0
1975,R,reynb102,scoring,99,85,28,50,5,1,5,1,45,9,2,16,2,0,3,2,0
1975,R,reynk101,empty,35,28,5,6,1,0,0,0,0,7,0,6,0,0,0,0,0
1975,R,reynk101,loaded,4,4,0,0,0,0,0,0,1,0,0,0,0,0,0,0,0
1975,R,reynk101,menon,36,31,7,8,1,0,0,0,3,4,2,1,2,0,1,0,0
1975,R,reynk101,scoring,23,18,3,3,0,0,0,0,3,4,2,1,0,0,1,0,0
1975,R,rhodr001,empty,241,223,51,78,4,1,7,0,7,18,0,26,0,0,0,0,0
1975,R,rhodr001,loaded,9,7,1,1,0,0,0,0,5,0,0,1,0,0,0,2,0
1975,R,rhodr001,menon,174,149,43,55,9,0,1,0,33,14,1,14,5,1,5,5,0
1975,R,rhodr001,scoring,109,95,26,37,8,0,1,0,33,8,1,12,1,1,0,5,0
1975,R,richj101,empty,466,389,95,129,15,2,5,0,5,75,0,95,0,2,0,0,0
1975,R,richj101,loaded,25,22,6,7,1,0,0,0,15,2,0,4,2,1,0,0,0
1975,R,richj101,menon,439,360,83,108,12,2,3,0,71,63,0,81,22,2,10,4,0
1975,R,richj101,scoring,268,222,46,57,7,2,0,0,60,35,0,56,10,1,6,4,0
1975,R,robed101,empty,486,446,100,149,14,1,11,0,11,39,0,59,0,1,0,0,0
1975,R,robed101,loaded,11,9,2,3,1,0,0,0,7,0,0,2,0,0,0,2,0
1975,R,robed101,menon,355,299,82,118,15,3,5,0,73,34,4,42,12,1,12,8,1
1975,R,robed101,scoring,188,161,50,74,11,2,3,0,67,18,4,22,3,1,0,8,0
1975,R,rodre102,empty,179,163,39,56,5,0,4,0,4,14,0,31,0,2,0,0,0
1975,R,rodre102,loaded,16,14,3,6,0,0,1,1,12,0,0,3,0,1,0,1,0
1975,R,rodre102,menon,205,165,38,60,5,1,5,1,43,30,9,34,3,3,5,2,0
1975,R,rodre102,scoring,133,106,23,39,4,0,4,1,40,22,9,22,1,2,1,2,0
1975,R,roges001,empty,595,544,132,180,18,3,8,0,8,50,0,82,0,1,0,0,0
1975,R,roges001,loaded,22,20,5,7,2,0,0,0,15,0,0,4,3,0,1,1,0
1975,R,roges001,menon,473,410,116,150,19,0,5,0,84,38,8,55,27,3,18,4,0
1975,R,roges001,scoring,275,242,66,92,14,0,4,0,80,25,8,35,9,2,2,4,0
1975,L,rookj101,empty,9,9,3,3,0,0,0,0,0,0,0,3,0,0,0,0,0
1975,R,rookj101,empty,457,416,101,148,14,3,9,0,9,39,0,57,0,2,0,0,0
1975,R,rookj101,loaded,24,22,3,4,1,0,0,0,8,1,0,5,2,0,0,1,0
1975,L,rookj101,menon,10,9,4,7,0,0,1,0,4,0,0,1,0,0,0,1,0
1975,R,rookj101,menon,382,329,76,110,9,2,7,0,60,37,13,45,13,1,11,4,0
1975,L,rookj101,scoring,6,5,2,2,0,0,0,0,2,0,0,0,0,0,0,1,0
1975,R,rookj101,scoring,207,171,40,57,4,2,3,0,49,29,13,24,4,1,2,4,0
1975,R,rossg102,empty,14,14,4,8,1,0,1,0,1,0,0,4,0,0,0,0,0
1975,R,rossg102,menon,9,8,2,2,0,0,0,0,2,1,0,0,0,0,0,0,0
1975,R,rossg102,scoring,6,6,1,1,0,0,0,0,2,0,0,0,0,0,0,0,0
1975,R,ruhlv001,empty,464,427,114,160,14,1,10,0,10,32,0,42,0,5,0,0,0
1975,R,ruhlv001,loaded,21,18,7,7,0,0,0,0,16,1,0,3,2,0,0,2,0
1975,R,ruhlv001,menon,366,322,85,123,13,2,7,0,76,33,6,25,18,2,4,5,0
1975,R,ruhlv001,scoring,205,172,55,83,12,2,4,0,70,25,6,17,8,2,1,5,0
1975,R,ruthd001,empty,96,80,17,23,3,0,1,0,1,16,0,16,0,0,0,0,0
1975,R,ruthd001,loaded,2,2,1,3,0,1,0,0,3,0,0,1,0,0,0,0,0
1975,R,ruthd001,menon,81,72,20,30,5,1,1,0,15,6,0,10,5,1,1,1,0
1975,R,ruthd001,scoring,46,39,14,23,4,1,1,0,15,5,0,6,1,1,0,1,0
1975,R,ryann001,empty,457,378,81,110,8,3,5,0,5,75,0,111,0,4,0,0,0
1975,R,ryann001,loaded,20,19,4,6,2,0,0,0,13,0,0,4,2,0,0,1,0
1975,R,ryann001,menon,407,334,71,108,13,0,8,0,73,57,0,75,19,3,6,7,0
1975,R,ryann001,scoring,239,193,44,64,8,0,4,0,64,35,0,49,4,2,2,7,0
1975,R,sader101,empty,164,147,39,56,8,3,1,0,1,13,0,19,0,4,0,0,0
1975,R,sader101,loaded,16,12,5,8,3,0,0,0,16,0,0,1,0,0,0,4,0
1975,R,sader101,menon,200,168,52,73,13,1,2,0,51,18,7,13,8,0,5,9,0
1975,R,sader101,scoring,128,102,32,46,12,1,0,0,46,14,7,10,2,0,3,9,0
1975,R,sandk101,empty,93,88,20,31,3,1,2,0,2,5,0,5,0,0,0,0,0
1975,R,sandk101,loaded,8,6,1,2,1,0,0,0,4,0,0,0,0,0,1,1,0
1975,R,sandk101,menon,79,63,11,14,3,0,0,0,11,9,7,3,0,0,6,1,0
1975,R,sandk101,scoring,55,42,7,10,3,0,0,0,11,7,7,2,0,0,5,1,0
1975,R,sawyr101,empty,13,12,4,4,0,0,0,0,0,1,0,2,0,0,0,0,0
1975,R,sawyr101,menon,12,11,3,3,0,0,0,0,0,1,0,1,1,0,0,0,0
1975,R,sawyr101,scoring,7,7,1,1,0,0,0,0,0,0,0,0,0,0,0,0,0
1975,R,scarm101,menon,1,1,1,1,0,0,0,0,1,0,0,0,0,0,0,0,0
1975,R,scarm101,scoring,1,1,1,1,0,0,0,0,1,0,0,0,0,0,0,0,0
1975,R,schef102,empty,192,173,52,77,10,3,3,0,3,18,0,26,0,1,0,0,0
1975,R,schef102,loaded,23,16,2,4,2,0,0,0,11,2,0,2,2,2,0,3,0
1975,R,schef102,menon,234,190,53,76,11,0,4,0,49,27,8,30,11,5,6,6,0
1975,R,schef102,scoring,165,135,34,52,6,0,4,0,47,19,8,22,7,4,1,6,0
1975,R,schub104,empty,11,10,3,4,1,0,0,0,0,1,0,2,0,0,0,0,0
1975,R,schub104,loaded,4,2,2,3,1,0,0,0,5,2,0,0,0,0,0,0,0
1975,R,schub104,menon,24,20,8,9,1,0,0,0,11,4,1,2,0,0,0,0,0
1975,R,schub104,scoring,17,14,7,8,1,0,0,0,11,3,1,1,0,0,0,0,0
1975,R,schur101,empty,210,188,44,71,11,2,4,0,4,22,0,40,0,0,0,0,0
1975,R,schur101,loaded,7,7,4,4,0,0,0,0,7,0,0,0,1,0,0,0,0
1975,R,schur101,menon,181,153,44,58,6,1,2,0,46,18,4,29,6,1,7,2,0
1975,R,schur101,scoring,129,110,33,42,3,0,2,0,43,14,4,24,2,0,3,2,0
1975,R,scotm101,empty,147,138,26,45,4,3,3,0,3,9,0,17,0,0,0,0,0
1975,R,scotm101,loaded,13,11,4,4,0,0,0,0,10,1,0,2,1,0,0,1,0
1975,R,scotm101,menon,136,115,33,52,4,0,5,0,47,9,5,14,3,1,6,5,0
1975,R,scotm101,scoring,95,81,26,35,3,0,2,0,41,7,5,11,1,1,1,5,0
1975,R,seavt001,empty,681,623,123,167,18,4,6,0,6,56,0,144,0,2,0,0,0
1975,R,seavt001,loaded,9,9,3,3,0,0,0,0,4,0,0,2,2,0,0,0,0
1975,R,seavt001,menon,434,389,94,128,19,0,5,0,67,32,6,99,18,2,9,2,0
1975,R,seavt001,scoring,248,222,50,64,8,0,2,0,53,23,6,62,6,1,0,2,0
1975,R,segud101,empty,144,120,36,59,4,2,5,0,5,24,0,24,0,0,0,0,0
1975,R,segud101,loaded,8,6,2,2,0,0,0,0,5,2,0,0,1,0,0,0,0
1975,R,segud101,menon,172,143,35,56,4,1,5,0,35,19,3,21,9,0,10,0,0
1975,W,segud101,menon,3,2,0,0,0,0,0,0,1,0,0,0,0,0,0,1,0
1975,R,segud101,scoring,106,90,23,29,3,0,1,0,26,13,3,12,3,0,3,0,0
1975,W,segud101,scoring,2,1,0,0,0,0,0,0,1,0,0,0,0,0,0,1,0
1975,R,selld101,empty,43,39,6,17,0,1,3,0,3,4,0,7,0,0,0,0,0
1975,R,selld101,loaded,7,5,2,2,0,0,0,0,5,2,0,0,0,0,0,0,0
1975,R,selld101,menon,32,24,9,15,0,0,2,0,14,8,1,1,1,0,0,0,0
1975,R,selld101,scoring,22,15,6,9,0,0,1,0,12,7,1,1,0,0,0,0,0
1975,R,siebp101,empty,30,26,9,10,1,0,0,0,0,4,0,4,0,0,0,0,0
1975,R,siebp101,loaded,6,5,1,2,1,0,0,0,3,0,0,1,1,1,0,0,0
1975,R,siebp101,menon,47,42,11,14,3,0,0,0,6,2,1,2,3,1,2,0,0
1975,R,siebp101,scoring,33,29,7,10,3,0,0,0,6,2,1,2,3,1,1,0,0
1975,R,siebs101,empty,217,201,54,74,6,1,4,0,4,14,0,36,0,1,0,0,1
1975,R,siebs101,loaded,13,12,1,1,0,0,0,0,3,0,0,1,1,0,0,1,0
1975,R,siebs101,menon,184,148,43,60,11,0,2,0,32,27,7,18,4,0,5,4,0
1975,R,siebs101,scoring,119,91,28,42,8,0,2,0,31,24,7,11,2,0,0,4,0
1975,R,simpw101,empty,68,62,17,23,3,0,1,0,1,5,0,7,0,1,0,0,0
1975,R,simpw101,loaded,3,1,0,0,0,0,0,0,2,1,0,0,1,0,0,1,0
1975,R,simpw101,menon,64,56,14,20,4,1,0,0,9,6,0,12,2,0,1,1,0
1975,R,simpw101,scoring,34,30,7,8,1,0,0,0,7,3,0,6,1,0,0,1,0
1975,R,singb101,empty,435,376,90,128,12,1,8,0,8,54,0,44,0,5,0,0,0
1975,R,singb101,loaded,15,14,7,11,1,0,1,1,17,1,0,0,0,0,0,0,0
1975,R,singb101,menon,335,290,81,123,10,1,10,1,75,27,5,34,16,1,11,6,0
1975,R,singb101,scoring,176,145,45,70,5,1,6,1,66,19,5,19,2,1,5,6,0
1975,R,slatj001,empty,522,469,130,202,23,2,15,0,15,53,0,64,0,0,0,0,0
1975,R,slatj001,loaded,24,20,4,6,0,1,0,0,13,2,0,6,1,0,0,2,0
1975,R,slatj001,menon,448,393,108,169,18,2,13,0,93,37,6,55,15,2,9,7,0
1975,R,slatj001,scoring,258,215,55,92,11,1,8,0,78,31,6,39,6,1,4,7,0
1975,R,soloe101,empty,10,8,1,3,0,1,0,0,0,2,0,1,0,0,0,0,0
1975,R,soloe101,loaded,1,0,0,0,0,0,0,0,1,1,0,0,0,0,0,0,0
1975,R,soloe101,menon,24,18,6,9,0,0,1,0,7,4,2,2,0,0,2,0,0
1975,R,soloe101,scoring,16,11,3,3,0,0,0,0,5,4,2,1,0,0,1,0,0
1975,R,sosae101,empty,187,161,41,57,8,1,2,0,2,22,0,20,0,4,0,0,0
1975,R,sosae101,loaded,9,8,2,3,1,0,0,0,5,0,0,0,3,0,0,1,0
1975,R,sosae101,menon,208,173,51,69,6,0,4,0,47,22,9,26,8,0,8,5,0
1975,R,sosae101,scoring,128,106,33,49,4,0,4,0,46,16,9,21,6,0,1,5,0
1975,R,sosaj101,empty,105,92,25,39,2,0,4,0,4,13,0,19,0,0,0,0,0
1975,R,sosaj101,loaded,5,3,0,0,0,0,0,0,2,0,0,1,0,0,0,2,0
1975,R,sosaj101,menon,101,83,26,37,6,1,1,0,23,10,4,12,1,1,4,3,0
1975,R,sosaj101,scoring,65,50,16,22,4,1,0,0,20,10,4,9,0,1,1,3,0
1975,R,spild001,empty,400,367,104,141,12,2,7,0,7,33,0,54,0,0,0,0,0
1975,R,spild001,loaded,16,15,5,5,0,0,0,0,10,0,0,3,1,0,0,1,0
1975,R,spild001,menon,346,296,90,131,14,3,7,0,77,30,7,50,11,2,13,5,0
1975,R,spild001,scoring,205,171,52,76,8,2,4,0,67,24,7,31,4,2,3,5,0
1975,R,splip001,empty,383,354,79,113,12,2,6,0,6,28,0,44,0,1,0,0,0
1975,R,splip001,loaded,13,12,5,8,1,1,0,0,13,0,0,1,1,0,0,1,0
1975,R,splip001,menon,300,258,77,104,11,2,4,0,63,28,10,32,9,0,9,5,0
1975,R,splip001,scoring,183,153,40,53,5,1,2,0,54,22,9,21,1,0,3,5,0
1975,R,sprae101,empty,157,133,40,57,5,0,4,0,4,23,0,8,0,1,0,0,0
1975,R,sprae101,loaded,8,8,1,1,0,0,0,0,3,0,0,1,0,0,0,0,0
1975,R,sprae101,menon,163,140,41,52,8,0,1,0,31,17,3,13,9,1,4,1,0
1975,R,sprae101,scoring,103,87,21,29,5,0,1,0,28,13,3,8,5,1,1,1,0
1975,R,stand101,empty,33,27,7,8,1,0,0,0,0,6,0,4,0,0,0,0,0
1975,R,stand101,loaded,5,5,1,2,1,0,0,0,2,0,0,0,0,0,0,0,0
1975,R,stand101,menon,34,28,12,17,2,0,1,0,9,5,2,1,1,0,0,1,0
1975,R,stand101,scoring,24,19,7,8,1,0,0,0,7,4,2,1,0,0,0,1,0
1975,R,stanm001,empty,35,27,9,11,2,0,0,0,0,8,0,3,0,0,0,0,0
1975,R,stanm001,loaded,3,2,1,1,0,0,0,0,3,1,0,1,0,0,0,0,0
1975,R,stanm001,menon,54,42,11,16,2,0,1,0,11,12,0,13,0,0,0,0,0
1975,R,stanm001,scoring,43,35,7,10,0,0,1,0,10,8,0,12,0,0,0,0,0
1975,R,stodt001,empty,4,4,2,5,0,0,1,0,1,0,0,0,0,0,0,0,0
1975,R,stodt001,menon,1,1,0,0,0,0,0,0,0,0,0,0,0,0,0,0,0
1975,R,stong102,empty,127,119,40,58,7,1,3,0,3,8,0,10,0,0,0,0,0
1975,R,stong102,loaded,4,4,1,1,0,0,0,0,2,0,0,0,0,0,0,0,0
1975,R,stong102,menon,134,113,35,43,4,2,0,0,30,13,3,11,4,0,7,1,0
1975,R,stong102,scoring,85,72,25,31,4,1,0,0,29,12,3,6,1,0,0,1,0
1975,R,stons101,empty,530,481,109,179,13,3,17,0,17,46,0,89,0,3,0,0,0
1975,R,stons101,loaded,17,13,4,5,1,0,0,0,11,3,0,1,1,0,0,1,0
1975,R,stons101,menon,381,326,89,131,21,0,7,0,75,34,3,50,14,2,11,8,0
1975,R,stons101,scoring,196,163,45,63,9,0,3,0,61,23,3,29,3,0,2,8,0
1975,R,strij104,empty,10,10,3,3,0,0,0,0,0,0,0,2,0,0,0,0,0
1975,R,strij104,loaded,1,1,0,0,0,0,0,0,0,0,0,0,0,0,0,0,0
1975,R,strij104,menon,11,8,1,1,0,0,0,0,1,2,0,1,0,1,0,0,0
1975,R,strij104,scoring,7,4,1,1,0,0,0,0,1,2,0,1,0,1,0,0,0
1975,R,strob101,empty,295,272,59,86,15,0,4,0,4,21,0,33,0,2,0,0,0
1975,R,strob101,menon,193,170,44,58,6,1,2,0,31,12,2,23,15,0,8,3,0
1975,R,strob101,scoring,124,110,23,31,3,1,1,0,28,9,2,18,9,0,2,3,0
1975,R,suttd001,empty,638,602,119,183,24,5,10,0,10,33,0,116,0,3,0,0,0
1975,R,suttd001,loaded,14,12,5,5,0,0,0,0,11,0,0,2,0,0,0,2,0
1975,R,suttd001,menon,393,346,83,129,17,4,7,0,73,29,5,59,3,0,14,4,0
1975,R,suttd001,scoring,243,215,43,64,8,2,3,0,60,22,5,45,1,0,2,4,0
1975,R,swanc001,empty,81,73,19,35,5,1,3,0,3,7,0,11,0,1,0,0,0
1975,R,swanc001,loaded,1,1,1,1,0,0,0,0,2,0,0,0,0,0,0,0,0
1975,R,swanc001,menon,61,53,19,28,6,0,1,0,15,6,2,8,1,0,0,2,0
1975,R,swanc001,scoring,42,36,12,15,3,0,0,0,13,4,2,4,0,0,0,2,0
1975,R,tanaf001,empty,634,586,136,205,19,1,16,0,16,43,0,164,0,5,0,0,0
1975,R,tanaf001,loaded,12,12,5,6,1,0,0,0,11,0,0,3,0,0,0,0,0
1975,R,tanaf001,menon,395,346,75,101,11,0,5,0,56,30,6,105,15,2,13,4,0
1975,R,tanaf001,scoring,204,175,35,42,4,0,1,0,45,21,6,55,3,1,3,4,0
1975,R,tater101,empty,326,278,60,85,9,2,4,0,4,47,0,52,0,1,0,0,0
1975,R,tater101,loaded,14,11,4,5,1,0,0,0,13,2,0,1,1,0,0,1,0
1975,R,tater101,menon,279,227,61,83,10,0,4,0,59,39,3,47,7,4,7,2,0
1975,R,tater101,scoring,161,131,35,52,5,0,4,0,54,23,3,28,3,1,4,2,0
1975,R,taylc101,empty,148,140,31,46,1,1,4,0,4,8,0,15,0,0,0,0,0
1975,R,taylc101,loaded,23,20,6,8,2,0,0,0,17,2,0,2,0,0,0,1,0
1975,R,taylc101,menon,160,133,41,57,4,3,2,0,47,16,5,14,11,1,6,4,0
1975,R,taylc101,scoring,109,90,26,36,3,2,1,0,44,11,5,10,5,1,3,4,0
1975,L,tekuk001,empty,2,2,2,3,1,0,0,0,0,0,0,0,0,0,0,0,0
1975,R,tekuk001,empty,117,107,20,27,2,1,1,0,1,9,0,12,0,1,0,0,0
1975,R,tekuk001,loaded,6,4,1,1,0,0,0,0,3,2,0,1,0,0,0,0,0
1975,L,tekuk001,menon,6,5,1,1,0,0,0,0,0,1,0,2,0,0,0,0,0
1975,R,tekuk001,menon,115,93,23,31,5,0,1,0,23,14,6,16,5,0,6,2,0
1975,L,tekuk001,scoring,6,5,1,1,0,0,0,0,0,1,0,2,0,0,0,0,0
1975,R,tekuk001,scoring,77,63,12,16,4,0,0,0,21,11,6,10,4,0,1,2,0
1975,R,terlg101,empty,65,61,22,37,6,0,3,0,3,4,0,3,0,0,0,0,0
1975,R,terlg101,loaded,6,6,1,1,0,0,0,0,1,0,0,0,0,0,0,0,0
1975,R,terlg101,menon,73,60,16,23,4,0,1,0,11,8,5,10,2,0,4,1,0
1975,R,terlg101,scoring,47,40,8,10,2,0,0,0,8,6,5,9,0,0,0,1,0
1975,R,thomm102,empty,123,106,31,38,2,1,1,0,1,17,0,22,0,0,0,0,0
1975,R,thomm102,loaded,7,5,1,2,1,0,0,0,4,1,0,1,0,0,0,1,0
1975,R,thomm102,menon,117,91,29,35,3,0,1,0,24,15,0,20,4,0,8,3,0
1975,R,thomm102,scoring,68,52,14,18,1,0,1,0,23,8,0,10,1,0,5,3,0
1975,R,thoms102,empty,181,163,35,38,1,1,0,0,0,15,0,26,0,3,0,0,0
1975,R,thoms102,loaded,8,7,0,0,0,0,0,0,1,0,0,3,1,0,0,1,0
1975,R,thoms102,menon,160,138,37,54,9,1,2,0,19,19,6,20,12,0,2,1,0
1975,R,thoms102,scoring,96,81,13,25,4,1,2,0,18,13,6,15,8,0,1,1,0
1975,R,throg101,empty,17,16,4,10,1,1,1,0,1,1,0,4,0,0,0,0,0
1975,R,throg101,menon,19,16,4,5,1,0,0,0,6,1,0,4,0,0,1,1,0
1975,R,throg101,scoring,18,15,4,5,1,0,0,0,6,1,0,3,0,0,1,1,0
1975,L,tianl101,empty,17,15,2,2,0,0,0,0,0,2,0,5,0,0,0,0,0
1975,R,tianl101,empty,639,594,139,222,26,6,15,0,15,42,0,78,0,3,0,0,0
1975,W,tianl101,empty,62,58,15,20,2,0,1,0,1,4,0,5,0,0,0,0,0
1975,R,tianl101,loaded,15,12,2,2,0,0,0,0,8,1,0,3,1,0,0,2,0
1975,L,tianl101,menon,18,17,1,2,1,0,0,0,1,1,0,3,0,0,0,0,0
1975,R,tianl101,menon,441,398,123,186,25,4,10,0,105,30,0,64,20,1,7,5,0
1975,W,tianl101,menon,45,40,10,18,4,2,0,0,9,4,2,7,0,0,1,0,0
1975,L,tianl101,scoring,8,8,0,0,0,0,0,0,1,0,0,2,0,0,0,0,0
1975,R,tianl101,scoring,264,237,78,112,13,3,5,0,90,17,0,34,9,1,4,5,0
1975,W,tianl101,scoring,27,24,6,13,3,2,0,0,8,3,2,3,0,0,0,0,0
1975,R,tidrd001,empty,137,125,32,51,5,1,4,0,4,12,0,21,0,0,0,0,0
1975,R,tidrd001,loaded,14,13,2,3,1,0,0,0,5,0,0,1,2,1,0,0,0
1975,R,tidrd001,menon,157,128,33,42,6,0,1,0,28,19,6,16,14,3,4,2,1
1975,R,tidrd001,scoring,102,79,19,23,4,0,0,0,25,18,6,12,6,2,1,2,0
1975,L,toddj102,empty,2,2,1,2,1,0,0,0,0,0,0,0,0,0,0,0,0
1975,R,toddj102,empty,251,232,47,53,4,1,0,0,0,19,0,31,0,0,0,0,0
1975,R,toddj102,loaded,10,10,4,7,0,0,1,1,8,0,0,1,1,0,0,0,0
1975,L,toddj102,menon,3,3,2,2,0,0,0,0,2,0,0,0,1,0,0,0,0
1975,R,toddj102,menon,238,212,57,76,5,1,4,1,50,14,4,19,17,3,6,3,0
1975,L,toddj102,scoring,3,3,2,2,0,0,0,0,2,0,0,0,1,0,0,0,0
1975,R,toddj102,scoring,138,122,31,38,2,1,1,1,41,10,4,8,5,2,1,3,0
1975,R,tomld001,empty,167,154,45,63,4,1,4,0,4,12,0,27,0,1,0,0,0
1975,R,tomld001,loaded,18,16,3,6,0,0,1,1,9,0,0,2,2,0,0,2,0
1975,R,tomld001,menon,197,161,42,53,6,1,1,1,32,19,9,21,6,1,12,4,0
1975,R,tomld001,scoring,143,115,25,34,4,1,1,1,31,17,9,16,4,0,7,4,0
1975,R,tomst101,empty,22,22,7,12,2,0,1,0,1,0,0,3,0,0,0,0,0
1975,R,tomst101,loaded,4,4,1,2,1,0,0,0,3,0,0,2,0,0,0,0,0
1975,R,tomst101,menon,26,19,6,9,3,0,0,0,5,6,5,3,1,0,0,1,0
1975,R,tomst101,scoring,21,14,2,3,1,0,0,0,5,6,5,3,0,0,0,1,0
1975,R,torrm001,empty,647,572,137,196,24,4,9,0,9,72,0,69,0,3,0,0,0
1975,R,torrm001,loaded,24,19,5,7,2,0,0,0,18,4,0,3,0,0,0,1,0
1975,R,torrm001,menon,497,422,101,131,12,0,6,0,76,61,5,50,35,2,7,5,0
1975,R,torrm001,scoring,289,240,48,66,9,0,3,0,70,40,5,34,11,1,3,5,0
1975,R,torrp101,empty,13,11,3,3,0,0,0,0,0,2,0,3,0,0,0,0,0
1975,R,torrp101,loaded,1,0,0,0,0,0,0,0,1,1,0,0,0,0,0,0,0
1975,R,torrp101,menon,18,17,4,4,0,0,0,0,2,1,0,2,0,0,0,0,0
1975,R,torrp101,scoring,9,8,1,1,0,0,0,0,2,1,0,2,0,0,0,0,0
1975,R,travb101,empty,336,293,72,109,12,2,7,0,7,36,0,42,0,7,0,0,0
1975,R,travb101,loaded,6,6,3,6,0,0,1,1,8,0,0,0,2,0,0,0,0
1975,R,travb101,menon,259,224,58,91,7,1,8,1,58,24,3,15,17,4,1,6,0
1975,R,travb101,scoring,129,104,32,56,4,1,6,1,52,15,3,6,5,3,1,6,0
1975,R,twitw101,empty,318,270,64,80,6,2,2,0,2,47,0,57,0,1,0,0,0
1975,R,twitw101,loaded,12,9,1,2,1,0,0,0,7,2,0,2,0,0,0,1,0
1975,R,twitw101,menon,283,233,67,101,8,1,8,0,67,31,3,44,9,0,12,6,1
1975,R,twitw101,scoring,182,150,38,60,5,1,5,0,59,22,3,35,5,0,3,6,1
1975,R,umbaj101,empty,281,252,71,92,10,1,3,0,3,29,0,28,0,0,0,0,0
1975,R,umbaj101,loaded,18,17,7,11,1,0,1,1,17,0,0,5,0,0,0,1,0
1975,R,umbaj101,menon,280,233,63,97,10,0,8,1,66,30,9,22,21,2,9,6,0
1975,R,umbaj101,scoring,159,128,37,55,6,0,4,1,57,21,9,16,7,1,3,6,0
1975,R,undet001,empty,516,469,121,166,21,3,6,0,6,43,0,64,0,4,0,0,0
1975,R,undet001,loaded,28,22,2,2,0,0,0,0,10,4,0,5,5,1,0,1,0
1975,R,undet001,menon,433,374,100,140,16,3,6,0,88,41,5,59,27,2,9,7,0
1975,R,undet001,scoring,240,201,55,82,6,3,5,0,80,28,5,38,11,1,3,7,0
1975,R,upshc101,empty,89,76,22,36,2,0,4,0,4,11,0,9,0,2,0,0,0
1975,R,upshc101,loaded,11,11,1,1,0,0,0,0,3,0,0,0,3,0,0,0,0
1975,R,upshc101,menon,119,105,27,30,0,0,1,0,21,10,3,13,7,2,2,0,0
1975,R,upshc101,scoring,74,65,16,16,0,0,0,0,19,8,3,9,3,1,0,0,0
1975,R,vuckp001,empty,26,22,5,6,1,0,0,0,0,4,0,3,0,0,0,0,0
1975,R,vuckp001,loaded,2,2,0,0,0,0,0,0,1,0,0,1,0,0,0,0,0
1975,R,vuckp001,menon,26,22,12,15,1,1,0,0,11,3,1,2,2,0,1,0,0
1975,R,vuckp001,scoring,21,18,8,9,1,0,0,0,10,3,1,2,2,0,0,0,0
1975,R,waitr001,empty,173,158,31,41,4,0,2,0,2,14,0,21,0,1,0,0,0
1975,R,waitr001,loaded,10,9,3,4,1,0,0,0,8,1,0,1,1,0,0,0,0
1975,R,waitr001,menon,112,100,26,38,7,1,1,0,24,11,5,13,3,0,1,0,0
1975,R,waitr001,scoring,62,53,14,20,4,1,0,0,21,8,5,7,1,0,1,0,0
1975,R,walkt103,empty,262,241,61,101,9,2,9,0,9,18,0,32,0,3,0,0,0
1975,R,walkt103,loaded,17,15,4,4,0,0,0,0,11,1,0,2,0,0,0,1,0
1975,R,walkt103,menon,243,204,55,91,5,5,7,0,61,22,3,28,3,2,9,6,0
1975,R,walkt103,scoring,163,136,35,53,1,4,3,0,51,17,3,22,0,2,2,6,0
1975,R,wallm102,empty,21,21,9,9,0,0,0,0,0,0,0,3,0,0,0,0,0
1975,R,wallm102,loaded,2,2,1,2,1,0,0,0,3,0,0,1,0,0,0,0,0
1975,R,wallm102,menon,43,35,11,18,4,0,1,0,11,6,2,5,3,0,2,0,0
1975,R,wallm102,scoring,31,27,7,13,3,0,1,0,11,4,2,4,1,0,0,0,0
1975,R,walls101,empty,35,30,8,13,3,1,0,0,0,5,0,5,0,0,0,0,0
1975,R,walls101,loaded,1,1,0,0,0,0,0,0,0,0,0,0,0,0,0,0,0
1975,R,walls101,menon,31,24,4,7,1,1,0,0,5,2,0,1,3,1,1,3,0
1975,R,walls101,scoring,23,17,2,4,0,1,0,0,5,2,0,1,1,1,0,3,0
1975,R,wartd101,empty,374,314,70,100,12,3,4,0,4,58,0,80,0,1,0,0,1
1975,R,wartd101,loaded,12,9,3,3,0,0,0,0,6,1,0,2,2,0,0,2,0
1975,R,wartd101,menon,326,284,60,88,8,4,4,0,47,29,4,48,17,0,7,6,0
1975,R,wartd101,scoring,180,155,28,39,4,2,1,0,37,17,4,35,3,0,2,6,0
1975,R,watte101,empty,8,6,4,6,2,0,0,0,0,2,0,1,0,0,0,0,0
1975,R,watte101,loaded,4,3,1,2,1,0,0,0,3,1,0,1,0,0,0,0,0
1975,R,watte101,menon,33,25,10,12,2,0,0,0,9,6,4,5,0,1,1,0,0
1975,R,watte101,scoring,28,21,8,10,2,0,0,0,9,6,4,4,0,1,0,0,0
1975,R,webbh101,empty,273,239,55,88,9,0,8,0,8,33,0,16,0,1,0,0,0
1975,R,webbh101,loaded,9,6,2,3,1,0,0,0,8,2,0,1,0,0,0,1,0
1975,R,webbh101,menon,229,194,47,73,10,2,4,0,44,29,4,22,10,0,4,2,0
1975,R,webbh101,scoring,134,110,25,40,7,1,2,0,38,21,4,14,5,0,1,2,0
1975,R,wilcm001,empty,81,74,27,36,4,1,1,0,1,6,0,7,0,1,0,0,0
1975,R,wilcm001,loaded,4,2,1,1,0,0,0,0,4,1,0,1,0,0,0,1,0
1975,R,wilcm001,menon,97,81,23,37,5,0,3,0,27,11,2,14,5,0,3,2,0
1975,R,wilcm001,scoring,60,48,14,24,4,0,2,0,24,8,2,11,2,0,2,2,0
1975,R,wilem101,empty,87,84,23,35,3,0,3,0,3,2,0,9,0,1,0,0,0
1975,R,wilem101,loaded,10,9,3,4,1,0,0,0,9,0,0,0,1,0,0,1,0
1975,R,wilem101,menon,85,70,27,35,3,1,1,0,26,11,1,6,7,0,1,3,0
1975,R,wilem101,scoring,57,46,18,22,2,1,0,0,24,8,1,4,4,0,0,3,0
1975,R,willc101,empty,192,166,48,70,11,4,1,0,1,24,0,24,0,2,0,0,0
1975,R,willc101,loaded,23,19,6,9,3,0,0,0,18,2,0,0,2,1,0,1,0
1975,R,willc101,menon,246,193,46,74,11,7,1,0,53,42,14,21,14,2,5,4,0
1975,R,willc101,scoring,174,137,34,57,8,6,1,0,50,31,14,15,6,1,1,4,0
1975,R,willj102,empty,101,94,20,32,3,0,3,0,3,6,0,15,0,1,0,0,0
1975,W,willj102,empty,16,15,3,3,0,0,0,0,0,0,0,1,0,1,0,0,0
1975,R,willj102,loaded,12,9,3,3,0,0,0,0,8,1,0,0,1,0,1,1,0
1975,W,willj102,loaded,1,1,0,0,0,0,0,0,0,0,0,0,0,0,0,0,0
1975,R,willj102,menon,107,92,26,42,7,0,3,0,27,10,3,14,2,1,2,2,0
1975,W,willj102,menon,6,6,0,0,0,0,0,0,0,0,0,1,0,0,0,0,0
1975,R,willj102,scoring,73,62,16,27,5,0,2,0,25,7,3,8,2,1,1,2,0
1975,W,willj102,scoring,3,3,0,0,0,0,0,0,0,0,0,1,0,0,0,0,0
1975,L,wiser101,empty,20,17,3,3,0,0,0,0,0,3,0,1,0,0,0,0,0
1975,R,wiser101,empty,626,587,162,257,26,3,21,0,21,36,0,81,0,3,0,0,0
1975,W,wiser101,empty,19,17,4,12,0,1,2,0,2,2,0,1,0,0,0,0,0
1975,R,wiser101,loaded,16,12,5,8,0,0,1,1,16,1,0,2,0,1,0,2,0
1975,L,wiser101,menon,11,11,3,3,0,0,0,0,3,0,0,1,0,0,0,0,0
1975,R,wiser101,menon,465,408,100,155,10,3,13,1,91,36,1,60,13,1,10,9,1
1975,W,wiser101,menon,5,5,2,5,0,0,1,0,2,0,0,1,0,0,0,0,0
1975,L,wiser101,scoring,4,4,2,2,0,0,0,0,3,0,0,0,0,0,0,0,0
1975,R,wiser101,scoring,268,228,42,68,4,2,6,1,70,25,1,42,4,1,4,9,1
1975,W,wiser101,scoring,4,4,1,4,0,0,1,0,2,0,0,1,0,0,0,0,0
1975,R,woodw103,empty,733,672,172,257,24,5,17,0,17,56,0,97,0,5,0,0,0
1975,R,woodw103,loaded,8,7,2,3,1,0,0,0,4,0,0,1,0,0,0,1,0
1975,R,woodw103,menon,512,464,137,203,29,5,9,0,105,36,5,43,24,0,6,6,0
1975,R,woodw103,scoring,290,254,74,106,17,3,3,0,88,28,5,25,9,0,2,6,0
1975,R,wrigc102,empty,227,201,56,82,13,2,3,0,3,25,0,18,0,1,0,0,0
1975,R,wrigc102,loaded,6,4,1,1,0,0,0,0,4,1,0,0,0,0,0,1,0
1975,R,wrigc102,menon,196,156,49,80,11,4,4,0,54,22,3,14,9,0,10,8,0
1975,R,wrigc102,scoring,118,91,30,45,7,4,0,0,44,14,3,9,1,0,5,8,0
1975,R,yorkj101,empty,105,91,23,30,7,0,0,0,0,11,0,7,0,3,0,0,0
1975,R,yorkj101,loaded,6,5,1,4,0,0,1,1,6,0,0,0,1,0,0,1,0
1975,R,yorkj101,menon,104,80,20,27,2,1,1,1,18,14,3,10,4,2,5,3,0
1975,R,yorkj101,scoring,69,53,13,20,2,1,1,1,18,11,3,10,3,1,1,3,0
1975,R,zahng001,empty,158,141,38,56,11,2,1,0,1,17,0,14,0,0,0,0,0
1975,R,zahng001,loaded,6,4,1,1,0,0,0,0,5,2,0,0,0,0,0,0,0
1975,R,zahng001,menon,128,106,31,43,5,2,1,0,30,14,4,8,8,0,5,3,0
1975,R,zahng001,scoring,77,63,15,19,1,0,1,0,27,9,4,7,1,0,2,3,0
1975,R,zamoo101,empty,151,145,39,86,7,2,12,0,12,6,0,11,0,0,0,0,0
1975,R,zamoo101,loaded,15,11,4,5,1,0,0,0,11,2,0,0,0,0,0,2,0
1975,R,zamoo101,menon,156,138,45,64,4,0,5,0,50,9,5,17,6,0,2,7,0
1975,R,zamoo101,scoring,109,93,28,40,3,0,3,0,46,8,5,13,2,0,1,7,0
