YEAR,PHASE,RESP_PIT_ID,RESP_PIT_HAND_CD,RESP_BAT_HAND_CD,B_PA,B_AB,B_H,B_TB,B_2B,B_3B,B_HR,B_HR4,B_RBI,B_BB,B_IBB,B_SO,B_GDP,B_HP,B_SH,B_SF,B_XI
1993,L,alvaw001,L,L,4,4,2,2,0,0,0,0,0,0,0,0,0,0,0,0,0
1993,L,alvaw001,L,R,29,27,5,6,1,0,0,0,1,2,0,6,2,0,0,0,0
1993,L,andel001,R,L,7,6,3,4,1,0,0,0,2,1,1,0,0,0,0,0,0
1993,L,andel001,R,R,5,5,1,2,1,0,0,0,0,0,0,3,0,0,0,0,0
1993,L,avers001,L,L,19,15,3,5,2,0,0,0,2,4,1,3,0,0,0,0,0
1993,L,avers001,L,R,35,31,6,11,2,0,1,0,2,2,2,7,1,0,1,1,0
1993,L,belct001,R,L,7,6,2,5,1,1,0,0,1,1,1,1,0,0,0,0,0
1993,L,belct001,R,R,9,7,1,1,0,0,0,0,0,2,0,0,0,0,0,0,0
1993,L,berej002,R,L,7,5,3,3,0,0,0,0,1,1,0,1,0,1,0,0,0
1993,L,berej002,R,R,8,7,2,2,0,0,0,0,2,1,0,2,0,0,0,0,0
1993,L,castt001,L,L,3,3,0,0,0,0,0,0,0,0,0,0,1,0,0,0,0
1993,L,castt001,L,R,3,2,0,0,0,0,0,0,0,1,0,1,0,0,0,0,0
1993,L,cox-d001,R,L,12,8,3,4,1,0,0,0,1,1,1,1,1,0,2,1,0
1993,L,cox-d001,R,R,7,6,0,0,0,0,0,0,0,1,1,4,0,0,0,0,0
1993,L,delej001,R,L,9,8,5,6,1,0,0,0,1,1,0,0,0,0,0,0,0
1993,L,delej001,R,R,12,12,2,2,0,0,0,0,0,0,0,6,0,0,0,0,0
1993,L,eichm001,R,L,5,5,1,2,1,0,0,0,0,0,0,1,0,0,0,0,0
1993,L,eichm001,R,R,3,2,0,0,0,0,0,0,0,1,0,0,0,0,0,0,0
1993,L,ferna001,R,L,30,27,8,8,0,0,0,0,2,2,1,3,1,0,1,0,0
1993,L,ferna001,R,R,36,31,7,9,2,0,0,0,3,4,2,7,1,1,0,0,0
1993,L,glavt001,L,L,10,10,3,8,0,1,1,0,2,0,0,2,0,0,0,0,0
1993,L,glavt001,L,R,17,17,3,6,1,1,0,0,0,0,0,3,0,0,0,0,0
1993,L,greet001,R,L,30,23,8,11,0,0,1,0,4,7,0,3,1,0,0,0,0
1993,L,greet001,R,R,15,13,4,11,1,0,2,0,4,0,0,4,0,0,2,0,0
1993,L,guzmj003,R,L,34,27,4,4,0,0,0,0,3,6,1,4,0,1,0,0,0
1993,L,guzmj003,R,R,22,18,4,8,1,0,1,0,1,3,0,5,0,0,1,0,0
1993,L,hentp001,R,L,11,10,6,6,0,0,0,0,2,1,0,0,0,0,0,0,0
1993,L,hentp001,R,R,8,7,3,3,0,0,0,0,3,1,0,3,0,0,0,0,0
1993,L,hernr001,R,L,6,6,1,1,0,0,0,0,0,0,0,0,1,0,0,0,0
1993,L,hernr001,R,R,9,9,3,5,0,1,0,0,3,0,0,1,0,0,0,0,0
1993,L,jackd001,L,L,8,8,4,5,1,0,0,0,0,0,0,1,0,0,0,0,0
1993,L,jackd001,L,R,26,22,5,7,2,0,0,0,1,2,0,5,0,1,1,0,0
1993,L,leita001,L,L,5,5,1,1,0,0,0,0,0,0,0,1,1,0,0,0,0
1993,L,leita001,L,R,8,6,3,3,0,0,0,0,1,2,1,1,0,0,0,0,0
1993,L,maddg002,R,L,53,48,11,20,1,1,2,0,8,5,1,10,0,0,0,0,0
1993,L,maddg002,R,R,5,1,0,0,0,0,0,0,0,2,0,1,0,0,2,0,0
1993,L,masor001,R,L,8,8,1,1,0,0,0,0,1,0,0,1,0,0,0,0,0
1993,L,masor001,R,R,3,3,0,0,0,0,0,0,0,0,0,1,0,0,0,0,0
1993,L,mccak001,R,L,4,4,1,1,0,0,0,0,0,0,0,1,0,0,0,0,0
1993,L,mccak001,R,R,11,10,2,2,0,0,0,0,0,1,0,2,0,0,0,0,0
1993,L,mcdoj001,R,L,23,19,7,8,1,0,0,0,3,4,0,5,0,0,0,0,0
1993,L,mcdoj001,R,R,27,25,11,18,2,1,1,0,6,1,0,0,0,0,0,1,0
1993,L,mcmig001,R,L,14,12,5,10,2,0,1,0,2,2,1,1,0,0,0,0,0
1993,L,mcmig001,R,R,7,7,2,4,2,0,0,0,1,0,0,0,0,0,0,0,0
1993,L,merck001,L,L,9,8,0,0,0,0,0,0,1,1,0,1,0,0,0,0,0
1993,L,merck001,L,R,10,9,3,6,1,1,0,0,0,1,0,3,0,0,0,0,0
1993,L,mulht001,L,L,8,8,3,5,2,0,0,0,3,0,0,0,0,0,0,0,0
1993,L,mulht001,L,R,16,15,6,7,1,0,0,0,1,1,0,2,0,0,0,0,0
1993,L,radis001,L,L,3,2,0,0,0,0,0,0,0,1,0,1,0,0,0,0,0
1993,L,radis001,L,R,7,7,3,6,0,0,1,0,1,0,0,0,0,0,0,0,0
1993,L,riveb001,R,L,6,5,1,4,0,0,1,0,1,1,0,2,0,0,0,0,0
1993,L,riveb001,R,R,2,2,0,0,0,0,0,0,0,0,0,0,0,0,0,0,0
1993,L,schic002,R,L,47,43,8,11,3,0,0,0,2,3,0,13,0,0,0,1,0
1993,L,schic002,R,R,16,14,3,3,0,0,0,0,0,2,0,6,0,0,0,0,0
1993,L,smolj001,R,L,30,24,7,8,1,0,0,0,1,5,0,8,0,0,0,1,0
1993,L,smolj001,R,R,3,3,1,1,0,0,0,0,1,0,0,2,0,0,0,0,0
1993,L,stanm003,L,L,4,4,1,1,0,0,0,0,0,0,0,0,0,0,0,0,0
1993,L,stanm003,L,R,1,0,0,0,0,0,0,0,0,1,0,0,0,0,0,0,0
1993,L,stewd001,R,L,41,34,4,6,2,0,0,0,1,5,0,6,0,1,1,0,0
1993,L,stewd001,R,R,15,11,4,4,0,0,0,0,1,3,0,2,0,0,1,0,0
1993,L,stott001,R,L,14,14,4,10,1,1,1,0,4,0,0,3,0,0,0,0,0
1993,L,stott001,R,R,12,8,2,5,0,0,1,0,1,4,0,1,1,0,0,0,0
1993,L,thigb001,R,L,4,4,1,4,0,0,1,0,3,0,0,3,0,0,0,0,0
1993,L,thigb001,R,R,3,2,0,0,0,0,0,0,0,1,0,0,0,0,0,0,0
1993,L,timlm001,R,L,5,5,3,3,0,0,0,0,1,0,0,0,0,0,0,0,0
1993,L,timlm001,R,R,5,5,0,0,0,0,0,0,0,0,0,2,0,0,0,0,0
1993,L,wardd001,R,L,15,13,4,10,0,0,2,0,3,2,0,3,0,0,0,0,0
1993,L,wardd001,R,R,7,5,0,0,0,0,0,0,0,2,0,5,0,0,0,0,0
1993,L,westd001,L,L,5,4,0,0,0,0,0,0,0,1,0,2,0,0,0,0,0
1993,L,westd001,L,R,11,10,5,7,2,0,0,0,7,1,0,3,0,0,0,0,0
1993,L,willm002,L,L,5,4,1,1,0,0,0,0,2,0,0,1,0,0,0,1,0
1993,L,willm002,L,R,20,16,5,6,1,0,0,0,2,2,0,4,1,0,2,0,0
1993,L,wohlm001,R,L,17,14,2,8,0,0,2,0,2,3,1,7,0,0,0,0,0
1993,L,wohlm001,R,R,4,4,0,0,0,0,0,0,0,0,0,3,0,0,0,0,0
1993,R,abboj001,L,L,125,108,31,38,7,0,0,0,7,12,0,9,5,2,2,1,0
1993,R,abboj001,L,R,781,706,190,288,32,0,22,0,97,61,4,86,24,1,10,3,0
1993,R,abbop001,R,L,50,42,10,17,2,1,1,0,5,8,0,5,0,0,0,0,0
1993,R,abbop001,R,R,34,31,9,24,3,0,4,0,8,3,1,2,1,0,0,0,0
1993,R,agosj001,L,L,12,12,4,8,1,0,1,0,3,0,0,1,0,0,0,0,0
1993,R,agosj001,L,R,14,14,4,4,0,0,0,0,3,0,0,2,0,0,0,0,0
1993,R,aguir001,R,L,154,145,29,47,5,2,3,0,13,8,2,30,2,1,0,0,0
1993,R,aguir001,R,R,133,124,31,55,6,0,6,0,18,6,1,29,3,0,2,1,0
1993,R,aldrs001,L,L,9,7,3,6,0,0,1,0,4,2,0,2,0,0,0,0,0
1993,R,aldrs001,L,R,56,45,16,24,5,0,1,1,10,8,1,7,1,1,2,0,0
1993,R,alvaw001,L,L,127,94,23,28,2,0,1,0,9,25,0,22,2,3,4,1,0
1993,R,alvaw001,L,R,750,635,145,212,26,1,13,0,57,97,8,133,22,4,9,5,0
1993,R,andeb002,L,L,6,6,1,1,0,0,0,0,1,0,0,0,1,0,0,0,0
1993,R,andeb002,L,R,39,37,10,18,3,1,1,0,5,2,0,4,1,0,0,0,0
1993,R,andel001,R,L,91,86,25,34,1,1,2,0,14,4,1,23,4,1,0,0,0
1993,R,andel001,R,R,165,146,29,43,4,2,2,0,12,17,1,44,1,0,2,0,0
1993,R,andem001,R,L,16,14,7,16,0,0,3,0,9,2,0,3,0,0,0,0,0
1993,R,andem001,R,R,14,13,5,5,0,0,0,0,1,1,0,1,1,0,0,0,0
1993,R,appik001,R,L,489,438,105,141,19,1,5,0,37,47,3,82,8,0,1,3,0
1993,R,appik001,R,R,464,425,78,111,20,2,3,0,26,34,0,104,10,1,2,2,0
1993,R,aquil001,R,L,264,238,61,88,10,1,5,0,16,21,1,34,9,1,4,0,0
1993,R,aquil001,R,R,207,179,54,72,13,1,1,0,21,19,0,33,2,4,3,2,0
1993,R,armsj001,R,L,484,416,120,213,23,2,22,0,60,57,3,55,3,3,2,6,0
1993,R,armsj001,R,R,395,360,90,131,12,4,7,0,38,21,3,63,6,4,6,4,0
1993,R,arocr001,R,L,376,353,110,163,16,5,9,0,44,19,2,35,9,1,1,2,0
1993,R,arocr001,R,R,398,374,87,144,20,2,11,0,39,12,0,61,12,2,7,3,0
1993,R,ashba002,R,L,310,274,84,116,7,2,7,0,41,31,4,35,11,2,2,1,0
1993,R,ashba002,R,R,267,230,84,144,22,1,12,0,49,25,1,42,8,2,4,6,0
1993,R,assep001,L,L,101,88,20,33,1,0,4,0,13,9,1,23,2,1,3,0,0
1993,R,assep001,L,R,136,122,34,45,8,0,1,0,13,13,5,22,6,0,1,0,0
1993,R,astap001,R,L,436,391,94,139,18,0,9,0,40,37,4,67,8,1,3,4,0
1993,R,astap001,R,R,341,298,71,104,14,2,5,0,23,31,1,55,10,4,4,4,0
1993,R,austj001,R,L,38,37,11,16,2,0,1,0,4,1,1,3,1,0,0,0,0
1993,R,austj001,R,R,99,85,17,25,2,0,2,0,9,12,0,12,1,1,1,0,0
1993,R,avers001,L,L,156,144,34,46,6,0,2,0,12,11,0,32,4,0,1,0,0
1993,R,avers001,L,R,735,683,182,253,29,3,12,0,62,32,5,93,22,0,11,8,1
1993,R,ayalb002,R,L,218,185,50,78,8,1,6,0,21,26,3,36,4,3,3,1,0
1993,R,ayalb002,R,R,232,202,56,95,7,1,10,1,45,19,1,29,2,4,6,1,0
1993,R,ayrab001,R,L,50,41,13,16,3,0,0,0,4,8,2,2,1,0,0,1,0
1993,R,ayrab001,R,R,89,78,23,37,4,2,2,0,22,8,0,13,2,1,1,1,0
1993,R,bailc001,R,L,26,19,6,9,1,1,0,0,4,7,3,3,2,0,0,0,0
1993,R,bailc001,R,R,40,33,6,6,0,0,0,0,4,5,0,8,1,0,1,1,0
1993,R,ballj002,L,L,69,61,20,23,3,0,0,0,6,6,0,8,1,0,1,1,0
1993,R,ballj002,L,R,165,150,50,72,9,2,3,0,19,9,3,8,12,2,4,0,0
1993,R,banks001,R,L,124,106,28,40,6,0,2,0,13,15,3,19,1,0,2,1,0
1993,R,banks001,R,R,148,130,31,51,5,0,5,0,19,14,0,28,6,0,1,3,0
1993,R,bankw001,R,L,439,393,114,167,21,1,10,1,37,43,2,80,12,0,1,2,0
1993,R,bankw001,R,R,315,272,72,110,17,0,7,0,33,35,0,58,7,3,3,2,0
1993,R,barnb001,L,L,106,87,31,47,8,1,2,0,16,16,0,12,0,0,2,1,0
1993,R,barnb001,L,R,336,296,74,114,15,2,7,0,41,32,2,48,7,0,6,2,0
1993,R,batcr001,R,L,21,19,7,11,1,0,1,0,5,1,1,2,0,0,0,1,0
1993,R,batcr001,R,R,24,20,7,8,1,0,0,0,1,2,0,2,1,0,1,1,0
1993,R,bautj001,R,L,209,185,43,60,8,0,3,0,19,19,2,25,5,2,3,0,0
1993,R,bautj001,R,R,250,235,62,101,11,2,8,0,28,8,1,38,2,3,1,3,0
1993,R,beckr001,R,L,176,161,29,49,2,0,6,0,13,11,4,56,1,0,3,1,0
1993,R,beckr001,R,R,133,123,28,46,3,0,5,0,13,2,0,30,3,3,3,2,0
1993,R,bedrs001,R,L,85,76,15,23,2,0,2,0,12,5,1,17,1,1,1,2,0
1993,R,bedrs001,R,R,113,99,19,30,5,0,2,0,12,9,1,16,0,1,2,2,0
1993,R,belct001,R,L,451,394,102,150,18,3,8,0,50,48,4,52,9,3,4,2,0
1993,R,belct001,R,R,435,398,96,152,15,4,11,0,40,26,0,83,6,5,4,2,0
1993,R,belis001,R,L,132,119,36,60,5,2,5,0,18,10,4,21,2,1,2,0,0
1993,R,belis001,R,R,155,144,29,38,6,0,1,0,21,7,0,34,3,1,1,2,0
1993,R,belle001,L,L,9,8,4,4,0,0,0,0,0,1,0,1,0,0,0,0,0
1993,R,belle001,L,R,25,24,6,7,1,0,0,0,5,1,0,1,0,0,0,0,0
1993,R,benea001,R,L,495,435,105,162,17,5,10,0,39,52,6,70,8,3,3,2,0
1993,R,benea001,R,R,473,427,95,158,20,2,13,0,51,34,1,109,7,1,7,4,0
1993,R,berej002,R,L,321,264,56,69,7,0,2,0,18,54,0,51,7,1,2,0,0
1993,R,berej002,R,R,289,254,53,92,7,1,10,0,32,27,0,78,2,4,2,2,0
1993,R,bergs001,R,L,78,64,19,35,0,2,4,0,14,10,2,6,2,1,2,1,0
1993,R,bergs001,R,R,111,96,28,37,3,0,2,0,13,13,1,13,2,0,1,1,0
1993,R,bielm001,R,L,156,141,44,63,7,0,4,0,20,14,3,22,1,0,0,1,0
1993,R,bielm001,R,R,161,149,46,69,11,0,4,0,16,9,0,16,4,2,0,1,0
1993,R,blacb001,L,L,52,48,15,20,2,0,1,0,4,3,0,2,0,0,1,0,0
1993,R,blacb001,L,R,342,299,74,122,8,2,12,0,32,30,2,43,10,2,7,4,0
1993,R,blaiw001,R,L,343,308,87,136,17,4,8,2,47,26,2,44,8,1,4,4,0
1993,R,blaiw001,R,R,321,293,97,150,13,2,12,0,43,16,2,40,0,2,6,4,0
1993,R,boddm001,R,L,141,130,51,77,6,1,6,0,20,7,1,9,0,2,1,1,0
1993,R,boddm001,R,R,108,98,26,32,4,1,0,0,13,8,0,15,4,2,0,0,0
1993,R,boevj001,R,L,202,174,50,76,12,1,4,1,30,21,4,22,5,1,3,3,0
1993,R,boevj001,R,R,247,215,51,80,10,2,5,0,25,23,3,41,3,3,2,4,0
1993,R,bohab001,L,L,108,91,29,38,3,0,2,0,19,15,2,11,0,2,0,0,0
1993,R,bohab001,L,R,310,270,78,117,19,1,6,0,34,31,1,34,12,2,2,5,0
1993,R,boltr001,R,L,101,92,31,42,4,2,1,1,19,8,0,8,1,0,0,1,0
1993,R,boltr001,R,R,96,83,24,35,2,0,3,0,13,8,0,9,2,1,1,3,0
1993,R,boltt001,L,L,110,94,25,36,5,0,2,0,13,12,1,20,2,2,2,0,0
1993,R,boltt001,L,R,352,307,88,118,17,2,3,1,42,33,9,46,8,5,5,2,0
1993,R,boner001,R,L,426,390,100,169,21,6,12,1,46,27,2,12,10,2,0,7,0
1993,R,boner001,R,R,457,410,122,200,20,5,16,0,54,36,1,51,6,6,5,0,0
1993,R,borbp001,L,L,5,2,0,0,0,0,0,0,0,3,0,1,0,0,0,0,0
1993,R,borbp001,L,R,6,5,3,4,1,0,0,0,1,0,0,1,0,0,1,0,0
1993,R,bosic001,R,L,341,302,78,120,10,4,8,0,33,35,3,52,4,1,2,1,0
1993,R,bosic001,R,R,337,300,60,92,14,0,6,0,26,24,0,67,9,5,5,3,0
1993,R,bosks001,R,L,126,111,24,37,4,0,3,0,9,12,1,18,3,2,1,0,0
1993,R,bosks001,R,R,151,133,39,62,7,2,4,0,19,9,1,21,9,5,3,1,0
1993,R,bottk001,R,L,336,286,93,147,19,1,11,0,33,38,0,22,5,2,8,2,0
1993,R,bottk001,R,R,374,322,86,145,16,2,13,0,57,33,3,41,10,4,13,2,0
1993,R,boucd001,L,L,22,19,5,9,2,1,0,0,4,1,0,4,0,0,0,2,0
1993,R,boucd001,L,R,89,86,19,26,2,1,1,0,3,2,1,10,1,0,0,1,0
1993,R,bower001,R,L,354,303,83,113,13,1,5,0,34,45,5,47,7,2,1,3,0
1993,R,bower001,R,R,339,291,73,110,15,2,6,0,33,42,2,51,8,1,4,1,0
1993,R,branj001,R,L,260,223,63,113,13,2,11,0,26,33,1,30,3,0,1,3,0
1993,R,branj001,R,R,236,210,49,77,2,1,8,1,23,13,1,46,2,7,4,2,0
1993,R,brenw001,R,L,37,30,10,17,1,0,2,0,5,7,1,7,1,0,0,0,0
1993,R,brenw001,R,R,28,25,6,7,1,0,0,0,5,1,0,4,1,1,0,1,0
1993,R,brewb001,L,L,70,60,11,20,0,0,3,0,11,9,0,14,3,0,0,1,0
1993,R,brewb001,L,R,87,75,20,35,4,1,3,0,5,11,4,14,4,0,1,0,0
1993,R,brewr001,L,L,1,1,1,1,0,0,0,0,0,0,0,0,0,0,0,0,0
1993,R,brewr001,L,R,7,5,2,5,0,0,1,1,5,2,0,1,0,0,0,0,0
1993,R,brinb001,R,L,18,16,2,3,1,0,0,0,1,2,0,6,0,0,0,0,0
1993,R,brinb001,R,R,6,5,1,4,0,0,1,0,1,1,0,2,0,0,0,0,0
1993,R,brisj001,R,L,56,42,17,21,4,0,0,0,9,13,1,9,0,0,0,1,0
1993,R,brisj001,R,R,66,52,9,17,2,0,2,0,7,13,2,15,3,0,0,1,0
1993,R,brocd001,R,L,281,243,72,112,12,2,8,1,36,30,3,30,1,1,3,4,0
1993,R,brocd001,R,R,290,263,71,112,13,2,8,0,29,12,1,40,4,3,7,4,1
1993,R,bronj001,R,L,50,46,13,17,1,0,1,0,7,3,2,7,3,0,0,1,0
1993,R,bronj001,R,R,102,91,26,42,7,0,3,0,15,8,2,11,4,1,1,1,0
1993,R,brost001,R,L,4,3,1,1,0,0,0,0,1,1,0,1,0,0,0,0,0
1993,R,brost001,R,R,6,6,2,5,0,0,1,1,5,0,0,0,0,0,0,0,0
1993,R,browk001,R,L,572,512,130,183,22,2,9,0,52,50,4,75,11,4,4,2,0
1993,R,browk001,R,R,429,391,98,136,19,2,5,0,35,24,1,67,4,11,1,1,1
1993,R,brows002,R,L,48,39,8,9,1,0,0,0,5,7,1,5,0,0,1,1,0
1993,R,brows002,R,R,35,30,11,18,1,0,2,0,7,3,0,2,2,1,0,1,0
1993,R,browt001,L,L,81,72,17,26,3,0,2,0,6,7,0,9,0,0,1,1,0
1993,R,browt001,L,R,424,406,142,216,29,3,13,0,52,13,2,44,9,1,3,1,0
1993,R,brumg002,R,L,158,132,46,71,5,1,6,0,24,21,2,11,5,0,0,4,1
1993,R,brumg002,R,R,153,144,36,60,4,1,6,0,16,7,0,19,6,0,1,1,0
1993,R,bullj001,R,L,33,25,9,15,3,0,1,0,6,7,0,3,0,0,0,1,0
1993,R,bullj001,R,R,42,40,9,13,2,1,0,0,2,2,0,7,2,0,0,0,0
1993,R,burbd001,R,L,171,151,48,70,4,0,6,0,24,14,2,25,4,2,2,2,0
1993,R,burbd001,R,R,237,208,47,81,8,1,8,0,29,23,3,63,1,1,4,1,0
1993,R,burge001,L,L,2,1,1,2,1,0,0,0,0,1,0,0,0,0,0,0,0
1993,R,burge001,L,R,26,20,4,4,0,0,0,0,1,5,1,6,0,1,0,0,0
1993,R,burkj001,R,L,491,462,131,179,16,4,8,0,50,22,2,71,9,3,2,2,0
1993,R,burkj001,R,R,451,417,93,143,14,3,10,0,40,18,2,74,12,8,6,2,0
1993,R,burnt001,R,L,154,139,32,56,10,1,4,0,19,14,3,16,2,1,0,0,0
1993,R,burnt001,R,R,265,227,63,111,10,4,10,0,41,27,6,29,4,1,5,5,0
1993,R,bushc001,R,L,9,6,2,6,1,0,1,0,2,2,0,0,1,0,0,1,0
1993,R,bushc001,R,R,16,14,7,11,2,1,0,0,4,2,0,3,1,0,0,0,0
1993,R,butcm001,R,L,51,44,8,13,2,0,1,0,3,5,1,13,0,2,0,0,0
1993,R,butcm001,R,R,73,59,13,18,2,0,1,0,12,10,0,11,1,0,1,3,0
1993,R,cadag001,L,L,71,62,21,23,2,0,0,0,8,6,0,6,1,1,2,0,0
1993,R,cadag001,L,R,149,122,33,48,6,0,3,0,22,24,5,19,5,1,2,0,0
1993,R,campk001,R,L,29,24,10,11,1,0,0,0,3,5,1,4,0,0,0,0,0
1993,R,campk001,R,R,48,40,10,17,4,0,1,0,9,6,0,5,0,1,0,1,0
1993,R,candj001,L,L,33,31,9,11,2,0,0,0,4,1,0,12,0,1,0,0,0
1993,R,candj001,L,R,59,49,16,29,3,2,2,0,14,8,1,5,1,0,1,1,0
1993,R,candt001,R,L,463,413,96,129,14,2,5,0,37,44,1,74,7,0,3,3,0
1993,R,candt001,R,R,435,384,96,140,19,2,7,0,38,27,0,81,7,6,12,6,0
1993,R,cansj001,R,L,1,1,1,1,0,0,0,0,1,0,0,0,0,0,0,0,0
1993,R,cansj001,R,R,7,3,1,1,0,0,0,0,2,3,0,0,0,0,0,1,0
1993,R,carpc001,R,L,129,110,36,58,11,1,3,0,20,14,3,13,0,1,0,4,0
1993,R,carpc001,R,R,164,148,28,38,2,1,2,0,14,11,0,40,4,3,2,0,0
1993,R,caryc001,L,L,36,29,8,11,3,0,0,0,6,3,0,3,0,3,0,1,0
1993,R,caryc001,L,R,60,48,14,22,3,1,1,0,11,8,0,7,0,0,1,3,0
1993,R,casil001,L,L,82,77,22,29,4,0,1,0,13,1,0,12,1,1,0,3,0
1993,R,casil001,L,R,159,143,37,45,8,0,0,0,11,13,2,19,2,0,3,0,0
1993,R,castf001,R,L,302,269,77,136,13,2,14,0,45,25,2,37,2,2,4,2,0
1993,R,castf001,R,R,312,284,85,126,15,4,6,0,30,14,2,47,4,7,6,1,0
1993,R,castt001,L,L,67,63,13,19,1,1,1,0,9,1,1,8,3,0,2,1,0
1993,R,castt001,L,R,144,119,31,45,3,1,3,0,14,21,4,20,5,0,3,1,0
1993,R,charn001,L,L,27,21,2,2,0,0,0,0,3,6,0,9,0,0,0,0,0
1993,R,charn001,L,R,114,102,20,35,3,0,4,0,17,11,0,39,5,0,0,1,0
1993,R,chrim001,R,L,24,23,9,16,1,0,2,0,2,1,1,3,0,0,0,0,0
1993,R,chrim001,R,R,27,26,5,8,0,0,1,0,4,1,0,5,0,0,0,0,0
1993,R,clarm002,R,L,211,202,64,100,10,1,8,0,24,8,0,25,6,1,0,0,0
1993,R,clarm002,R,R,243,224,55,100,11,2,10,0,29,17,1,32,5,0,1,1,0
1993,R,clemr001,R,L,465,404,105,154,19,3,8,0,44,51,3,84,9,4,3,3,0
1993,R,clemr001,R,R,343,314,70,113,12,2,9,1,47,16,1,76,8,7,2,4,0
1993,R,coned001,R,L,577,500,113,177,16,3,14,0,52,66,2,81,6,5,1,5,0
1993,R,coned001,R,R,483,420,92,139,27,1,6,0,37,48,0,110,7,5,6,4,0
1993,R,convj001,R,L,55,46,15,20,5,0,0,0,5,9,2,5,1,0,0,0,0
1993,R,convj001,R,R,38,32,8,10,2,0,0,0,7,5,0,5,0,0,0,1,0
1993,R,cooka001,R,L,13,8,1,1,0,0,0,0,0,5,0,1,0,0,0,0,0
1993,R,cooka001,R,R,15,12,3,7,1,0,1,0,2,2,0,3,0,0,1,0,0
1993,R,cookd001,L,L,62,58,15,26,5,0,2,0,10,2,0,10,2,0,0,2,0
1993,R,cookd001,L,R,171,152,47,88,12,4,7,0,23,14,1,24,3,2,3,0,0
1993,R,cookm001,R,L,6,5,1,1,0,0,0,0,0,1,1,1,0,0,0,0,0
1993,R,cookm001,R,R,7,6,0,0,0,0,0,0,2,1,0,2,0,0,0,0,0
1993,R,cooks001,L,L,151,136,36,55,7,3,2,0,20,12,0,25,0,1,0,2,0
1993,R,cooks001,L,R,731,665,171,288,51,3,20,0,74,47,4,107,9,2,13,4,0
1993,R,cormr001,L,L,149,139,29,41,3,0,3,0,10,7,0,23,3,0,3,0,0
1993,R,cormr001,L,R,470,435,134,221,36,3,15,0,60,20,3,52,13,4,7,4,0
1993,R,corsj001,R,L,53,48,17,21,2,1,0,0,7,5,1,3,1,0,0,0,0
1993,R,corsj001,R,R,44,35,11,14,0,0,1,0,6,5,2,4,1,0,3,1,0
1993,R,cox-d001,R,L,159,139,35,59,9,0,5,1,19,19,4,36,3,0,0,1,0
1993,R,cox-d001,R,R,189,179,38,50,3,0,3,0,13,10,1,48,2,0,0,0,0
1993,R,crimc001,R,L,31,26,8,11,0,0,1,0,4,1,0,4,0,2,2,0,0
1993,R,crimc001,R,R,36,31,9,14,2,0,1,0,6,4,1,6,2,0,0,1,0
1993,R,cummj001,L,L,46,40,9,16,1,0,2,0,8,5,0,1,0,1,0,0,0
1993,R,cummj001,L,R,161,147,50,68,6,0,4,0,22,11,2,18,7,1,0,2,0
1993,R,daalo001,L,L,83,69,17,25,2,0,2,0,16,11,1,10,2,0,2,1,0
1993,R,daalo001,L,R,72,61,19,32,2,1,3,0,11,10,2,9,2,0,0,1,0
1993,R,darlr001,R,L,396,352,97,155,16,3,12,0,48,40,2,41,2,1,1,2,0
1993,R,darlr001,R,R,397,353,101,156,23,1,10,0,49,32,3,54,8,4,4,4,0
1993,R,darwd001,R,L,516,475,119,210,28,3,19,1,52,32,8,52,7,0,4,5,0
1993,R,darwd001,R,R,403,377,77,130,17,0,12,0,31,17,0,78,3,3,2,4,0
1993,R,davic001,R,L,4,4,0,0,0,0,0,0,0,0,0,0,0,0,0,0,0
1993,R,davic001,R,R,3,2,0,0,0,0,0,0,0,0,0,0,0,1,0,0,0
1993,R,davim001,L,L,103,89,23,43,3,1,5,0,14,13,1,28,3,0,1,0,0
1993,R,davim001,L,R,224,188,56,84,9,2,5,1,30,31,6,42,3,1,3,1,0
1993,R,davis001,R,L,212,177,41,58,8,0,3,0,26,32,5,39,3,0,1,2,0
1993,R,davis001,R,R,216,195,52,86,10,3,6,0,27,16,1,34,5,3,1,1,0
1993,R,daylk001,L,L,3,2,0,0,0,0,0,0,0,1,0,2,0,0,0,0,0
1993,R,daylk001,L,R,4,1,1,2,1,0,0,0,0,3,0,0,0,0,0,0,0
1993,R,delej001,R,L,111,92,24,41,6,1,3,0,10,15,3,16,2,3,0,1,0
1993,R,delej001,R,R,133,110,20,33,1,0,4,0,13,15,0,24,2,3,3,1,1
1993,R,delur001,R,L,88,75,25,41,5,1,3,0,16,12,3,15,1,0,0,1,0
1993,R,delur001,R,R,107,94,21,28,1,0,2,0,13,11,0,33,0,1,1,0,0
1993,R,deshj001,L,L,136,122,28,43,4,1,3,0,6,10,0,13,5,4,0,0,0
1993,R,deshj001,L,R,634,572,155,265,35,3,23,0,75,47,1,72,9,3,5,7,0
1993,R,desij001,R,L,11,9,2,2,0,0,0,0,1,1,0,1,1,0,0,1,0
1993,R,desij001,R,R,16,16,6,9,3,0,0,0,4,0,0,5,0,0,0,0,0
1993,R,dewem001,R,L,44,36,7,9,2,0,0,0,7,6,0,5,1,0,0,2,0
1993,R,dewem001,R,R,64,53,7,12,3,1,0,0,5,4,1,9,0,3,3,1,0
1993,R,dibbr001,R,L,105,73,18,35,2,0,5,0,15,31,0,20,2,1,0,0,0
1993,R,dibbr001,R,R,91,78,16,29,0,2,3,0,18,11,0,29,1,1,1,0,0
1993,R,dipif001,L,L,15,12,4,7,3,0,0,0,3,2,0,1,0,1,0,0,0
1993,R,dipif001,L,R,59,52,17,30,5,1,2,0,9,4,0,4,2,1,0,2,0
1993,R,dipoj001,R,L,107,86,24,24,0,0,0,0,5,18,6,12,4,0,2,1,0
1993,R,dipoj001,R,R,140,125,33,40,7,0,0,0,18,12,1,29,5,1,1,1,0
1993,R,dixos001,L,L,9,5,2,3,1,0,0,0,5,3,0,1,1,0,1,0,0
1993,R,dixos001,L,R,11,8,5,9,1,0,1,0,2,2,0,1,0,0,1,0,0
1993,R,dohej001,R,L,415,389,120,181,19,3,12,1,42,24,5,36,12,0,0,2,0
1993,R,dohej001,R,R,365,329,85,123,15,1,7,0,46,24,2,27,13,5,5,2,0
1993,R,dopsj001,R,L,349,308,93,146,16,5,9,0,45,31,9,37,6,2,4,4,0
1993,R,dopsj001,R,R,332,296,77,118,18,1,7,0,32,28,3,52,8,0,4,4,0
1993,R,downk001,R,L,264,225,72,100,7,0,7,0,32,38,6,20,8,0,0,1,0
1993,R,downk001,R,R,275,245,63,97,13,0,7,2,37,22,2,46,7,2,3,3,0
1993,R,drabd001,R,L,502,457,132,196,25,3,11,0,59,35,10,58,10,1,5,4,0
1993,R,drabd001,R,R,489,449,110,149,16,1,7,0,38,25,2,99,9,2,9,4,0
1993,R,drahb001,R,L,10,9,3,3,0,0,0,0,0,1,0,0,1,0,0,0,0
1993,R,drahb001,R,R,13,12,4,5,1,0,0,0,1,1,0,3,1,0,0,0,0
1993,R,drapm001,R,L,85,73,28,37,9,0,0,0,8,10,3,6,1,0,0,2,0
1993,R,drapm001,R,R,99,89,25,37,4,1,2,0,18,4,0,10,7,0,3,3,0
1993,R,dreys001,R,L,95,79,21,34,4,0,3,0,8,16,1,10,2,0,0,0,0
1993,R,dreys001,R,R,91,86,27,45,6,0,4,0,11,4,0,13,3,1,0,0,0
1993,R,ecked001,R,L,142,131,43,71,7,3,5,0,34,9,4,25,1,0,1,1,0
1993,R,ecked001,R,R,134,126,24,33,1,1,2,0,9,4,0,55,2,2,1,1,0
1993,R,edent001,R,L,89,75,20,28,3,1,1,0,8,13,3,10,2,0,1,0,0
1993,R,edent001,R,R,114,104,27,39,3,0,3,0,18,6,4,11,5,0,3,1,0
1993,R,eichm001,R,L,145,133,43,55,4,1,2,0,19,10,6,18,4,2,0,0,0
1993,R,eichm001,R,R,164,146,33,49,11,1,1,0,26,12,1,29,5,1,3,2,0
1993,R,eilad001,R,L,118,102,32,38,6,0,0,0,16,13,1,5,3,0,1,2,0
1993,R,eilad001,R,R,99,93,26,46,5,0,5,0,13,4,0,9,4,1,1,0,0
1993,R,eldrc001,R,L,576,507,124,199,27,6,12,0,53,52,4,75,7,8,1,8,0
1993,R,eldrc001,R,R,511,462,108,190,20,1,20,0,57,39,1,105,6,2,4,4,0
1993,R,erics001,R,L,534,474,162,228,31,7,7,0,57,44,1,55,16,2,3,11,0
1993,R,erics001,R,R,442,398,104,148,12,1,10,0,62,27,0,61,10,8,7,2,0
1993,R,ettlm001,R,L,33,29,13,23,1,0,3,0,11,3,1,1,0,0,0,1,0
1993,R,ettlm001,R,R,48,46,10,15,2,0,1,0,10,1,0,8,1,0,0,1,0
1993,R,fajah001,R,R,2,2,0,0,0,0,0,0,0,0,0,1,0,0,0,0,0
1993,R,farrj001,R,L,223,189,61,109,16,1,10,0,34,28,3,22,1,2,2,2,0
1993,R,farrj001,R,R,197,176,49,94,7,1,12,0,36,16,0,23,5,5,0,0,0
1993,R,farrs001,R,L,89,75,22,39,4,2,3,0,12,11,3,9,0,1,2,0,0
1993,R,farrs001,R,R,122,99,22,43,6,0,5,0,24,17,1,30,3,1,1,4,0
1993,R,fassj001,L,L,127,111,21,28,4,0,1,0,14,13,0,29,1,0,1,2,0
1993,R,fassj001,L,R,489,440,98,132,14,1,6,0,35,41,0,111,9,0,6,2,0
1993,R,ferna001,R,L,482,442,115,189,27,1,15,0,43,34,5,82,8,0,4,2,0
1993,R,ferna001,R,R,522,477,106,161,13,3,12,1,42,33,0,87,16,6,5,1,0
1993,R,ferns001,L,L,95,81,15,23,2,0,2,0,5,12,0,16,3,1,1,0,0
1993,R,ferns001,L,R,374,345,67,121,9,0,15,0,33,24,0,65,3,2,2,1,0
1993,R,fettm001,R,L,107,90,21,33,0,3,2,0,16,12,2,10,5,0,3,2,0
1993,R,fettm001,R,R,139,122,38,50,6,0,2,0,26,10,2,13,8,2,2,3,0
1993,R,finlc001,L,L,149,128,40,53,7,0,2,0,10,14,0,22,1,2,2,3,0
1993,R,finlc001,L,R,916,831,203,296,31,1,20,0,83,68,1,165,20,4,9,4,0
1993,R,flemd001,L,L,133,121,33,55,6,2,4,0,20,5,0,13,2,2,3,2,0
1993,R,flemd001,L,R,604,531,156,218,29,0,11,1,55,62,6,62,14,4,1,6,0
1993,R,flenh001,L,L,15,15,4,6,2,0,0,0,2,0,0,1,1,0,0,0,0
1993,R,flenh001,L,R,15,11,3,5,0,1,0,0,1,4,1,1,0,0,0,0,0
1993,R,fletp001,R,R,1,1,0,0,0,0,0,0,0,0,0,0,0,0,0,0,0
1993,R,fosst001,L,L,76,68,9,11,2,0,0,0,7,5,0,21,3,2,0,1,0
1993,R,fosst001,L,R,99,89,29,46,5,0,4,0,13,10,4,18,1,0,0,0,0
1993,R,fostk001,R,L,30,24,11,22,2,0,3,0,10,6,0,4,0,0,0,0,0
1993,R,fostk001,R,R,10,9,2,3,1,0,0,0,0,1,0,2,0,0,0,0,0
1993,R,fosts001,R,L,46,43,9,14,2,0,1,0,3,3,2,12,0,0,0,0,0
1993,R,fosts001,R,R,59,55,14,17,1,1,0,0,7,2,0,4,2,1,1,0,0
1993,R,franj001,L,L,46,41,13,20,1,0,2,0,9,4,0,10,0,0,1,0,0
1993,R,franj001,L,R,126,106,33,48,3,0,4,0,19,15,3,19,2,1,3,1,0
1993,R,freds001,R,L,64,52,11,13,0,1,0,0,5,10,1,8,2,0,2,0,0
1993,R,freds001,R,R,73,63,22,35,4,0,3,0,15,7,1,12,1,1,0,2,0
1993,R,freem001,R,L,35,28,8,14,1,1,1,0,7,7,2,3,0,0,0,0,0
1993,R,freem001,R,R,68,64,16,20,4,0,0,0,9,3,0,22,0,1,0,0,0
1993,R,freys001,L,L,72,52,12,18,4,1,0,0,6,13,0,8,1,3,3,1,0
1993,R,freys001,L,R,140,126,29,36,4,0,1,0,20,13,1,14,2,0,1,0,0
1993,R,froht001,R,L,137,116,31,48,3,1,4,0,18,18,6,9,8,1,2,0,0
1993,R,froht001,R,R,274,239,60,76,7,0,3,0,28,26,2,41,8,2,5,2,0
1993,R,garcr001,R,L,9,8,4,4,0,0,0,0,1,1,0,1,0,0,0,0,0
1993,R,garcr001,R,R,9,8,0,0,0,0,0,0,0,1,0,2,1,0,0,0,0
1993,R,gardm001,R,L,187,164,51,84,10,1,7,0,24,18,0,20,5,1,1,3,0
1993,R,gardm001,R,R,200,174,41,89,16,1,10,0,34,18,0,34,2,3,0,4,1
1993,R,gardm002,R,L,106,92,24,37,5,1,2,0,14,11,2,14,1,1,1,1,0
1993,R,gardm002,R,R,118,100,28,38,5,1,1,0,14,15,1,11,3,0,1,2,0
1993,R,gibsp001,L,L,73,66,13,20,4,0,1,0,10,5,0,15,3,0,0,2,0
1993,R,gibsp001,L,R,111,104,32,51,5,1,4,0,20,6,0,22,1,0,0,1,0
1993,R,glavt001,L,L,183,164,45,58,10,0,1,0,14,19,2,29,4,0,0,0,0
1993,R,glavt001,L,R,831,746,191,284,40,4,15,0,63,71,5,91,21,2,10,2,0
1993,R,gohrg001,R,L,43,37,12,17,1,2,0,0,5,6,0,11,1,0,0,0,0
1993,R,gohrg001,R,R,65,53,14,20,3,0,1,0,10,8,2,12,0,2,1,1,0
1993,R,gomep001,L,L,44,41,11,12,1,0,0,0,5,0,0,8,1,0,1,2,0
1993,R,gomep001,L,R,100,78,24,37,5,1,2,0,13,19,4,18,1,0,0,2,1
1993,R,gonzr001,R,L,3,3,0,0,0,0,0,0,0,0,0,0,0,0,0,0,0
1993,R,goodd001,R,L,437,398,99,146,18,1,9,0,37,34,0,70,7,1,2,2,0
1993,R,goodd001,R,R,429,380,89,132,16,3,7,0,44,27,1,79,6,8,9,5,0
1993,R,gordt001,R,L,341,294,67,100,11,2,6,1,30,41,3,72,8,0,2,4,0
1993,R,gordt001,R,R,310,267,58,91,16,1,5,0,34,36,2,71,3,1,4,2,0
1993,R,gossr001,R,L,86,69,17,22,5,0,0,0,9,15,2,14,0,1,0,1,0
1993,R,gossr001,R,R,127,115,32,60,4,3,6,1,25,11,0,26,3,0,0,1,0
1993,R,gottj001,R,L,168,153,34,53,4,0,5,0,18,9,4,41,4,0,5,1,0
1993,R,gottj001,R,R,145,133,37,44,4,0,1,0,12,8,1,26,4,1,2,1,0
1993,R,gozzm001,R,L,34,30,9,13,1,0,1,0,4,4,1,2,2,0,0,0,0
1993,R,gozzm001,R,R,23,22,2,2,0,0,0,0,0,1,0,4,0,0,0,0,0
1993,R,grahj001,R,L,93,82,26,35,6,0,1,0,5,10,4,10,1,0,1,0,0
1993,R,grahj001,R,R,154,133,28,44,2,1,4,0,28,15,0,21,5,2,1,3,0
1993,R,granj001,L,L,1,1,1,1,0,0,0,0,0,0,0,0,0,0,0,0,0
1993,R,granj001,L,R,7,5,2,2,0,0,0,0,3,2,0,1,0,0,0,0,0
1993,R,granm001,R,L,43,38,15,17,2,0,0,0,6,4,1,6,3,0,0,1,0
1993,R,granm001,R,R,71,63,19,37,6,0,4,0,16,7,2,8,3,0,0,1,0
1993,R,gratm001,R,L,8,7,3,3,0,0,0,0,2,1,0,0,0,0,0,0,0
1993,R,gratm001,R,R,17,14,3,3,0,0,0,0,4,3,1,4,0,0,0,0,0
1993,R,greek001,R,L,1,1,0,0,0,0,0,0,0,0,0,1,0,0,0,0,0
1993,R,greek001,R,R,2,2,0,0,0,0,0,0,0,0,0,1,0,0,0,0,0
1993,R,greet001,R,L,407,358,84,117,16,1,5,0,34,42,2,75,3,1,2,4,0
1993,R,greet001,R,R,427,393,91,138,20,3,7,0,36,20,1,92,4,2,7,5,0
1993,R,greet002,R,L,15,13,6,9,0,0,1,0,4,2,0,4,0,0,0,0,0
1993,R,greet002,R,R,26,23,10,12,2,0,0,0,2,3,0,3,2,0,0,0,0
1993,R,grimj001,R,L,76,67,20,26,3,0,1,0,7,8,0,10,1,0,1,0,0
1993,R,grimj001,R,R,118,105,32,41,3,0,2,0,11,12,1,17,6,1,0,0,0
1993,R,groob001,L,L,49,44,12,21,3,0,2,0,5,3,1,5,0,0,1,1,0
1993,R,groob001,L,R,121,105,36,51,9,0,2,0,18,10,4,10,2,2,1,3,0
1993,R,grosk001,R,L,457,394,109,142,10,1,7,0,45,54,6,74,4,1,4,3,1
1993,R,grosk001,R,R,435,401,115,159,16,2,8,0,50,20,1,76,10,4,7,3,0
1993,R,grosk002,R,L,26,24,5,5,0,0,0,0,1,2,0,8,0,0,0,0,0
1993,R,grosk002,R,R,33,31,8,10,2,0,0,0,1,2,0,4,0,0,0,0,0
1993,R,guare001,L,L,92,88,28,46,6,3,2,0,15,4,0,12,1,0,0,0,0
1993,R,guare001,L,R,334,297,95,160,28,2,11,0,49,32,2,34,6,1,1,3,0
1993,R,gubim001,R,L,220,190,59,78,12,2,1,0,33,23,6,33,4,1,3,3,0
1993,R,gubim001,R,R,254,227,69,86,12,1,1,0,29,20,2,47,8,1,3,3,0
1993,R,guetl001,L,L,55,46,11,14,0,0,1,0,4,7,1,7,1,1,1,0,0
1993,R,guetl001,L,R,137,125,30,42,4,4,0,0,21,9,4,12,6,1,0,2,0
1993,R,gullb001,R,L,345,316,104,175,24,4,13,0,52,23,3,25,4,1,2,3,0
1993,R,gullb001,R,R,354,323,82,142,13,1,15,0,39,21,0,45,2,2,4,4,0
1993,R,guthm001,L,L,31,27,4,5,1,0,0,0,2,3,0,6,1,0,1,0,0
1993,R,guthm001,L,R,63,48,16,25,3,0,2,0,13,13,2,9,0,0,0,2,0
1993,R,guzmj001,R,L,445,395,107,187,24,4,16,1,48,44,3,77,5,1,2,3,0
1993,R,guzmj001,R,R,374,334,81,125,15,1,9,0,35,30,3,86,5,2,6,2,0
1993,R,guzmj003,R,L,502,428,120,161,18,1,7,0,41,65,2,73,8,0,4,5,0
1993,R,guzmj003,R,R,461,408,91,138,17,0,10,0,44,45,0,121,2,3,1,4,0
1993,R,haasd001,R,L,52,47,20,27,1,0,2,0,6,4,4,7,3,0,1,0,0
1993,R,haasd001,R,R,79,73,25,49,3,0,7,0,16,4,1,10,4,0,1,1,0
1993,R,habyj001,R,L,87,79,19,36,4,2,3,0,13,6,2,11,2,0,0,2,0
1993,R,habyj001,R,R,152,138,40,57,8,0,3,0,19,14,2,28,4,0,0,0,0
1993,R,hammc001,L,L,150,124,34,53,6,2,3,0,10,21,0,22,4,1,4,0,0
1993,R,hammc001,L,R,676,623,173,250,24,4,15,1,82,45,2,86,16,0,6,2,0
1993,R,hampm001,L,L,31,29,10,19,1,1,2,0,6,1,0,2,0,0,1,0,0
1993,R,hampm001,L,R,64,47,18,26,5,0,1,0,11,16,3,6,2,0,0,1,0
1993,R,hanec001,L,L,97,83,23,29,3,0,1,0,14,10,0,5,2,1,3,0,0
1993,R,hanec001,L,R,459,410,118,180,22,2,12,1,62,43,2,60,8,2,0,4,0
1993,R,hanse001,R,L,467,428,98,139,23,3,4,1,33,33,5,95,12,0,4,2,0
1993,R,hanse001,R,R,431,391,117,190,26,4,13,1,46,27,1,68,7,5,6,2,0
1993,R,harkm001,R,L,346,307,85,128,10,3,9,0,46,27,2,38,7,3,3,6,0
1993,R,harkm001,R,R,330,307,102,149,13,5,8,0,40,16,2,29,10,0,5,2,0
1993,R,harnp001,R,L,492,429,102,161,12,4,13,0,38,55,3,87,10,3,3,2,0
1993,R,harnp001,R,R,404,369,69,110,20,0,7,0,37,24,2,98,3,3,6,2,0
1993,R,harrg001,R,L,238,198,50,69,9,2,2,0,29,31,12,44,6,1,6,2,0
1993,R,harrg001,R,R,256,212,45,66,6,0,5,0,25,29,2,59,5,9,4,2,0
1993,R,harrg002,R,L,512,465,126,201,19,4,16,0,60,40,7,63,5,1,6,0,0
1993,R,harrg002,R,R,463,416,113,200,26,5,17,1,56,29,2,60,5,6,8,4,0
1993,R,harrg003,R,L,135,113,30,36,3,0,1,0,10,18,6,18,2,1,2,0,1
1993,R,harrg003,R,R,134,110,27,36,1,1,2,0,16,19,2,21,4,0,3,2,0
1993,R,hartm002,R,L,160,137,34,49,9,0,2,0,16,18,3,21,2,0,2,3,0
1993,R,hartm002,R,R,199,169,52,72,14,0,2,0,28,18,0,36,3,7,2,3,0
1993,R,harvb001,R,L,133,121,16,17,1,0,0,0,5,9,1,43,1,0,2,1,0
1993,R,harvb001,R,R,131,121,29,41,0,0,4,0,16,4,1,30,2,0,1,5,0
1993,R,hathh001,L,L,47,41,11,14,3,0,0,0,4,4,0,2,2,2,0,0,0
1993,R,hathh001,L,R,206,177,60,86,8,0,6,0,28,22,1,9,9,3,1,3,0
1993,R,heatn001,L,L,40,33,8,9,1,0,0,0,6,4,0,6,0,3,0,0,0
1993,R,heatn001,L,R,88,80,26,48,4,0,6,0,22,7,1,9,3,0,0,1,0
1993,R,henkt001,R,L,149,132,27,40,4,0,3,0,14,16,2,36,3,0,0,1,0
1993,R,henkt001,R,R,153,136,28,42,2,0,4,0,16,11,1,43,2,1,3,2,0
1993,R,hennm001,R,L,153,130,37,57,7,2,3,0,21,20,6,20,4,0,2,1,0
1993,R,hennm001,R,R,163,145,32,41,4,1,1,0,10,12,2,38,1,2,3,1,0
1993,R,henrb001,L,L,108,98,33,51,10,1,2,0,16,7,0,10,1,0,2,1,0
1993,R,henrb001,L,R,359,328,102,158,15,1,13,0,53,21,2,37,7,1,4,5,0
1993,R,henrd001,R,L,115,89,25,45,6,4,2,0,21,22,4,12,1,1,2,1,0
1993,R,henrd001,R,R,160,138,37,59,10,0,4,0,25,17,1,25,2,1,1,3,0
1993,R,henrd002,R,L,120,102,32,44,4,1,2,0,13,13,5,20,1,1,3,1,0
1993,R,henrd002,R,R,140,121,35,61,9,1,5,0,25,12,3,18,2,2,2,3,0
1993,R,hentp001,R,L,466,428,122,183,20,4,11,0,45,33,0,49,7,3,1,1,0
1993,R,hentp001,R,R,460,406,93,162,15,3,16,0,46,41,0,73,11,4,5,4,0
1993,R,hereg001,R,L,137,123,30,43,5,1,2,1,14,11,2,19,2,0,2,1,0
1993,R,hereg001,R,R,109,102,36,46,4,0,2,0,8,3,0,21,3,2,2,0,0
1993,R,hernj002,R,L,217,192,53,84,7,0,8,0,25,21,6,27,3,0,1,3,0
1993,R,hernj002,R,R,250,231,63,97,8,4,6,0,33,13,1,43,8,0,3,3,0
1993,R,hernr001,R,L,133,117,27,36,3,0,2,0,13,14,0,33,0,0,1,1,0
1993,R,hernr001,R,R,181,173,39,58,3,2,4,0,20,6,1,38,3,0,1,1,0
1993,R,hernx001,R,L,189,168,37,64,7,1,6,0,22,17,2,52,1,1,1,2,0
1993,R,hernx001,R,R,200,186,38,50,12,0,0,0,21,11,1,49,7,0,2,1,0
1993,R,herso001,R,L,492,432,105,153,25,4,5,0,44,51,10,66,3,0,6,2,1
1993,R,herso001,R,R,421,385,96,153,17,2,12,0,51,21,3,75,8,7,6,2,0
1993,R,heskj001,L,L,77,68,14,20,3,0,1,0,8,6,0,12,3,0,2,1,0
1993,R,heskj001,L,R,169,143,48,69,12,0,3,0,25,23,4,22,8,0,2,1,0
1993,R,hibbg001,L,L,127,112,31,50,4,0,5,0,18,10,4,17,2,2,2,1,0
1993,R,hibbg001,L,R,673,619,178,276,50,3,14,1,66,37,5,65,22,1,7,9,0
1993,R,hickb001,L,L,121,108,26,30,1,0,1,0,10,6,1,16,2,0,4,3,0
1993,R,hickb001,L,R,404,362,111,172,20,1,13,0,41,33,2,53,9,1,7,1,0
1993,R,higut001,L,L,17,15,3,5,2,0,0,0,1,1,0,5,0,0,0,1,0
1993,R,higut001,L,R,131,114,40,70,14,2,4,0,22,15,2,22,0,1,1,0,0
1993,R,hille001,L,L,136,123,34,44,3,2,1,0,16,7,0,18,4,2,1,3,0
1993,R,hille001,L,R,491,456,139,203,25,3,11,0,56,17,2,42,10,2,9,7,0
1993,R,hillk001,R,L,428,374,87,128,25,2,4,0,34,49,3,42,8,1,1,3,0
1993,R,hillk001,R,R,352,310,76,102,17,0,3,1,34,25,4,48,8,5,8,4,0
1993,R,hillm002,R,L,53,48,12,21,1,1,2,0,7,4,1,8,0,0,0,1,0
1993,R,hillm002,R,R,72,65,22,37,6,0,3,0,14,5,0,15,1,0,0,2,0
1993,R,hills001,R,L,156,138,45,76,10,3,5,0,23,15,1,10,2,1,0,2,0
1993,R,hills001,R,R,132,108,33,48,4,1,3,0,20,18,0,19,3,3,3,0,0
1993,R,hitcs001,L,L,28,22,6,6,0,0,0,0,3,5,0,3,1,0,0,1,0
1993,R,hitcs001,L,R,107,96,26,45,7,0,4,0,14,9,1,23,4,1,0,1,0
1993,R,hofft001,R,L,189,159,35,62,3,3,6,0,23,27,12,38,1,0,1,2,0
1993,R,hofft001,R,R,202,183,45,72,13,1,4,0,17,12,1,41,1,1,3,3,0
1993,R,holmb002,R,L,59,53,11,15,1,0,1,0,5,6,2,6,3,0,0,0,0
1993,R,holmb002,R,R,93,77,16,21,5,0,0,0,7,10,0,11,2,5,1,0,0
1993,R,holmd001,R,L,151,136,31,43,5,2,1,0,13,13,1,22,3,2,0,0,0
1993,R,holmd001,R,R,123,116,25,44,4,0,5,0,17,7,0,38,2,0,0,0,0
1993,R,holzm001,L,L,35,27,8,9,1,0,0,0,4,6,0,2,0,2,0,0,0
1993,R,holzm001,L,R,82,73,26,39,7,0,2,1,19,7,0,8,0,1,1,0,0
1993,R,honer001,L,L,66,55,13,19,1,1,1,1,8,6,0,7,2,1,2,2,0
1993,R,honer001,L,R,108,87,17,23,3,0,1,0,6,14,6,14,1,0,5,2,0
1993,R,hopej001,R,L,75,66,20,22,2,0,0,0,7,7,3,3,2,0,2,0,0
1993,R,hopej001,R,R,91,84,27,46,9,2,2,0,12,1,0,5,2,2,3,1,0
1993,R,horsv001,L,L,57,47,14,15,1,0,0,0,4,9,0,7,0,1,0,0,0
1993,R,horsv001,L,R,59,51,11,18,1,0,2,0,12,6,1,10,1,2,0,0,0
1993,R,hougc001,R,L,418,377,94,145,16,1,11,0,41,34,1,56,4,1,2,4,0
1993,R,hougc001,R,R,458,402,108,163,26,1,9,0,50,37,1,70,8,7,9,3,0
1993,R,howac002,L,L,6,4,1,1,0,0,0,0,0,2,0,0,0,0,0,0,0
1993,R,howac002,L,R,4,3,1,1,0,0,0,0,1,1,1,1,1,0,0,0,0
1993,R,howej001,R,L,97,90,21,23,2,0,0,0,6,4,1,16,1,0,2,1,0
1993,R,howej001,R,R,136,120,27,40,4,0,3,1,17,12,3,21,2,0,1,3,0
1993,R,howes001,L,L,72,64,15,19,1,0,1,0,6,4,0,9,4,1,3,0,0
1993,R,howes001,L,R,143,131,43,71,10,0,6,0,25,6,4,10,4,2,2,2,0
1993,R,hursb001,L,L,6,5,1,1,0,0,0,0,2,1,0,1,0,0,0,0,0
1993,R,hursb001,L,R,54,48,14,18,1,0,1,0,9,5,0,8,1,0,1,0,0
1993,R,huttm001,R,L,55,48,14,20,3,0,1,0,6,7,0,5,3,0,0,0,0
1993,R,huttm001,R,R,49,34,10,15,2,0,1,0,9,10,0,7,2,1,2,2,0
1993,R,ignam001,R,L,58,45,14,19,2,0,1,0,9,11,2,4,2,1,0,1,0
1993,R,ignam001,R,R,100,88,18,25,2,1,1,0,11,10,2,24,5,1,1,0,0
1993,R,innij001,R,L,140,115,34,41,4,0,1,0,12,19,9,11,4,3,3,0,0
1993,R,innij001,R,R,205,176,47,73,12,1,4,0,24,19,3,25,5,3,6,1,0
1993,R,jackd001,L,L,162,140,39,56,5,0,4,0,19,16,0,24,1,3,3,0,0
1993,R,jackd001,L,R,757,673,175,245,34,6,8,0,68,64,2,96,14,1,11,8,0
1993,R,jackm001,R,L,141,126,31,46,4,1,3,1,21,13,4,23,1,0,2,0,0
1993,R,jackm001,R,R,176,158,27,43,4,0,4,1,18,11,2,47,1,3,2,2,0
1993,R,jeand001,R,L,82,74,18,32,4,2,2,0,10,7,1,11,0,0,0,1,0
1993,R,jeand001,R,R,94,82,19,37,3,0,5,0,9,12,0,9,0,0,0,0,0
1993,R,jimem001,R,L,64,56,17,25,2,0,2,0,6,8,0,4,1,0,0,0,0
1993,R,jimem001,R,R,56,47,10,21,2,0,3,0,6,8,0,9,2,1,0,0,0
1993,R,johnd001,R,L,25,19,8,17,0,0,3,0,10,5,1,3,0,0,0,1,0
1993,R,johnd001,R,R,21,19,5,6,1,0,0,0,3,0,0,4,1,2,0,0,0
1993,R,johnj004,L,L,5,4,1,2,1,0,0,0,0,1,0,0,0,0,0,0,0
1993,R,johnj004,L,R,17,16,11,16,2,0,1,0,9,1,0,0,0,0,0,0,0
1993,R,johnj005,R,L,86,75,17,34,5,0,4,0,10,10,3,9,1,0,1,0,0
1993,R,johnj005,R,R,124,112,21,37,5,1,3,0,8,9,2,22,4,0,3,0,0
1993,R,johnj006,R,L,28,23,8,13,2,0,1,0,5,5,0,1,0,0,0,0,0
1993,R,johnj006,R,R,26,24,8,10,2,0,0,0,2,2,0,4,1,0,0,0,0
1993,R,johnr005,L,L,80,71,13,17,4,0,0,0,6,4,0,27,2,3,2,0,0
1993,R,johnr005,L,R,963,842,172,277,33,3,22,0,82,95,1,281,14,13,6,7,0
1993,R,joneb002,R,L,12,11,7,13,0,0,2,0,5,1,0,2,0,0,0,0,0
1993,R,joneb002,R,R,26,23,7,8,1,0,0,0,4,2,0,5,1,0,1,0,0
1993,R,joneb003,R,L,145,125,28,40,7,1,1,0,7,17,2,21,0,0,3,0,0
1993,R,joneb003,R,R,120,108,33,59,11,0,5,0,20,5,1,14,3,2,2,3,0
1993,R,joned001,R,L,189,165,45,56,5,0,2,0,21,12,2,25,1,4,7,1,0
1993,R,joned001,R,R,192,177,57,78,6,0,5,0,29,9,4,41,2,1,2,3,0
1993,R,jonej002,R,L,85,78,25,44,7,0,4,0,15,7,0,6,0,0,0,0,0
1993,R,jonej002,R,R,90,87,22,33,5,0,2,0,12,2,0,15,1,0,1,0,0
1993,R,jonet003,R,L,71,62,12,14,2,0,0,0,2,7,1,11,2,1,0,1,0
1993,R,jonet003,R,R,79,69,16,30,2,0,4,0,8,8,1,14,2,0,2,0,0
1993,R,judej001,R,L,13,10,4,8,1,0,1,0,2,3,0,4,0,0,0,0,0
1993,R,judej001,R,R,10,8,0,0,0,0,0,0,1,1,1,3,0,0,0,1,0
1993,R,kaisj001,L,L,14,13,4,8,1,0,1,0,1,1,0,4,0,0,0,0,0
1993,R,kaisj001,L,R,23,18,6,9,3,0,0,0,5,4,1,5,1,0,0,1,0
1993,R,kamis001,R,L,317,285,81,128,14,3,9,0,33,29,5,38,8,1,0,2,0
1993,R,kamis001,R,R,342,304,82,121,11,2,8,0,38,30,2,34,14,2,3,3,0
1993,R,karss001,R,L,115,103,27,38,4,2,1,0,14,11,0,17,1,0,0,1,0
1993,R,karss001,R,R,95,87,22,35,4,0,3,0,8,5,1,16,1,2,0,1,0
1993,R,key-j001,L,L,144,137,34,55,3,0,6,0,13,6,0,29,1,0,1,0,0
1993,R,key-j001,L,R,804,752,185,285,32,4,20,0,68,37,1,144,24,1,5,9,0
1993,R,kiefm001,R,L,14,12,1,1,0,0,0,0,0,1,0,2,0,1,0,0,0
1993,R,kiefm001,R,R,23,19,2,2,0,0,0,0,3,4,0,5,0,0,0,0,0
1993,R,kielj001,R,L,17,13,2,5,0,0,1,0,3,4,3,0,2,0,0,0,0
1993,R,kielj001,R,R,42,31,11,17,3,0,1,0,8,9,2,5,2,1,1,0,0
1993,R,kiled001,R,L,380,330,78,114,8,2,8,1,36,44,1,59,5,2,0,4,0
1993,R,kiled001,R,R,353,307,74,103,13,2,4,0,30,25,0,82,11,13,5,3,0
1993,R,kilgp001,L,L,29,25,4,9,2,0,1,0,1,3,1,8,0,1,0,0,0
1993,R,kilgp001,L,R,80,75,14,15,1,0,0,0,1,5,0,13,3,0,0,0,0
1993,R,kingk001,L,L,19,15,5,10,2,0,1,0,4,2,0,3,0,1,1,0,0
1993,R,kingk001,L,R,30,24,4,11,1,0,2,0,6,2,1,5,1,0,2,2,0
1993,R,klinj001,L,L,85,72,16,18,2,0,0,0,6,12,0,12,3,0,1,0,0
1993,R,klinj001,L,R,83,67,21,29,6,1,0,0,16,12,4,10,1,0,1,3,0
1993,R,knudk001,R,L,61,51,20,37,2,0,5,0,15,8,2,6,0,1,0,1,0
1993,R,knudk001,R,R,110,95,21,36,3,0,4,1,13,8,0,23,2,3,2,2,0
1993,R,knudm001,R,L,14,11,4,9,0,1,1,0,4,3,0,2,0,0,0,0,0
1993,R,knudm001,R,R,25,23,12,22,1,0,3,0,11,2,0,1,0,0,0,0,0
1993,R,kramt001,R,L,270,235,55,93,8,0,10,0,32,32,6,29,4,1,2,0,0
1993,R,kramt001,R,R,265,234,71,118,16,2,9,0,29,27,1,42,3,1,1,2,0
1993,R,krueb001,L,L,81,75,21,33,3,0,3,0,15,5,1,8,1,0,1,0,0
1993,R,krueb001,L,R,275,241,69,91,11,1,3,0,23,25,4,52,10,4,2,3,0
1993,R,lancl001,R,L,110,97,23,35,7,1,1,0,7,12,3,16,1,0,1,0,0
1993,R,lancl001,R,R,149,134,33,52,7,0,4,0,28,9,2,20,2,1,4,1,0
1993,R,landb001,R,L,45,40,9,15,4,1,0,0,2,5,1,8,0,0,0,0,0
1993,R,landb001,R,R,41,38,9,14,2,0,1,0,8,1,0,6,1,0,2,0,0
1993,R,langm001,L,L,149,135,24,33,3,0,2,0,11,10,0,28,3,1,0,3,0
1993,R,langm001,L,R,890,807,196,294,36,1,20,0,78,75,2,168,20,0,3,5,0
1993,R,layat001,R,L,6,5,4,8,1,0,1,0,4,0,0,0,0,0,1,0,0
1993,R,layat001,R,R,9,8,3,4,1,0,0,0,1,1,1,1,0,0,0,0,0
1993,R,leact001,R,L,22,22,5,5,0,0,0,0,1,0,0,2,0,0,0,0,0
1993,R,leact001,R,R,42,38,10,13,3,0,0,0,3,2,1,1,2,1,0,1,0
1993,R,leart001,R,L,384,347,115,177,29,3,9,0,38,33,4,34,8,2,1,1,0
1993,R,leart001,R,R,362,327,87,140,9,4,12,1,48,25,1,34,13,6,4,0,0
1993,R,leffc001,L,L,100,88,22,31,3,0,2,0,11,7,0,18,1,1,4,0,0
1993,R,leffc001,L,R,273,247,80,136,7,2,15,1,48,21,3,40,4,0,2,3,0
1993,R,leftp001,R,L,180,161,39,51,4,1,2,0,19,17,1,12,4,0,2,0,0
1993,R,leftp001,R,R,163,148,42,62,11,0,3,1,14,10,0,19,0,3,1,1,0
1993,R,leibc001,L,L,99,92,36,55,11,1,2,0,14,4,0,12,2,1,2,0,0
1993,R,leibc001,L,R,557,503,133,207,29,3,13,0,59,41,5,77,9,3,6,4,0
1993,R,leita001,L,L,120,104,24,33,0,0,3,0,14,14,1,14,3,0,1,1,0
1993,R,leita001,L,R,334,284,69,89,5,0,5,0,30,42,1,52,7,4,2,2,0
1993,R,leitm001,R,L,248,216,57,93,5,2,9,0,27,28,3,29,1,1,1,2,0
1993,R,leitm001,R,R,223,200,54,85,7,0,8,0,29,16,2,41,3,2,2,3,0
1993,R,leskc001,R,L,134,118,36,54,6,0,4,0,20,14,0,14,2,1,0,1,0
1993,R,leskc001,R,R,126,104,23,35,3,0,3,0,17,13,1,16,1,1,5,3,0
1993,R,lewir001,R,L,160,132,34,56,8,1,4,1,28,23,3,28,1,1,2,2,0
1993,R,lewir001,R,R,181,153,34,54,7,2,3,0,15,20,3,37,4,0,6,2,0
1993,R,lewis001,R,L,67,60,19,28,1,1,2,0,8,4,1,4,1,0,0,3,0
1993,R,lewis001,R,R,75,59,18,25,4,0,1,0,9,8,0,6,2,2,2,4,0
1993,R,lilld001,L,L,74,67,17,19,0,1,0,0,6,2,0,14,1,1,3,1,0
1993,R,lilld001,L,R,197,175,47,74,12,0,5,0,16,17,5,26,4,0,3,1,1
1993,R,lintd001,R,L,68,54,20,38,4,1,4,0,19,12,0,5,0,0,0,2,0
1993,R,lintd001,R,R,110,97,26,45,5,1,4,0,14,11,1,18,1,1,0,1,0
1993,R,lloyg001,L,L,79,75,15,23,2,0,2,1,11,2,0,12,2,1,1,0,0
1993,R,lloyg001,L,R,190,175,49,66,6,1,3,0,23,11,3,19,4,2,0,2,0
1993,R,loonb001,L,L,4,4,1,2,1,0,0,0,0,0,0,1,0,0,0,0,0
1993,R,loonb001,L,R,24,22,7,8,1,0,0,0,2,2,0,6,0,0,0,0,0
1993,R,lopea002,R,L,120,96,26,37,2,0,3,1,11,22,1,11,2,1,1,0,0
1993,R,lopea002,R,R,102,91,23,40,5,0,4,0,19,10,0,14,3,0,0,1,0
1993,R,luebl001,R,L,172,146,39,59,5,0,5,1,24,21,3,16,2,0,1,4,0
1993,R,luebl001,R,R,160,138,35,48,7,0,2,0,16,17,0,22,5,1,3,1,0
1993,R,macdr001,L,L,102,90,20,37,4,2,3,1,12,12,0,21,1,0,0,0,0
1993,R,macdr001,L,R,191,160,47,74,12,0,5,1,36,21,5,18,2,1,4,5,0
1993,R,maddg002,R,L,565,523,122,158,19,1,5,0,36,33,6,97,11,1,5,3,0
1993,R,maddg002,R,R,499,461,106,154,19,1,9,0,39,19,1,100,15,5,10,4,0
1993,R,maddm002,R,L,151,125,33,49,8,1,2,0,21,17,7,24,2,2,3,4,0
1993,R,maddm002,R,R,169,151,34,46,5,2,1,0,17,10,0,33,4,2,4,2,0
1993,R,magnm001,L,L,27,25,9,12,1,1,0,0,3,2,0,2,0,0,0,0,0
1993,R,magnm001,L,R,118,106,28,43,4,1,3,0,12,9,1,14,4,1,1,1,0
1993,R,magrj001,L,L,108,92,26,39,2,1,3,0,10,14,0,11,1,2,0,0,0
1993,R,magrj001,L,R,600,533,149,233,34,1,16,0,73,44,3,51,15,3,10,10,0
1993,R,mahop001,R,L,92,81,25,46,5,2,4,0,17,8,0,10,2,1,1,1,0
1993,R,mahop001,R,R,81,71,22,43,5,2,4,0,14,8,0,13,0,0,0,2,0
1993,R,maldc002,R,L,67,52,17,24,1,0,2,0,12,8,4,6,2,0,4,3,0
1993,R,maldc002,R,R,100,90,23,32,7,1,0,0,8,9,1,12,1,0,0,1,0
1993,R,manzj001,R,L,61,47,13,16,3,0,0,0,11,11,3,9,1,0,1,2,0
1993,R,manzj001,R,R,79,66,17,30,7,0,2,0,17,8,0,12,0,2,2,1,0
1993,R,martd001,R,L,476,433,108,175,18,5,13,1,45,38,3,60,12,2,2,1,0
1993,R,martd001,R,R,469,423,103,173,20,4,14,0,47,26,4,78,8,9,8,3,0
1993,R,martp001,R,L,247,218,50,68,3,3,3,0,18,25,3,62,5,1,0,3,0
1993,R,martp001,R,R,197,160,26,39,3,2,2,0,11,32,1,57,2,3,0,2,0
1993,R,martp002,L,L,51,47,10,20,1,0,3,0,6,3,0,9,0,1,0,0,0
1993,R,martp002,L,R,97,87,13,20,4,0,1,0,5,10,1,23,2,0,0,0,0
1993,R,martr002,R,L,497,414,102,154,19,3,9,0,41,76,9,68,7,1,2,4,0
1993,R,martr002,R,R,421,379,100,136,12,3,6,0,36,28,0,59,9,3,10,1,0
1993,R,masor001,R,L,169,148,42,56,5,0,3,1,19,17,3,30,1,0,1,3,0
1993,R,masor001,R,R,248,221,48,79,8,1,7,0,32,17,2,41,3,2,6,2,0
1993,R,maust001,R,L,116,104,21,34,4,0,3,0,13,10,3,26,0,0,1,1,0
1993,R,maust001,R,R,119,104,30,48,7,1,3,0,20,14,2,20,1,1,0,0,0
1993,R,maysm001,R,L,43,36,11,16,2,0,1,0,9,6,0,5,1,0,0,1,0
1993,R,maysm001,R,R,62,51,17,29,3,0,3,0,11,7,1,5,3,1,2,1,0
1993,R,mccak001,R,L,222,200,70,109,14,2,7,0,35,21,5,19,5,0,0,1,0
1993,R,mccak001,R,R,280,260,74,101,12,0,5,0,37,15,1,46,7,1,2,2,0
1993,R,mcclb001,L,L,23,20,9,14,2,0,1,0,5,3,0,3,0,0,0,0,0
1993,R,mcclb001,L,R,13,11,4,7,0,0,1,0,3,2,0,3,0,0,0,0,0
1993,R,mcdob001,R,L,495,439,101,143,17,5,5,0,37,49,4,92,8,2,1,4,0
1993,R,mcdob001,R,R,419,373,84,135,15,0,12,1,39,37,0,79,7,3,6,0,0
1993,R,mcdoj001,R,L,531,493,127,174,21,1,8,0,41,33,5,82,5,0,2,3,0
1993,R,mcdoj001,R,R,536,488,134,198,22,3,12,0,52,36,1,76,14,3,6,3,0
1993,R,mcdor001,R,L,143,124,39,50,6,1,1,0,20,17,8,10,2,1,1,0,0
1993,R,mcdor001,R,R,157,140,37,45,3,1,1,0,12,13,2,17,3,1,2,1,0
1993,R,mcelc001,L,L,79,64,19,27,2,0,2,0,9,12,1,10,3,0,2,1,0
1993,R,mcelc001,L,R,135,118,32,45,7,0,2,0,14,13,4,21,2,1,3,0,0
1993,R,mcgek001,R,L,25,20,3,7,1,0,1,0,2,4,1,2,1,1,0,0,0
1993,R,mcgek001,R,R,50,44,15,33,4,1,4,0,11,3,1,5,0,1,1,1,0
1993,R,mcmig001,R,L,172,155,30,39,4,1,1,0,12,16,2,37,6,0,1,0,0
1993,R,mcmig001,R,R,193,175,38,47,3,0,2,0,11,13,2,52,4,0,3,2,0
1993,R,meacr001,R,L,44,40,16,25,4,1,1,0,10,2,0,3,0,1,0,1,0
1993,R,meacr001,R,R,60,55,15,20,2,0,1,0,9,3,1,10,1,2,0,0,0
1993,R,melej001,R,L,27,21,4,8,0,2,0,0,3,5,3,3,0,0,0,1,0
1993,R,melej001,R,R,36,35,6,14,2,0,2,0,8,0,0,11,0,0,0,1,0
1993,R,menet001,R,L,23,20,5,15,1,0,3,0,6,1,0,4,0,0,1,1,0
1993,R,menet001,R,R,62,58,15,21,3,0,1,0,2,3,0,9,1,1,0,0,0
1993,R,merck001,L,L,85,70,15,19,4,0,0,0,6,15,1,21,3,0,0,0,0
1993,R,merck001,L,R,198,173,37,52,7,1,2,0,16,21,2,38,4,2,0,0,2
1993,R,merrb001,R,L,62,47,20,31,5,0,2,0,14,13,2,2,3,1,0,1,0
1993,R,merrb001,R,R,73,58,16,26,5,1,1,0,13,10,0,12,3,2,2,1,0
1993,R,mesaj001,R,L,427,378,114,147,12,0,7,0,42,34,2,44,7,4,5,6,0
1993,R,mesaj001,R,R,470,432,118,188,22,3,14,0,54,28,0,74,11,3,4,3,0
1993,R,miced001,R,L,8,6,3,3,0,0,0,0,0,2,0,1,0,0,0,0,0
1993,R,miced001,R,R,17,16,3,5,2,0,0,0,3,1,0,3,0,0,0,0,0
1993,R,milab001,R,L,42,34,11,20,1,1,2,0,4,8,0,5,0,0,0,0,0
1993,R,milab001,R,R,32,29,8,12,1,0,1,0,3,3,0,2,2,0,0,0,0
1993,R,milis001,R,L,22,21,7,12,2,0,1,0,3,1,1,2,0,0,0,0,0
1993,R,milis001,R,R,24,16,3,4,1,0,0,0,3,6,0,3,0,2,0,0,0
1993,R,milla001,R,L,159,137,39,58,2,1,5,0,19,20,5,16,1,1,0,1,0
1993,R,milla001,R,R,262,219,41,81,9,2,9,0,30,31,0,52,12,3,4,5,0
1993,R,millp001,R,L,20,18,5,9,1,0,1,0,1,0,0,2,0,0,2,0,0
1993,R,millp001,R,R,27,25,10,15,2,0,1,0,5,2,0,0,0,0,0,0,0
1993,R,mincn001,R,L,71,63,15,27,1,1,3,0,7,7,2,3,0,0,1,0,0
1993,R,mincn001,R,R,70,69,20,33,7,0,2,0,7,1,0,15,3,0,0,0,0
1993,R,minob001,R,L,158,141,40,64,5,2,5,0,23,15,2,26,2,0,0,2,0
1993,R,minob001,R,R,240,217,54,74,7,2,3,0,20,11,1,58,4,4,6,2,0
1993,R,minug001,L,L,13,11,1,1,0,0,0,0,0,2,0,3,0,0,0,0,0
1993,R,minug001,L,R,51,35,6,15,1,1,2,0,7,13,0,7,0,0,1,2,0
1993,R,miraa001,L,L,97,81,17,24,7,0,0,0,6,15,1,16,2,0,0,1,0
1993,R,miraa001,L,R,405,361,83,141,16,3,12,0,38,37,3,72,8,2,3,2,0
1993,R,mlicd001,R,L,39,33,6,10,1,0,1,0,3,4,0,4,0,2,0,0,0
1993,R,mlicd001,R,R,19,17,5,10,2,0,1,0,2,2,0,3,0,0,0,0,0
1993,R,moeld001,L,L,28,23,8,11,0,0,1,0,7,3,0,2,0,1,1,0,0
1993,R,moeld001,L,R,54,50,18,25,4,0,1,0,12,4,1,11,1,0,0,0,0
1993,R,mohlm001,L,L,86,71,13,17,4,0,0,0,10,13,0,17,1,0,2,0,0
1993,R,mohlm001,L,R,204,166,44,81,7,0,10,0,33,31,4,25,6,2,3,2,0
1993,R,montj002,R,L,175,158,37,52,8,2,1,0,17,13,2,24,1,1,3,0,0
1993,R,montj002,R,R,172,158,28,40,6,0,2,0,12,10,2,42,2,1,2,1,0
1993,R,montr002,R,L,164,139,38,78,4,3,10,0,25,21,6,26,2,0,2,2,0
1993,R,montr002,R,R,205,186,47,74,9,3,4,0,24,14,4,24,4,0,2,3,0
1993,R,moorm001,R,L,487,432,117,190,20,4,15,0,54,49,8,35,9,2,1,3,0
1993,R,moorm001,R,R,455,406,110,190,20,0,20,2,65,40,2,54,7,1,3,5,0
1993,R,moorm002,R,L,67,50,13,22,1,1,2,0,12,12,0,9,3,1,0,4,0
1993,R,moorm002,R,R,61,53,17,29,4,1,2,0,11,8,0,4,1,0,0,0,0
1993,R,morgm001,R,L,483,424,104,149,16,4,7,0,41,51,4,62,10,4,1,3,0
1993,R,morgm001,R,R,400,362,102,143,15,1,8,0,46,23,4,49,7,3,10,2,0
1993,R,morrj001,R,L,363,321,102,154,17,4,9,0,50,37,2,41,6,0,2,3,0
1993,R,morrj001,R,R,339,304,87,132,14,2,9,0,48,28,0,62,4,3,2,2,0
1993,R,moyej001,L,L,117,105,32,49,8,0,3,0,9,10,0,13,3,2,0,0,0
1993,R,moyej001,L,R,513,477,122,170,22,1,8,0,44,28,2,77,10,4,3,1,0
1993,R,mulht001,L,L,148,137,29,47,7,1,3,0,16,10,0,17,2,0,1,0,0
1993,R,mulht001,L,R,638,597,148,232,31,1,17,1,57,30,2,99,10,3,4,4,0
1993,R,munob001,R,L,70,59,12,15,3,0,0,0,4,10,4,10,1,0,0,1,0
1993,R,munob001,R,R,138,119,36,45,6,0,1,0,15,16,1,23,0,0,1,2,0
1993,R,munom001,L,L,41,35,11,20,3,0,2,0,7,3,1,7,0,0,2,1,0
1993,R,munom001,L,R,60,46,14,21,3,2,0,0,12,12,3,10,4,0,1,1,0
1993,R,murpr001,L,L,81,77,23,31,2,0,2,0,10,4,1,13,4,0,0,0,0
1993,R,murpr001,L,R,198,175,50,77,5,2,6,0,18,16,5,28,7,1,4,2,0
1993,R,mussm001,R,L,310,285,73,100,13,1,4,2,32,21,2,56,4,1,1,2,0
1993,R,mussm001,R,R,383,351,90,161,21,1,16,0,46,23,0,61,9,2,5,2,0
1993,R,mutij001,L,L,83,78,24,42,1,1,5,0,17,4,0,5,5,1,0,0,0
1993,R,mutij001,L,R,281,244,69,111,15,0,9,0,35,29,2,24,6,6,0,2,0
1993,R,myerr001,L,L,50,42,8,13,0,1,1,0,2,8,0,16,1,0,0,0,0
1993,R,myerr001,L,R,263,241,57,90,15,0,6,0,26,18,2,70,7,1,1,2,0
1993,R,nabhc001,L,L,82,69,17,24,2,1,1,0,3,10,0,16,1,2,1,0,0
1993,R,nabhc001,L,R,423,354,83,123,16,0,8,3,44,53,4,58,11,6,6,4,0
1993,R,nagyc001,R,L,113,104,30,40,4,0,2,0,14,6,1,14,3,0,2,1,0
1993,R,nagyc001,R,R,110,101,36,55,7,0,4,0,19,7,0,16,3,2,0,0,0
1993,R,navaj001,R,L,503,450,142,213,20,9,11,0,66,38,3,60,9,3,2,10,0
1993,R,navaj001,R,R,452,398,112,160,18,0,10,0,55,35,1,54,10,8,4,7,0
1993,R,neagd001,L,L,103,93,21,36,4,1,3,0,17,9,1,29,1,1,0,0,0
1993,R,neagd001,L,R,257,225,61,98,14,1,7,1,37,28,2,44,0,2,1,1,0
1993,R,nelsg001,R,L,96,76,24,37,8,1,1,0,13,18,5,5,3,0,0,2,0
1993,R,nelsg001,R,R,169,156,36,46,4,0,2,0,18,6,0,30,2,2,3,2,0
1993,R,nelsj001,R,L,62,48,17,30,4,0,3,0,17,10,5,12,2,3,0,1,0
1993,R,nelsj001,R,R,207,173,40,50,4,0,2,0,32,24,5,49,6,5,2,3,0
1993,R,nen-r001,R,L,115,97,21,28,3,2,0,0,9,18,0,17,0,0,0,0,0
1993,R,nen-r001,R,R,157,126,42,74,14,0,6,0,30,28,0,22,3,0,1,2,0
1993,R,nichr002,R,L,14,12,5,10,2,0,1,0,6,1,1,0,1,0,1,0,0
1993,R,nichr002,R,R,14,13,4,4,0,0,0,0,1,1,1,3,0,0,0,0,0
1993,R,niedd001,R,L,201,169,53,79,11,0,5,0,21,25,3,19,7,0,3,4,0
1993,R,niedd001,R,R,193,166,46,65,8,1,3,1,31,17,1,27,1,1,6,3,0
1993,R,nielj001,L,L,25,25,8,10,2,0,0,0,4,0,0,3,0,0,0,0,0
1993,R,nielj001,L,R,37,28,10,13,0,0,1,0,7,4,0,5,0,1,1,3,0
1993,R,novor001,L,L,51,46,10,18,2,0,2,0,9,0,0,4,1,3,1,1,0
1993,R,novor001,L,R,198,171,48,75,12,0,5,0,24,22,2,13,2,1,3,1,0
1993,R,nunee001,R,L,153,138,37,48,9,1,0,0,15,12,1,29,2,0,1,2,0
1993,R,nunee001,R,R,188,161,52,70,8,2,2,0,28,17,1,29,3,6,4,0,0
1993,R,odonj001,L,L,29,23,5,6,1,0,0,0,2,5,0,4,1,1,0,0,0
1993,R,odonj001,L,R,61,56,17,35,6,0,4,0,11,5,1,12,2,0,0,0,0
1993,R,ojedb001,L,L,42,36,10,17,2,1,1,0,5,4,0,7,2,0,1,1,0
1993,R,ojedb001,L,R,152,130,38,61,11,0,4,0,17,17,0,20,2,0,3,2,0
1993,R,olivd001,L,L,7,6,1,1,0,0,0,0,0,1,1,3,0,0,0,0,0
1993,R,olivd001,L,R,7,7,1,4,0,0,1,0,1,0,0,1,0,0,0,0,0
1993,R,olivo001,R,L,269,232,64,104,18,2,6,1,42,28,6,35,4,4,3,2,0
1993,R,olivo001,R,R,268,234,70,93,11,0,4,0,24,26,1,28,7,5,1,2,0
1993,R,olsog001,R,L,96,85,18,25,4,0,1,0,13,9,3,24,0,0,0,2,0
1993,R,olsog001,R,R,92,81,19,24,5,0,0,0,10,9,0,20,2,0,2,0,0
1993,R,ontis001,R,L,34,31,7,8,1,0,0,0,0,3,1,9,2,0,0,0,0
1993,R,ontis001,R,R,38,34,11,14,3,0,0,0,7,3,1,4,4,0,1,0,0
1993,R,oquim001,R,L,17,15,4,4,0,0,0,0,2,2,1,0,0,0,0,0,0
1993,R,oquim001,R,R,33,31,8,11,3,0,0,0,1,2,0,8,0,0,0,0,0
1993,R,orosj001,L,L,70,65,20,28,5,0,1,0,8,4,0,15,0,1,0,0,0
1993,R,orosj001,L,R,163,145,27,36,4,1,1,0,16,13,3,52,3,2,1,2,0
1993,R,osbod001,L,L,125,115,22,32,4,0,2,1,9,9,0,17,2,0,1,0,0
1993,R,osbod001,L,R,532,480,131,212,23,5,16,0,52,38,4,66,11,7,5,2,0
1993,R,osuna001,L,L,50,35,7,14,1,0,2,0,5,11,1,8,1,1,1,2,0
1993,R,osuna001,L,R,57,50,10,13,0,0,1,0,5,2,1,13,1,0,3,2,0
1993,R,ottod001,L,L,78,69,24,30,3,0,1,0,10,7,0,7,5,2,0,0,0
1993,R,ottod001,L,R,228,199,61,100,11,2,8,0,24,21,1,23,9,1,6,1,0
1993,R,painl001,L,L,32,28,5,8,0,0,1,0,4,4,0,3,1,0,0,0,0
1993,R,painl001,L,R,134,128,47,75,10,3,4,0,20,5,0,13,3,0,1,0,0
1993,R,palld001,R,L,164,153,40,57,8,0,3,0,19,8,3,18,2,0,3,0,0
1993,R,palld001,R,R,156,143,37,49,3,0,3,0,18,6,0,22,4,2,4,1,0
1993,R,parrj001,R,L,176,149,44,54,7,0,1,0,28,21,5,35,2,2,1,3,0
1993,R,parrj001,R,R,165,136,34,57,6,1,5,0,23,24,4,31,1,0,3,2,0
1993,R,pattb001,L,L,77,74,19,26,4,0,1,0,9,2,0,18,0,0,0,1,0
1993,R,pattb001,L,R,147,135,40,68,5,1,7,1,24,9,0,28,2,1,1,1,0
1993,R,pattk001,L,L,92,77,21,34,4,0,3,0,13,14,1,10,3,0,1,0,0
1993,R,pattk001,L,R,163,140,33,50,5,0,4,1,15,21,4,26,5,0,1,1,0
1993,R,pavlr001,R,L,380,329,75,116,13,2,8,0,23,46,3,71,9,1,3,1,0
1993,R,pavlr001,R,R,332,288,76,120,12,1,10,1,33,34,0,60,10,4,3,3,0
1993,R,pennb001,L,L,45,39,14,20,1,1,1,0,11,5,0,5,0,1,0,0,0
1993,R,pennb001,L,R,113,89,20,41,3,0,6,1,24,20,0,34,1,1,2,1,0
1993,R,perem001,R,L,389,345,96,140,15,1,9,0,38,40,5,83,0,0,2,2,0
1993,R,perem001,R,R,329,302,77,139,19,2,13,0,48,24,0,65,4,1,2,0,0
1993,R,perem002,R,L,128,115,31,43,4,1,2,0,13,10,1,21,4,0,2,1,0
1993,R,perem002,R,R,170,151,34,48,4,2,2,0,14,10,0,37,1,1,3,4,1
1993,R,petkm001,R,L,49,44,18,31,3,2,2,0,8,3,1,6,0,0,2,0,0
1993,R,petkm001,R,R,96,87,25,48,4,2,5,0,23,6,1,8,2,0,2,1,0
1993,R,pichh001,R,L,374,333,101,138,22,0,5,0,44,30,2,24,8,2,2,7,0
1993,R,pichh001,R,R,346,317,82,121,24,0,5,0,32,23,0,46,9,4,1,1,0
1993,R,plane001,L,L,26,19,4,5,1,0,0,0,3,5,0,2,0,1,1,0,0
1993,R,plane001,L,R,27,20,7,8,1,0,0,0,2,7,1,1,0,0,0,0,0
1993,R,plesd001,L,L,92,85,22,34,4,1,2,0,12,6,1,29,2,0,1,0,0
1993,R,plesd001,L,R,184,163,52,83,5,1,8,2,32,15,5,18,3,0,3,3,0
1993,R,plune001,R,L,126,108,25,41,8,1,2,0,9,15,4,26,1,0,3,0,0
1993,R,plune001,R,R,180,162,36,54,9,0,3,0,23,15,0,51,2,0,1,2,0
1993,R,poolj001,L,L,89,79,14,17,3,0,0,0,9,6,0,15,4,0,3,1,0
1993,R,poolj001,L,R,108,92,16,24,2,0,2,1,11,15,5,14,2,0,0,1,0
1993,R,portm001,R,L,459,409,95,120,11,1,4,0,30,42,3,70,9,1,6,1,0
1993,R,portm001,R,R,417,372,99,132,15,0,6,0,33,35,0,61,10,3,5,2,0
1993,R,powed001,L,L,75,66,10,15,2,0,1,0,7,5,0,17,2,0,3,1,0
1993,R,powed001,L,R,122,99,32,55,5,0,6,0,16,19,2,15,8,1,2,1,0
1993,R,power001,L,L,15,13,2,2,0,0,0,0,0,2,0,3,1,0,0,0,0
1993,R,power001,L,R,51,45,11,17,1,1,1,0,4,4,0,14,0,0,2,0,0
1993,R,powet001,R,L,82,72,22,33,3,1,2,1,11,9,3,12,2,0,1,0,0
1993,R,powet001,R,R,124,112,35,46,8,0,1,0,18,8,1,15,4,0,2,2,0
1993,R,pught001,R,L,371,327,113,172,15,4,12,0,55,36,0,41,8,2,2,4,0
1993,R,pught001,R,R,367,334,87,117,5,2,7,0,37,23,1,53,7,5,4,1,0
1993,R,quanp001,R,L,283,250,69,112,16,3,7,0,25,28,13,29,3,2,3,0,0
1993,R,quanp001,R,R,311,292,82,119,13,3,6,0,37,16,1,37,13,0,1,2,0
1993,R,radis001,L,L,96,89,22,24,2,0,0,0,8,7,0,29,0,0,0,0,0
1993,R,radis001,L,R,154,139,39,52,4,0,3,0,19,12,3,15,4,1,2,0,0
1993,R,rappp001,R,L,207,175,47,71,11,2,3,0,20,26,1,17,2,1,3,2,0
1993,R,rappp001,R,R,205,184,54,80,10,2,4,0,24,13,0,40,6,1,5,2,0
1993,R,rasmd001,L,L,21,19,6,7,1,0,0,0,3,1,0,2,0,0,0,1,0
1993,R,rasmd001,L,R,117,103,34,56,6,2,4,1,19,13,1,10,1,1,0,0,0
1993,R,rearj001,R,L,132,118,35,46,9,1,0,0,11,8,0,10,0,3,1,2,0
1993,R,rearj001,R,R,135,126,31,51,6,1,4,0,18,2,0,25,2,2,3,2,0
1993,R,reedr002,R,L,11,9,2,3,1,0,0,0,2,1,0,1,1,1,0,0,0
1993,R,reedr002,R,R,25,23,10,15,2,0,1,0,2,1,0,4,0,1,0,0,0
1993,R,reeds001,R,L,140,122,41,74,8,2,7,0,21,13,4,16,3,3,1,1,0
1993,R,reeds001,R,R,207,187,39,62,5,0,6,0,22,17,1,35,4,0,1,2,0
1993,R,reyna001,R,L,422,379,105,172,23,7,10,0,47,32,4,64,11,7,1,3,0
1993,R,reyna001,R,R,408,366,101,155,12,3,12,0,44,31,3,53,7,2,4,5,0
1993,R,reyns001,R,L,28,24,7,7,0,0,0,0,2,4,1,5,3,0,0,0,0
1993,R,reyns001,R,R,21,19,4,5,1,0,0,0,2,2,0,5,0,0,0,0,0
1993,R,rhoda001,L,L,51,44,13,23,4,0,2,0,6,7,0,4,0,0,0,0,0
1993,R,rhoda001,L,R,336,288,78,146,16,5,14,0,49,42,1,45,7,1,2,3,0
1993,R,righd001,L,L,59,57,16,33,3,1,4,1,12,1,0,11,3,0,1,0,0
1993,R,righd001,L,R,151,133,42,68,3,1,7,0,19,16,0,20,3,1,1,0,0
1993,R,rijoj001,R,L,570,520,125,187,20,6,10,0,48,40,0,110,9,2,5,3,0
1993,R,rijoj001,R,R,459,429,93,138,12,3,9,0,25,22,2,117,8,0,8,0,0
1993,R,rislb001,R,L,8,6,2,5,0,0,1,0,2,2,0,2,0,0,0,0,0
1993,R,rislb001,R,R,6,4,0,0,0,0,0,0,0,0,0,0,0,1,1,0,0
1993,R,riveb001,R,L,364,318,95,141,13,6,7,0,45,43,3,53,7,1,0,2,0
1993,R,riveb001,R,R,378,323,80,121,6,4,9,0,38,42,1,70,6,5,5,3,0
1993,R,rober001,L,L,19,15,5,5,0,0,0,0,2,3,0,4,1,0,1,0,0
1993,R,rober001,L,R,25,24,10,13,3,0,0,0,2,1,0,1,1,0,0,0,0
1993,R,rodrr004,L,L,112,98,25,39,3,1,3,0,13,12,1,7,3,1,1,0,0
1993,R,rodrr004,L,R,219,193,48,76,7,0,7,0,27,21,7,36,3,1,4,0,0
1993,R,rogek001,L,L,103,95,24,34,6,2,0,0,6,6,0,20,1,1,1,0,0
1993,R,rogek001,L,R,782,703,186,290,40,5,18,1,85,65,2,120,12,3,6,5,0
1993,R,rogek002,L,L,97,86,20,22,2,0,0,0,7,8,0,25,2,3,0,0,0
1993,R,rogek002,L,R,237,215,51,68,8,0,3,0,18,20,5,37,7,1,0,1,0
1993,R,rojam001,R,L,210,185,50,79,13,2,4,1,28,21,3,26,1,0,0,4,0
1993,R,rojam001,R,R,168,145,30,47,11,0,2,0,21,9,0,22,8,4,8,2,0
1993,R,ropej001,R,L,172,149,54,83,6,4,5,1,22,18,3,24,3,2,2,1,0
1993,R,ropej001,R,R,188,163,38,61,8,0,5,0,22,18,0,30,5,2,3,2,0
1993,R,ruetk001,L,L,50,48,12,13,1,0,0,0,4,2,0,5,3,0,0,0,0
1993,R,ruetk001,L,R,291,274,73,107,19,0,5,0,26,16,1,26,8,0,1,0,0
1993,R,ruffb001,L,L,145,115,27,41,5,0,3,0,12,25,1,28,5,1,0,4,0
1993,R,ruffb001,L,R,474,424,118,164,19,3,7,0,53,44,8,98,9,0,4,1,1
1993,R,ruffj001,R,L,83,78,23,37,3,4,1,0,9,5,1,15,1,0,0,0,0
1993,R,ruffj001,R,R,76,68,13,26,4,0,3,0,11,6,0,15,1,1,1,0,0
1993,R,ruffs001,R,L,23,16,4,7,0,0,1,0,4,6,0,0,1,0,1,0,0
1993,R,ruffs001,R,R,23,18,5,10,2,0,1,0,6,4,0,2,1,0,0,1,0
1993,R,rusks001,L,L,2,2,1,4,0,0,1,0,1,0,0,0,0,0,0,0,0
1993,R,rusks001,L,R,6,4,2,3,1,0,0,0,3,2,0,0,0,0,0,0,0
1993,R,russj001,R,L,102,94,26,35,9,0,0,0,13,5,1,20,4,1,0,2,0
1993,R,russj001,R,R,87,75,13,18,2,0,1,0,10,9,0,25,2,0,1,2,0
1993,R,ryank001,R,L,102,82,19,25,6,0,0,0,11,18,5,29,3,0,1,1,0
1993,R,ryank001,R,R,121,101,24,36,4,1,2,0,18,11,0,20,0,3,3,3,0
1993,R,ryann001,R,L,167,133,25,37,4,1,2,2,20,30,0,22,1,1,2,1,0
1993,R,ryann001,R,R,124,113,29,47,9,0,3,0,19,10,0,24,2,0,0,1,0
1993,R,sabeb001,R,L,268,250,66,103,8,4,7,0,29,11,2,49,2,2,3,2,0
1993,R,sabeb001,R,R,288,274,65,89,12,0,4,0,21,6,2,44,5,1,3,4,0
1993,R,salkr001,R,L,31,30,9,14,3,1,0,0,2,1,0,5,1,0,0,0,0
1993,R,salkr001,R,R,30,26,4,6,2,0,0,0,1,3,0,8,1,1,0,0,0
1993,R,sampb002,R,L,44,37,19,24,2,0,1,0,9,3,0,4,1,2,2,0,0
1993,R,sampb002,R,R,45,37,6,9,1,1,0,0,5,6,0,5,1,2,0,0,0
1993,R,sands001,R,L,386,353,96,163,14,1,17,1,47,24,7,54,8,2,2,5,0
1993,R,sands001,R,R,391,365,105,159,20,2,10,0,42,10,0,48,3,4,7,5,0
1993,R,sands002,R,L,112,93,31,44,4,0,3,0,15,18,1,10,0,1,0,0,0
1993,R,sands002,R,R,119,111,23,30,2,1,1,0,14,5,0,27,4,0,1,2,0
1993,R,sanfm001,R,L,82,63,22,36,4,2,2,0,14,17,0,13,1,0,1,1,0
1993,R,sanfm001,R,R,84,70,15,25,2,1,2,0,9,10,0,23,2,0,3,1,0
1993,R,scanb001,R,L,136,118,36,55,11,1,2,0,23,13,4,22,4,1,0,4,0
1993,R,scanb001,R,R,187,166,43,71,14,1,4,0,25,15,3,22,7,2,2,2,0
1993,R,schic002,R,L,535,489,127,197,23,4,13,0,59,37,4,104,5,1,4,4,0
1993,R,schic002,R,R,447,416,107,158,17,2,10,0,41,20,2,82,8,3,5,3,0
1993,R,schom001,R,L,39,34,13,19,1,1,1,0,8,5,0,4,0,0,0,0,0
1993,R,schom001,R,R,72,65,17,29,6,0,2,0,9,5,1,12,1,0,2,0,0
1993,R,schop001,L,L,135,122,38,50,5,2,1,0,14,11,0,16,0,0,1,1,0
1993,R,schop001,L,R,451,405,130,206,36,2,12,0,69,34,7,56,6,3,2,7,0
1993,R,schwj001,R,L,96,74,16,25,4,1,1,0,9,20,2,19,1,1,0,1,0
1993,R,schwj001,R,R,122,100,19,26,5,1,0,0,9,18,0,22,6,2,0,2,0
1993,R,scotd003,R,L,39,35,6,9,3,0,0,0,5,4,1,6,0,0,0,0,0
1993,R,scotd003,R,R,51,41,13,19,3,0,1,1,13,7,0,7,0,1,0,2,0
1993,R,scott002,R,L,148,128,23,28,2,0,1,0,13,20,1,39,1,0,0,0,0
1993,R,scott002,R,R,169,145,46,70,11,2,3,0,22,14,1,26,2,4,3,2,1
1993,R,scuds001,R,L,10,8,2,4,2,0,0,0,2,2,0,0,0,0,0,0,0
1993,R,scuds001,R,R,10,7,3,4,1,0,0,0,2,2,0,1,0,1,0,0,0
1993,R,seanr001,R,L,9,8,4,5,1,0,0,0,3,1,0,0,0,0,0,0,0
1993,R,seanr001,R,R,11,9,4,7,0,0,1,0,3,1,0,1,1,0,1,0,0
1993,R,seitk001,R,R,1,1,0,0,0,0,0,0,0,0,0,1,0,0,0,0,0
1993,R,selea001,R,L,254,218,50,68,12,0,2,0,16,33,1,44,6,0,1,2,0
1993,R,selea001,R,R,230,204,50,73,12,1,3,0,21,15,1,49,2,7,1,3,0
1993,R,semif001,R,L,120,101,29,45,5,1,3,0,21,13,3,13,0,1,3,2,0
1993,R,semif001,R,R,92,79,24,36,2,2,2,0,6,8,0,9,3,2,3,0,0
1993,R,servs001,R,L,84,65,15,28,2,4,1,0,10,13,4,9,3,2,0,4,0
1993,R,servs001,R,R,113,108,29,49,5,0,5,0,13,3,0,34,0,0,2,0,0
1993,R,shawj001,R,L,197,173,54,86,11,0,7,0,23,20,1,18,2,1,1,2,0
1993,R,shawj001,R,R,207,185,37,65,11,1,5,0,23,12,1,32,8,6,4,0,0
1993,R,shepk001,R,L,37,35,10,10,0,0,0,0,2,1,0,3,1,0,1,0,0
1993,R,shepk001,R,R,48,43,16,32,4,0,4,0,13,3,0,4,2,1,0,1,0
1993,R,shinz001,R,L,5,4,1,3,0,1,0,0,0,1,0,0,0,0,0,0,0
1993,R,shinz001,R,R,9,8,3,7,1,0,1,0,1,1,0,0,0,0,0,0,0
1993,R,shoub001,L,L,10,9,5,9,1,0,1,0,3,0,0,2,0,0,0,1,0
1993,R,shoub001,L,R,12,10,2,2,0,0,0,0,0,2,0,1,0,0,0,0,0
1993,R,sloch001,R,L,59,47,11,14,0,0,1,0,9,10,2,5,3,0,1,1,0
1993,R,sloch001,R,R,105,93,24,33,3,0,2,0,16,10,0,17,2,0,0,2,0
1993,R,slusj001,R,L,22,16,6,10,1,0,1,0,4,5,1,0,3,0,1,0,0
1993,R,slusj001,R,R,21,14,3,3,0,0,0,0,1,6,2,1,0,0,1,0,0
1993,R,smilj001,L,L,61,48,11,16,2,0,1,0,6,9,0,5,0,0,4,0,0
1993,R,smilj001,L,R,394,361,106,169,15,3,14,1,57,22,0,55,9,2,6,3,0
1993,R,smitb001,R,L,80,69,25,32,2,1,1,0,14,5,1,4,0,0,2,4,0
1993,R,smitb001,R,R,70,61,22,27,2,0,1,0,8,6,0,5,0,3,0,0,0
1993,R,smitl001,R,L,132,121,27,50,3,1,6,0,14,9,1,32,0,0,0,2,0
1993,R,smitl001,R,R,107,101,26,51,6,2,5,1,15,5,1,28,1,0,0,1,0
1993,R,smitp001,R,L,204,178,49,82,5,2,8,0,22,21,3,25,2,0,3,2,0
1993,R,smitp001,R,R,186,163,43,78,12,1,7,0,17,15,0,28,4,2,3,3,0
1993,R,smitr002,R,L,30,26,6,12,0,0,2,0,4,3,0,1,4,0,1,0,0
1993,R,smitr002,R,R,46,40,7,10,3,0,0,0,5,4,2,3,1,1,1,0,0
1993,R,smitz001,L,L,64,57,12,14,2,0,0,0,4,4,0,8,2,0,3,0,0
1993,R,smitz001,L,R,289,268,85,132,16,8,5,0,38,18,3,24,11,0,3,0,0
1993,R,smolj001,R,L,522,458,119,188,29,5,10,0,51,55,8,72,10,5,3,1,0
1993,R,smolj001,R,R,506,447,89,146,16,1,13,0,42,45,4,136,7,1,10,3,0
1993,R,spraj001,R,L,75,69,18,38,2,3,4,0,14,4,0,10,0,0,1,1,0
1993,R,spraj001,R,R,118,108,26,33,5,1,0,0,12,5,0,14,5,0,2,3,0
1993,R,sprir001,R,L,140,123,37,56,4,0,5,0,16,15,1,20,2,2,0,0,0
1993,R,sprir001,R,R,138,118,36,60,6,0,6,1,25,17,0,11,5,1,1,1,0
1993,R,stanm003,L,L,72,56,12,17,2,0,1,1,9,13,1,15,0,0,1,2,0
1993,R,stanm003,L,R,164,144,39,57,9,0,3,0,24,16,6,28,2,0,4,0,0
1993,R,stewd001,R,L,310,269,66,110,16,2,8,0,36,36,0,44,4,0,3,2,0
1993,R,stewd001,R,R,377,335,80,143,14,2,15,0,46,36,0,52,8,4,0,2,0
1993,R,stied001,R,L,57,45,10,11,1,0,0,0,6,10,0,5,2,0,1,1,0
1993,R,stied001,R,R,50,45,17,22,0,1,1,0,9,4,0,6,1,0,1,0,0
1993,R,stott001,R,L,431,376,114,169,28,3,7,0,50,46,5,49,6,0,4,5,0
1993,R,stott001,R,R,355,322,90,127,17,4,4,1,42,23,0,49,5,3,1,6,0
1993,R,sutcr001,R,L,391,342,105,163,19,3,11,0,43,42,3,35,7,3,2,2,0
1993,R,sutcr001,R,R,372,334,107,172,25,2,12,0,59,32,2,45,13,3,2,1,0
1993,R,swanr001,L,L,35,26,6,7,1,0,0,0,5,7,0,3,2,2,0,0,0
1993,R,swanr001,L,R,65,53,19,27,2,0,2,0,9,11,1,7,1,0,1,0,0
1993,R,swifb001,R,L,518,471,126,182,20,0,12,0,47,42,4,64,13,3,1,1,0
1993,R,swifb001,R,R,410,390,69,99,10,1,6,0,25,13,1,93,14,3,3,1,0
1993,R,swing001,L,L,134,123,40,66,11,3,3,0,11,8,0,18,2,0,2,1,0
1993,R,swing001,L,R,684,638,175,280,32,5,21,0,79,32,3,106,9,1,11,2,0
1993,R,swinp001,R,L,14,14,4,10,0,0,2,0,2,0,0,3,1,0,0,0,0
1993,R,swinp001,R,R,35,28,11,15,4,0,0,0,5,6,0,3,0,0,0,1,0
1993,R,tackj001,R,L,2,1,0,0,0,0,0,0,0,1,0,0,0,0,0,0,0
1993,R,tackj001,R,R,3,3,1,1,0,0,0,0,0,0,0,0,0,0,0,0,0
1993,R,tanaf001,L,L,170,156,38,58,8,0,4,0,10,9,0,35,1,1,3,1,0
1993,R,tanaf001,L,R,702,636,178,291,33,4,24,0,85,46,8,81,14,8,9,3,0
1993,R,tapak001,R,L,570,528,148,231,34,5,13,1,65,34,1,93,6,1,2,5,0
1993,R,tapak001,R,R,394,365,95,143,22,1,8,0,41,23,0,57,7,5,1,0,0
1993,R,tavaj001,R,L,78,70,24,33,3,0,2,0,11,6,2,7,4,1,0,1,0
1993,R,tavaj001,R,R,94,86,29,49,5,0,5,0,15,7,0,12,1,1,0,0,0
1993,R,taylk001,R,L,145,117,36,53,6,1,3,0,20,23,0,15,4,0,4,1,0
1993,R,taylk001,R,R,181,143,36,47,5,0,2,0,25,26,0,30,0,4,6,2,0
1993,R,tayls001,L,L,21,16,5,10,2,0,1,0,5,4,0,3,0,0,1,0,0
1993,R,tayls001,L,R,38,29,9,13,4,0,0,0,8,8,3,5,0,1,0,0,0
1993,R,telfa001,R,L,18,17,6,9,0,0,1,0,2,1,0,3,0,0,0,0,0
1993,R,telfa001,R,R,16,15,5,12,1,0,2,1,6,0,0,3,0,1,0,0,0
1993,R,telgd001,R,L,168,154,43,69,12,1,4,0,17,12,2,19,4,1,0,1,0
1993,R,telgd001,R,R,157,143,39,66,7,1,6,0,22,9,0,16,3,3,2,0,0
1993,R,tewkb001,R,L,455,432,135,180,19,4,6,0,41,10,0,47,8,1,6,6,0
1993,R,tewkb001,R,R,452,425,123,173,23,0,9,0,46,10,1,50,8,5,9,3,0
1993,R,thigb001,R,L,124,108,36,57,7,1,4,0,22,13,1,15,3,1,0,2,0
1993,R,thigb001,R,R,130,113,38,52,5,0,3,1,23,8,0,14,4,5,2,2,0
1993,R,timlm001,R,L,119,102,28,45,5,0,4,0,16,15,2,19,3,0,0,2,0
1993,R,timlm001,R,R,135,120,35,45,1,0,3,0,20,12,1,30,2,1,1,1,0
1993,R,tolif001,R,L,45,42,12,16,1,0,1,0,7,1,0,9,3,1,0,1,0
1993,R,tolif001,R,R,45,33,8,12,1,0,1,0,6,7,0,5,0,1,2,2,0
1993,R,tomlr001,L,L,78,73,23,37,7,2,1,0,13,2,0,10,1,1,1,1,0
1993,R,tomlr001,L,R,333,302,86,145,23,3,10,0,39,13,0,34,7,4,7,7,0
1993,R,torrs001,R,L,102,82,14,28,2,0,4,0,11,17,3,11,2,0,2,1,0
1993,R,torrs001,R,R,94,78,23,31,5,0,1,0,7,10,0,12,1,1,5,0,0
1993,R,tracs001,R,L,43,40,6,10,1,0,1,0,2,2,0,8,0,0,1,0,0
1993,R,tracs001,R,R,35,33,10,23,2,1,3,0,6,1,0,6,1,0,0,1,0
1993,R,trlir001,R,L,130,119,37,51,9,1,1,0,20,9,2,14,3,1,1,0,0
1993,R,trlir001,R,R,137,123,22,36,4,2,2,0,15,12,2,27,6,1,1,0,0
1993,R,tromm001,R,L,262,222,71,122,18,3,9,1,40,31,2,40,3,1,1,6,1
1993,R,tromm001,R,R,244,229,60,99,15,3,6,0,33,10,2,45,7,2,2,1,0
1993,R,tsamg001,L,L,100,90,31,48,5,0,4,0,22,6,0,9,3,3,1,0,0
1993,R,tsamg001,L,R,209,181,55,84,12,1,5,0,29,21,5,21,7,0,1,6,0
1993,R,turnm001,R,L,131,114,29,47,7,1,3,0,16,16,6,23,1,0,0,1,0
1993,R,turnm001,R,R,148,128,26,41,3,0,4,0,17,10,3,36,1,1,6,3,0
1993,R,urbat001,L,L,46,37,7,10,0,0,1,0,8,6,1,7,2,0,2,1,0
1993,R,urbat001,L,R,237,210,66,97,16,3,3,0,27,20,1,26,4,0,2,5,0
1993,R,valds001,R,L,8,7,3,4,1,0,0,0,2,1,0,0,0,0,0,0,0
1993,R,valds001,R,R,6,6,1,4,0,0,1,0,2,0,0,2,0,0,0,0,0
1993,R,valef001,L,L,142,122,34,58,10,1,4,0,19,19,0,22,3,0,0,1,0
1993,R,valef001,L,R,626,552,145,231,34,5,14,0,68,60,2,56,17,4,4,6,0
1993,R,valej001,R,L,123,106,42,62,6,1,4,0,20,12,2,8,7,1,3,1,0
1993,R,valej001,R,R,123,118,35,55,8,0,4,0,17,3,0,20,1,1,1,0,0
1993,R,vanpt001,R,L,207,166,40,67,8,2,5,1,29,39,0,25,2,1,0,1,0
1993,R,vanpt001,R,R,173,147,36,60,9,0,5,0,16,23,0,22,4,1,1,1,0
1993,R,violf001,L,L,135,120,34,49,8,2,1,1,8,13,0,11,3,0,0,2,0
1993,R,violf001,L,R,652,574,146,209,24,3,11,0,55,59,5,80,12,6,8,5,0
1993,R,wagnp001,R,L,300,269,80,118,13,2,7,0,35,25,2,49,6,0,2,4,0
1993,R,wagnp001,R,R,299,274,63,95,8,0,8,0,30,17,0,65,3,1,4,3,0
1993,R,waind001,R,L,7,6,3,6,0,0,1,0,5,1,0,2,0,0,0,0,0
1993,R,waind001,R,R,13,8,4,5,1,0,0,0,4,4,0,0,0,1,0,0,0
1993,R,waket001,R,L,261,205,55,88,14,2,5,0,35,45,2,26,5,5,4,1,1
1993,R,waket001,R,R,334,293,90,139,20,1,9,0,40,30,0,33,7,4,3,4,0
1993,R,walkb001,R,L,443,391,107,174,25,3,12,1,57,45,4,45,14,0,3,4,0
1993,R,walkb001,R,R,379,337,107,155,11,2,11,0,51,25,1,35,9,5,7,5,0
1993,R,waltb001,R,L,13,13,4,7,0,0,1,0,2,0,0,0,0,0,0,0,0
1993,R,waltb001,R,R,19,14,7,8,1,0,0,0,3,3,0,0,0,0,2,0,0
1993,R,wardd001,R,L,142,123,26,35,3,0,2,0,11,18,2,47,4,0,0,1,0
1993,R,wardd001,R,R,140,131,23,32,3,0,2,0,13,7,0,50,3,1,0,1,0
1993,R,watsa001,L,L,57,47,11,15,1,0,1,0,5,7,0,6,1,0,3,0,0
1993,R,watsa001,L,R,316,285,79,132,17,3,10,0,37,21,2,43,4,3,3,4,0
1993,R,wayng001,L,L,111,98,26,49,4,5,3,0,21,7,0,23,2,1,1,4,0
1993,R,wayng001,L,R,172,148,42,69,10,1,5,0,25,19,8,26,4,0,2,3,0
1993,R,weatd001,R,L,105,97,30,45,10,1,1,0,7,7,1,15,1,0,1,0,0
1993,R,weatd001,R,R,97,89,27,37,4,0,2,0,16,6,0,19,4,1,1,0,0
1993,R,wegmb001,R,L,243,221,72,109,14,4,5,0,28,13,5,18,6,2,0,7,0
1993,R,wegmb001,R,R,271,243,63,110,21,1,8,0,33,21,0,32,7,0,3,4,0
1993,R,welcb001,R,L,416,373,115,177,23,3,11,0,50,31,3,36,7,2,8,2,0
1993,R,welcb001,R,R,330,297,93,152,13,2,14,0,41,25,2,27,12,5,2,1,0
1993,R,welld001,L,L,127,111,27,39,4,1,2,0,7,9,0,21,3,4,2,1,0
1993,R,welld001,L,R,649,610,156,261,29,2,24,1,71,33,6,118,11,3,1,2,0
1993,R,wendt001,R,L,48,43,16,20,4,0,0,0,5,4,1,7,0,0,1,0,0
1993,R,wendt001,R,R,50,45,8,8,0,0,0,0,2,4,0,8,2,0,1,0,0
1993,R,wertb001,R,L,118,103,22,33,5,0,2,0,13,15,2,21,0,0,0,0,0
1993,R,wertb001,R,R,144,124,32,45,4,0,3,0,15,17,0,32,3,1,1,1,0
1993,R,westd001,L,L,107,81,16,26,2,1,2,0,12,23,0,25,4,3,0,0,0
1993,R,westd001,L,R,268,228,44,65,9,0,4,0,33,28,4,62,3,2,8,2,0
1993,R,westm001,R,L,12,11,3,4,1,0,0,0,2,1,0,2,0,0,0,0,0
1993,R,westm001,R,R,18,17,8,8,0,0,0,0,3,0,0,0,0,1,0,0,0
1993,R,wettj001,R,L,198,177,31,47,5,1,3,0,15,18,3,69,0,1,1,1,0
1993,R,wettj001,R,R,146,131,27,38,5,3,0,0,8,10,0,44,0,1,4,0,0
1993,R,whitm002,R,L,93,84,25,30,5,0,0,0,6,7,3,9,3,1,0,1,0
1993,R,whitm002,R,R,212,194,53,81,5,1,7,0,27,16,3,30,7,0,2,0,0
1993,R,whitw001,R,L,218,189,52,82,8,2,6,0,23,23,3,23,8,0,2,4,0
1993,R,whitw001,R,R,223,206,57,86,12,1,5,0,21,7,2,34,3,3,3,4,0
1993,R,wickb001,R,L,288,250,71,108,19,0,6,0,34,37,6,30,10,1,0,0,0
1993,R,wickb001,R,R,341,300,85,126,12,4,7,0,42,32,1,40,7,4,4,1,0
1993,R,wickk001,L,L,72,58,16,26,1,0,3,0,14,13,0,13,0,1,0,0,0
1993,R,wickk001,L,R,98,87,31,55,5,2,5,0,19,9,1,10,0,1,1,0,0
1993,R,willb001,R,L,156,133,32,49,5,0,4,0,15,19,3,32,1,2,2,0,0
1993,R,willb001,R,R,201,174,44,66,9,2,3,0,24,19,1,24,5,2,3,3,0
1993,R,willc001,R,L,100,89,26,40,8,0,2,0,16,10,5,15,2,0,1,0,0
1993,R,willc001,R,R,136,127,30,44,12,1,0,0,23,7,0,29,4,0,1,1,0
1993,R,willm002,L,L,50,40,10,10,0,0,0,0,4,5,0,12,1,1,3,1,0
1993,R,willm002,L,R,231,189,46,64,9,0,3,0,25,39,1,48,6,1,1,1,0
1993,R,willm004,R,L,153,141,36,52,7,0,3,0,16,12,5,22,4,0,0,0,0
1993,R,willm004,R,R,233,208,70,94,18,0,2,0,31,13,3,23,6,0,6,6,0
1993,R,willm005,R,L,108,94,22,41,5,1,4,0,13,14,2,12,1,0,0,0,0
1993,R,willm005,R,R,113,104,28,40,7,1,1,0,16,8,0,21,1,0,1,0,0
1993,R,willw001,R,L,71,58,14,16,2,0,0,0,4,12,3,7,1,0,1,0,0
1993,R,willw001,R,R,101,88,26,37,5,0,2,0,15,10,0,17,2,1,1,1,0
1993,R,wilss001,L,L,53,46,14,18,2,1,0,0,4,6,1,10,0,1,0,0,0
1993,R,wilss001,L,R,67,58,16,25,3,0,2,0,10,8,3,13,1,0,1,0,0
1993,R,wilst002,L,L,89,81,14,21,4,0,1,0,6,4,0,11,2,2,1,1,0
1993,R,wilst002,L,R,366,319,96,131,10,2,7,0,35,36,3,46,16,4,5,2,0
1993,R,wittb001,R,L,479,430,120,179,32,3,7,0,48,45,4,57,12,2,1,1,0
1993,R,wittb001,R,R,471,409,106,150,15,1,9,2,48,46,1,74,14,1,8,7,0
1993,R,wittm001,R,L,93,75,16,24,2,0,2,1,11,16,0,10,0,1,1,0,0
1993,R,wittm001,R,R,90,82,23,41,3,0,5,0,11,6,0,20,0,2,0,0,0
1993,R,wohlm001,R,L,85,71,16,20,1,0,1,0,9,12,3,18,0,0,2,0,0
1993,R,wohlm001,R,R,114,99,21,30,6,0,1,0,15,10,0,27,4,1,3,1,0
1993,R,worrt001,R,L,95,80,25,43,6,0,4,0,18,8,1,19,3,0,3,4,0
1993,R,worrt001,R,R,72,67,21,29,2,0,2,0,10,3,0,12,2,0,0,2,0
1993,R,worrt002,R,L,227,192,52,74,5,1,5,0,26,27,3,20,3,0,5,3,0
1993,R,worrt002,R,R,216,195,52,83,11,1,6,0,32,16,2,32,3,0,3,2,0
1993,R,youna001,R,L,221,186,49,73,9,0,5,0,31,27,8,33,3,0,6,2,0
1993,R,youna001,R,R,224,202,54,68,3,1,3,1,29,15,1,29,10,1,5,1,0
1993,R,younc001,L,L,13,12,4,5,1,0,0,0,0,1,0,2,0,0,0,0,0
1993,R,younc001,L,R,51,46,10,25,0,0,5,0,6,5,0,2,0,0,0,0,0
1993,R,younc002,L,L,59,57,18,20,2,0,0,0,8,1,0,5,2,1,0,0,0
1993,R,younc002,L,R,212,191,56,93,10,0,9,0,30,17,1,26,3,2,1,1,0
1993,R,younm001,L,L,73,60,13,16,0,0,1,0,6,11,0,19,2,1,1,0,0
1993,R,younm001,L,R,274,222,62,94,11,0,7,0,29,46,0,46,6,2,3,1,0
1993,R,younp001,R,L,6,6,2,5,0,0,1,0,1,0,0,2,0,0,0,0,0
1993,R,younp001,R,R,14,13,2,3,1,0,0,0,1,0,0,1,0,0,1,0,0
1993,W,andel001,R,L,9,6,2,4,0,1,0,0,2,2,1,1,0,1,0,0,0
1993,W,andel001,R,R,11,10,2,2,0,0,0,0,0,1,0,2,0,0,0,0,0
1993,W,castt001,L,L,13,11,3,6,0,0,1,0,3,1,0,0,0,1,0,0,0
1993,W,castt001,L,R,7,5,3,4,1,0,0,0,0,2,0,1,0,0,0,0,0
1993,W,cox-d001,R,L,18,13,4,4,0,0,0,0,1,5,0,6,1,0,0,0,0
1993,W,cox-d001,R,R,2,2,2,2,0,0,0,0,1,0,0,0,0,0,0,0,0
1993,W,eichm001,R,L,1,0,0,0,0,0,0,0,0,1,0,0,0,0,0,0,0
1993,W,eichm001,R,R,2,2,1,1,0,0,0,0,0,0,0,0,0,0,0,0,0
1993,W,greet001,R,L,9,6,3,3,0,0,0,0,3,3,0,1,0,0,0,0,0
1993,W,greet001,R,R,8,7,4,5,1,0,0,0,2,1,0,0,0,0,0,0,0
1993,W,guzmj003,R,L,41,33,7,9,2,0,0,0,5,8,2,7,0,0,0,0,0
1993,W,guzmj003,R,R,12,11,3,5,0,1,0,0,0,0,0,5,1,0,1,0,0
1993,W,hentp001,R,L,17,14,4,5,1,0,0,0,1,3,0,3,0,0,0,0,0
1993,W,hentp001,R,R,8,8,1,1,0,0,0,0,0,0,0,3,1,0,0,0,0
1993,W,jackd001,L,R,22,20,6,11,0,1,1,0,4,1,0,1,0,0,0,1,0
1993,W,leita001,L,L,19,18,6,14,2,0,2,0,5,1,0,4,1,0,0,0,0
1993,W,leita001,L,R,16,14,6,6,0,0,0,0,2,1,0,1,0,0,0,1,0
1993,W,masor001,R,L,11,11,3,4,1,0,0,0,2,0,0,5,0,0,0,0,0
1993,W,masor001,R,R,17,16,1,2,1,0,0,0,0,1,0,2,0,0,0,0,0
1993,W,mulht001,L,L,6,6,1,2,1,0,0,0,0,0,0,0,0,0,0,0,0
1993,W,mulht001,L,R,42,37,13,24,3,1,2,0,8,3,0,5,0,0,0,2,0
1993,W,riveb001,R,L,4,3,3,5,0,1,0,0,3,0,0,0,0,0,0,1,0
1993,W,riveb001,R,R,6,4,1,2,1,0,0,0,0,2,0,3,0,0,0,0,0
1993,W,schic002,R,L,28,25,5,11,0,0,2,0,3,3,0,5,2,0,0,0,0
1993,W,schic002,R,R,33,30,8,8,0,0,0,0,2,2,0,4,1,0,0,1,0
1993,W,stewd001,R,L,43,36,8,15,1,0,2,0,9,7,0,4,0,0,0,0,0
1993,W,stewd001,R,R,12,11,2,2,0,0,0,0,0,1,0,4,0,0,0,0,0
1993,W,stott001,R,L,10,6,2,7,0,1,1,0,6,4,0,1,0,0,0,0,0
1993,W,stott001,R,R,3,3,1,1,0,0,0,0,0,0,0,0,0,0,0,0,0
1993,W,thigb001,R,L,4,3,0,0,0,0,0,0,0,1,0,0,0,0,0,0,0
1993,W,thigb001,R,R,6,4,1,2,1,0,0,0,1,0,0,0,0,1,0,1,0
1993,W,timlm001,R,L,7,7,2,2,0,0,0,0,0,0,0,3,1,0,0,0,0
1993,W,timlm001,R,R,1,1,0,0,0,0,0,0,0,0,0,1,0,0,0,0,0
1993,W,wardd001,R,L,13,13,3,6,0,0,1,0,2,0,0,5,0,0,0,0,0
1993,W,wardd001,R,R,4,4,0,0,0,0,0,0,0,0,0,2,0,0,0,0,0
1993,W,westd001,L,L,2,1,1,1,0,0,0,0,0,1,0,0,0,0,0,0,0
1993,W,westd001,L,R,8,7,4,7,3,0,0,0,5,0,0,0,0,1,0,0,0
1993,W,willm002,L,L,1,0,0,0,0,0,0,0,1,0,0,0,0,0,0,1,0
1993,W,willm002,L,R,14,10,5,10,0,1,1,0,8,4,0,1,1,0,0,0,0
